id,Data E Hora,SN,Machine Type,Main CPU Firmware Version,Secondary CPU Firmware Version,Grid Voltage,Grid Frequency,PV1 Input Voltage,PV2 Input voltage,PV1 Charging Power,PV2 Charging power,Battery Voltage,Battery Capacity,Battery Charging Current,Battery Discharge Current,AC Output Voltage,AC Output Frequency,AC Output Apparent Power,AC Output Active Power,Output Load Percent,Grid Rating Voltage,Grid Rating Current,Battery Rating Voltage,AC Output Rating Voltage,AC Output Rating Current,AC Output Rating Frequency,AC Output Rating Apparent Power,AC Output Rating Active Power,Battery Re-Charge Voltage,Battery Bulk Voltage,Battery Float Voltage,Battery Type,Max AC Charging Current,Max Charging Current,AC Input Range,Output Source Priority,Charger Source Priority,Parallel Max Num,Battery Re-Discharge Voltage,BUS Voltage,PV1 Input Current,Battery Voltage From SCC,Load Status,PV2 Input current,Model,Total generation,Inverter Fault,serial_number,alias,system_type
112bb24e7a1c8b063c3f529d41c98e51,2026-02-19 21:24:58,00202507001060,Off Grid,00073.08,00012.29,232.6,49.9,0.0,381.4,0,696,0.0,91,0,0,232.6,49.9,6884,6835,62,230.0,47.8,48.0,230.0,47.8,50.0,11000,11000,48.0,58.4,58.4,User,60.0,20.0,Appliance,Solar Utility Bat,Solar + Utility,6,54.0,390,0,0.0,Load on,1.8,Line Mode,434200,0,00202507000200,OG-002,offgrid
241e1046bc5d1f020e0a344cb6f6bae6,2026-02-19 21:29:56,00202507001060,Off Grid,00073.08,00012.29,228.8,50.0,0.0,386.9,0,586,0.0,91,0,0,228.8,50.0,6841,6822,62,230.0,47.8,48.0,230.0,47.8,50.0,11000,11000,48.0,58.4,58.4,User,60.0,20.0,Appliance,Solar Utility Bat,Solar + Utility,6,54.0,397,0,0.0,Load on,1.5,Line Mode,434200,0,00202507000200,OG-002,offgrid
6712200693a992ee7e417176447e4fbb,2026-02-19 21:34:57,00202507001060,Off Grid,00073.08,00012.29,228.9,50.0,0.0,393.5,0,603,0.0,91,0,0,228.9,50.0,6844,6796,62,230.0,47.8,48.0,230.0,47.8,50.0,11000,11000,48.0,58.4,58.4,User,60.0,20.0,Appliance,Solar Utility Bat,Solar + Utility,6,54.0,394,0,0.0,Load on,1.5,Line Mode,434200,0,00202507000200,OG-002,offgrid
591fb4983417544248af2a9dd9830697,2026-02-19 21:54:54,00202507001060,Off Grid,00073.08,00012.29,231.4,49.8,0.0,394.5,0,612,0.0,91,0,0,231.4,49.8,6895,6834,62,230.0,47.8,48.0,230.0,47.8,50.0,11000,11000,48.0,58.4,58.4,User,60.0,20.0,Appliance,Solar Utility Bat,Solar + Utility,6,54.0,404,0,0.0,Load on,1.5,Line Mode,436000,0,00202507000200,OG-002,offgrid
79201213a87c8fc4008cb5af7f85dfd7,2026-02-19 21:59:54,00202507001060,Off Grid,00073.08,00012.29,230.2,49.9,0.0,389.9,0,565,0.0,91,0,0,230.2,49.9,6929,6893,62,230.0,47.8,48.0,230.0,47.8,50.0,11000,11000,48.0,58.4,58.4,User,60.0,20.0,Appliance,Solar Utility Bat,Solar + Utility,6,54.0,399,0,0.0,Load on,1.4,Line Mode,436000,0,00202507000200,OG-002,offgrid
17761fd28b0e60b560f4c4d08a288778,2026-02-19 22:04:55,00202507001060,Off Grid,00073.08,00012.29,232.2,49.9,0.0,392.6,0,506,0.0,91,0,0,232.2,49.9,5596,5498,50,230.0,47.8,48.0,230.0,47.8,50.0,11000,11000,48.0,58.4,58.4,User,60.0,20.0,Appliance,Solar Utility Bat,Solar + Utility,6,54.0,401,0,0.0,Load on,1.2,Line Mode,436000,0,00202507000200,OG-002,offgrid
2679145dba2eac022a4fc14f4a36aae1,2026-02-19 22:20:01,00202507001060,Off Grid,00073.08,00012.29,233.8,50.0,0.0,398.9,0,706,0.0,91,0,0,233.8,50.0,5496,5392,49,230.0,47.8,48.0,230.0,47.8,50.0,11000,11000,48.0,58.4,58.4,User,60.0,20.0,Appliance,Solar Utility Bat,Solar + Utility,6,54.0,409,0,0.0,Load on,1.7,Line Mode,436000,0,00202507000200,OG-002,offgrid
66ae3d1d683d33d20e3f67c5c9794b0a,2026-02-19 22:25:01,00202507001060,Off Grid,00073.08,00012.29,232.8,50.0,0.0,389.1,0,461,0.0,91,0,0,232.8,50.0,5517,5383,50,230.0,47.8,48.0,230.0,47.8,50.0,11000,11000,48.0,58.4,58.4,User,60.0,20.0,Appliance,Solar Utility Bat,Solar + Utility,6,54.0,399,0,0.0,Load on,1.1,Line Mode,436000,0,00202507000200,OG-002,offgrid
53adbfba85cd2ae47aa82123e32fe92b,2026-02-19 22:34:54,00202507001060,Off Grid,00073.08,00012.29,232.0,49.9,0.0,380.5,0,351,0.0,91,0,0,232.0,49.9,5405,5304,49,230.0,47.8,48.0,230.0,47.8,50.0,11000,11000,48.0,58.4,58.4,User,60.0,20.0,Appliance,Solar Utility Bat,Solar + Utility,6,54.0,390,0,0.0,Load on,0.9,Line Mode,436000,0,00202507000200,OG-002,offgrid
6dae672e4052379336bb717e465c162c,2026-02-19 22:39:53,00202507001060,Off Grid,00073.08,00012.29,231.9,49.9,0.0,381.9,0,295,0.0,91,0,0,231.9,49.9,5449,5290,49,230.0,47.8,48.0,230.0,47.8,50.0,11000,11000,48.0,58.4,58.4,User,60.0,20.0,Appliance,Solar Utility Bat,Solar + Utility,6,54.0,393,0,0.0,Load on,0.7,Line Mode,436500,0,00202507000200,OG-002,offgrid
5706fe1cf749cb1555690233e486f656,2026-02-19 22:44:51,00202507001060,Off Grid,00073.08,00012.29,233.6,49.9,0.0,401.7,0,562,0.0,91,0,0,233.6,49.9,5489,5386,49,230.0,47.8,48.0,230.0,47.8,50.0,11000,11000,48.0,58.4,58.4,User,60.0,20.0,Appliance,Solar Utility Bat,Solar + Utility,6,54.0,411,0,0.0,Load on,1.3,Line Mode,436500,0,00202507000200,OG-002,offgrid
262b561e6870b3777fadc6a150d584d9,2026-02-19 22:49:51,00202507001060,Off Grid,00073.08,00012.29,231.7,50.0,0.0,399.2,0,511,0.0,91,0,0,231.7,50.0,5514,5400,50,230.0,47.8,48.0,230.0,47.8,50.0,11000,11000,48.0,58.4,58.4,User,60.0,20.0,Appliance,Solar Utility Bat,Solar + Utility,6,54.0,410,0,0.0,Load on,1.2,Line Mode,436500,0,00202507000200,OG-002,offgrid
1f4e546604186c694c4fe0ba0dcb0331,2026-02-19 22:54:50,00202507001060,Off Grid,00073.08,00012.29,230.3,49.9,0.0,376.6,0,249,0.0,91,0,0,230.3,49.9,5504,5393,50,230.0,47.8,48.0,230.0,47.8,50.0,11000,11000,48.0,58.4,58.4,User,60.0,20.0,Appliance,Solar Utility Bat,Solar + Utility,6,54.0,387,0,0.0,Load on,0.6,Line Mode,436500,0,00202507000200,OG-002,offgrid
5f9c5501280bad2068bf6ccb7f034f9f,2026-02-19 23:04:50,00202507001060,Off Grid,00073.08,00012.29,226.7,49.9,0.0,89.9,0,41,0.0,91,0,0,226.7,49.9,5418,5293,49,230.0,47.8,48.0,230.0,47.8,50.0,11000,11000,48.0,58.4,58.4,User,60.0,20.0,Appliance,Solar Utility Bat,Solar + Utility,6,54.0,356,0,0.0,Load on,0.4,Line Mode,436500,0,00202507000200,OG-002,offgrid
560cb9a12129a184221cfc25e048722e,2026-02-20 23:58:02,00202507001060,Off Grid,00073.08,00012.29,223.9,50.0,0.0,67.2,0,0,0.0,91,0,0,223.9,50.0,5642,5598,51,230.0,47.8,48.0,230.0,47.8,50.0,11000,11000,48.0,58.4,58.4,User,60.0,20.0,Appliance,Solar Utility Bat,Solar + Utility,6,54.0,352,0,0.0,Load on,0.0,Line Mode,448300,0,00202507000200,OG-002,offgrid
44b78c6722a13910633428363b8f4105,2026-02-21 07:39:19,00202507001060,Off Grid,00073.08,00012.29,228.3,49.8,0.0,0.0,0,0,0.0,91,0,0,228.3,49.8,6392,6316,58,230.0,47.8,48.0,230.0,47.8,50.0,11000,11000,48.0,58.4,58.4,User,60.0,20.0,Appliance,Solar Utility Bat,Solar + Utility,6,54.0,359,0,0.0,Load on,0.0,Line Mode,448300,0,00202507000200,OG-002,offgrid
52f56982312a6cc51768da52bcb9fa41,2026-02-21 11:33:13,00202507001060,Off Grid,00073.08,00012.29,229.4,50.0,0.0,0.0,0,0,0.0,91,0,0,229.4,50.0,6400,6365,58,230.0,47.8,48.0,230.0,47.8,50.0,11000,11000,48.0,58.4,58.4,User,60.0,20.0,Appliance,Solar Utility Bat,Solar + Utility,6,54.0,360,0,0.0,Load on,0.0,Line Mode,448300,0,00202507000200,OG-002,offgrid
5da2d258d08db3cc701e67da6cbc7778,2026-02-21 11:38:11,00202507001060,Off Grid,00073.08,00012.29,229.2,49.9,0.0,0.0,0,0,0.0,91,0,0,229.2,49.9,6348,6248,57,230.0,47.8,48.0,230.0,47.8,50.0,11000,11000,48.0,58.4,58.4,User,60.0,20.0,Appliance,Solar Utility Bat,Solar + Utility,6,54.0,360,0,0.0,Load on,0.0,Line Mode,448300,0,00202507000200,OG-002,offgrid
321daff41d2138917e78cd5a1d5c9b14,2026-02-21 11:53:06,00202507001060,Off Grid,00073.08,00012.29,231.2,49.9,0.0,0.0,0,0,0.0,91,0,0,231.2,49.9,5595,5498,50,230.0,47.8,48.0,230.0,47.8,50.0,11000,11000,48.0,58.4,58.4,User,60.0,20.0,Appliance,Solar Utility Bat,Solar + Utility,6,54.0,363,0,0.0,Load on,0.0,Line Mode,448300,0,00202507000200,OG-002,offgrid
60860fcacd677b8b5a9606b317b33cad,2026-02-21 12:03:07,00202507001060,Off Grid,00073.08,00012.29,229.0,49.8,0.0,0.0,0,0,0.0,91,0,0,229.0,49.8,5633,5529,51,230.0,47.8,48.0,230.0,47.8,50.0,11000,11000,48.0,58.4,58.4,User,60.0,20.0,Appliance,Solar Utility Bat,Solar + Utility,6,54.0,360,0,0.0,Load on,0.0,Line Mode,448300,0,00202507000200,OG-002,offgrid
3cecfd7df0a3df317e800eaaa2cd68c3,2026-02-21 12:08:08,00202507001060,Off Grid,00073.08,00012.29,232.7,50.0,0.0,0.0,0,0,0.0,91,0,0,232.7,50.0,4584,4448,41,230.0,47.8,48.0,230.0,47.8,50.0,11000,11000,48.0,58.4,58.4,User,60.0,20.0,Appliance,Solar Utility Bat,Solar + Utility,6,54.0,365,0,0.0,Load on,0.0,Line Mode,448300,0,00202507000200,OG-002,offgrid
1f49c49aed6f26ee1adac32f80b76d22,2026-02-21 12:23:08,00202507001060,Off Grid,00073.08,00012.29,233.1,50.0,0.0,0.0,0,0,0.0,91,0,0,233.1,50.0,4568,4418,41,230.0,47.8,48.0,230.0,47.8,50.0,11000,11000,48.0,58.4,58.4,User,60.0,20.0,Appliance,Solar Utility Bat,Solar + Utility,6,54.0,365,0,0.0,Load on,0.0,Line Mode,448300,0,00202507000200,OG-002,offgrid
759decfb046e33942d9f90d81f4ce99c,2026-02-21 12:28:10,00202507001060,Off Grid,00073.08,00012.29,232.2,49.9,0.0,0.0,0,0,0.0,91,0,0,232.2,49.9,4481,4293,40,230.0,47.8,48.0,230.0,47.8,50.0,11000,11000,48.0,58.4,58.4,User,60.0,20.0,Appliance,Solar Utility Bat,Solar + Utility,6,54.0,364,0,0.0,Load on,0.0,Line Mode,448300,0,00202507000200,OG-002,offgrid
5cc623076720c5161f86aa9510a2f86a,2026-02-21 12:30:40,00202507001060,Off Grid,00073.08,00012.29,232.7,49.9,0.0,0.0,0,0,0.0,91,0,0,232.7,49.9,4793,4629,43,230.0,47.8,48.0,230.0,47.8,50.0,11000,11000,48.0,58.4,58.4,User,60.0,20.0,Appliance,Solar Utility Bat,Solar + Utility,6,54.0,365,0,0.0,Load on,0.0,Line Mode,448300,0,00202507000200,OG-002,offgrid
6009309c957db8990f0e0846c7744d86,2026-02-21 12:45:19,00202507001060,Off Grid,00073.08,00012.29,231.4,49.9,0.0,0.0,0,0,0.0,91,0,0,231.4,49.9,4651,4534,42,230.0,47.8,48.0,230.0,47.8,50.0,11000,11000,48.0,58.4,58.4,User,60.0,20.0,Appliance,Solar Utility Bat,Solar + Utility,6,54.0,363,0,0.0,Load on,0.0,Line Mode,448300,0,00202507000200,OG-002,offgrid
5a5ee08e71cb25f82a409c260a86c257,2026-02-21 12:50:11,00202507001060,Off Grid,00073.08,00012.29,232.9,49.9,0.0,90.0,0,35,0.0,91,0,0,232.9,49.9,4727,4638,42,230.0,47.8,48.0,230.0,47.8,50.0,11000,11000,48.0,58.4,58.4,User,60.0,20.0,Appliance,Solar Utility Bat,Solar + Utility,6,54.0,365,0,0.0,Load on,0.3,Line Mode,448300,0,00202507000200,OG-002,offgrid
0611860f8784a68f0207645885b3a855,2026-02-21 13:04:50,00202507001060,Off Grid,00073.08,00012.29,232.7,50.0,0.0,104.4,0,66,0.0,91,0,0,232.7,50.0,4211,4077,38,230.0,47.8,48.0,230.0,47.8,50.0,11000,11000,48.0,58.4,58.4,User,60.0,20.0,Appliance,Solar Utility Bat,Solar + Utility,6,54.0,365,0,0.0,Load on,0.6,Line Mode,448300,0,00202507000200,OG-002,offgrid
5df8bfaf84c5232f51a38b80e3a5e325,2026-02-21 13:09:43,00202507001060,Off Grid,00073.08,00012.29,233.9,50.0,0.0,103.3,0,73,0.0,91,0,0,233.9,50.0,4069,3826,36,230.0,47.8,48.0,230.0,47.8,50.0,11000,11000,48.0,58.4,58.4,User,60.0,20.0,Appliance,Solar Utility Bat,Solar + Utility,6,54.0,367,0,0.0,Load on,0.7,Line Mode,448300,0,00202507000200,OG-002,offgrid
3804713f0e3510b605e8024974dd5e33,2026-02-21 13:19:34,00202507001060,Off Grid,00073.08,00012.29,232.3,50.0,0.0,103.9,0,66,0.0,91,0,0,232.3,50.0,4134,4001,37,230.0,47.8,48.0,230.0,47.8,50.0,11000,11000,48.0,58.4,58.4,User,60.0,20.0,Appliance,Solar Utility Bat,Solar + Utility,6,54.0,364,0,0.0,Load on,0.6,Line Mode,448300,0,00202507000200,OG-002,offgrid
04b11ba1510f964f5470bc6286867308,2026-02-21 13:29:23,00202507001060,Off Grid,00073.08,00012.29,230.1,49.9,0.0,104.7,0,118,0.0,91,0,0,230.1,49.9,4325,4210,39,230.0,47.8,48.0,230.0,47.8,50.0,11000,11000,48.0,58.4,58.4,User,60.0,20.0,Appliance,Solar Utility Bat,Solar + Utility,6,54.0,361,0,0.0,Load on,1.1,Line Mode,448300,0,00202507000200,OG-002,offgrid
0af7b3da2f4542356c7f38b75e4b2d18,2026-02-21 13:39:11,00202507001060,Off Grid,00073.08,00012.29,235.5,50.0,0.0,252.6,0,597,0.0,91,0,0,235.5,50.0,3956,3803,35,230.0,47.8,48.0,230.0,47.8,50.0,11000,11000,48.0,58.4,58.4,User,60.0,20.0,Appliance,Solar Utility Bat,Solar + Utility,6,54.0,369,0,0.0,Load on,2.3,Line Mode,448400,0,00202507000200,OG-002,offgrid
0636c14afa764ac2580b7a37d27e779d,2026-02-21 13:44:04,00202507001060,Off Grid,00073.08,00012.29,236.1,49.9,0.0,258.8,0,580,0.0,91,0,0,236.1,49.9,3851,3710,35,230.0,47.8,48.0,230.0,47.8,50.0,11000,11000,48.0,58.4,58.4,User,60.0,20.0,Appliance,Solar Utility Bat,Solar + Utility,6,54.0,370,0,0.0,Load on,2.2,Line Mode,448400,0,00202507000200,OG-002,offgrid
695984e23b59824c0efb5d2c18f5ef76,2026-02-21 13:48:58,00202507001060,Off Grid,00073.08,00012.29,234.1,49.9,0.0,386.1,0,523,0.0,91,0,0,234.1,49.9,4003,3922,36,230.0,47.8,48.0,230.0,47.8,50.0,11000,11000,48.0,58.4,58.4,User,60.0,20.0,Appliance,Solar Utility Bat,Solar + Utility,6,54.0,396,0,0.0,Load on,1.3,Line Mode,448400,0,00202507000200,OG-002,offgrid
2a7947d93e59eb8c3f908f8207154a63,2026-02-21 13:53:51,00202507001060,Off Grid,00073.08,00012.29,238.1,50.0,0.0,379.6,0,990,0.0,91,0,0,238.1,50.0,3547,3349,32,230.0,47.8,48.0,230.0,47.8,50.0,11000,11000,48.0,58.4,58.4,User,60.0,20.0,Appliance,Solar Utility Bat,Solar + Utility,6,54.0,388,0,0.0,Load on,2.6,Line Mode,448400,0,00202507000200,OG-002,offgrid
4bea97751370b953537ae27c48858ae8,2026-02-21 14:03:36,00202507001060,Off Grid,00073.08,00012.29,237.7,49.9,0.0,373.3,0,944,0.0,91,0,0,237.7,49.9,3446,3340,31,230.0,47.8,48.0,230.0,47.8,50.0,11000,11000,48.0,58.4,58.4,User,60.0,20.0,Appliance,Solar Utility Bat,Solar + Utility,6,54.0,384,0,0.0,Load on,2.5,Line Mode,448400,0,00202507000200,OG-002,offgrid
0d28f31ed6830ba82e695a00e9be087e,2026-02-21 14:37:44,00202507001060,Off Grid,00073.08,00012.29,242.2,49.9,0.0,418.6,0,1484,0.0,91,0,0,242.2,49.9,1793,1770,16,230.0,47.8,48.0,230.0,47.8,50.0,11000,11000,48.0,58.4,58.4,User,60.0,20.0,Appliance,Solar Utility Bat,Solar + Utility,6,54.0,449,0,0.0,Load on,3.5,Line Mode,448400,0,00202507000200,OG-002,offgrid
08a032be503880e92a79269a2651f880,2026-02-21 15:06:57,00202507001060,Off Grid,00073.08,00012.29,245.1,49.9,0.0,214.8,0,898,0.0,91,0,0,245.1,49.9,1887,1885,17,230.0,47.8,48.0,230.0,47.8,50.0,11000,11000,48.0,58.4,58.4,User,60.0,20.0,Appliance,Solar Utility Bat,Solar + Utility,6,54.0,383,0,0.0,Load on,4.1,Line Mode,449000,0,00202507000200,OG-002,offgrid
328967a27a61d5d323450995de7578f5,2026-02-21 15:21:33,00202507001060,Off Grid,00073.08,00012.29,242.7,50.0,0.0,372.7,0,2457,0.0,91,0,0,242.7,50.0,4660,4660,42,230.0,47.8,48.0,230.0,47.8,50.0,11000,11000,48.0,58.4,58.4,User,60.0,20.0,Appliance,Solar Utility Bat,Solar + Utility,6,54.0,380,0,0.0,Load on,6.5,Line Mode,449000,0,00202507000200,OG-002,offgrid
4c06aaeda0530422675994d69eaa9371,2026-02-21 15:26:27,00202507001060,Off Grid,00073.08,00012.29,247.6,50.0,0.0,363.0,0,1274,0.0,91,0,0,247.6,50.0,1807,1804,16,230.0,47.8,48.0,230.0,47.8,50.0,11000,11000,48.0,58.4,58.4,User,60.0,20.0,Appliance,Solar Utility Bat,Solar + Utility,6,54.0,387,0,0.0,Load on,3.5,Line Mode,449000,0,00202507000200,OG-002,offgrid
145ae6545b2ee88e7e1ff3e4ba082848,2026-02-21 16:00:37,00202507001060,Off Grid,00073.08,00012.29,245.1,50.0,0.0,400.4,0,992,0.0,91,0,0,245.1,50.0,1422,1328,12,230.0,47.8,48.0,230.0,47.8,50.0,11000,11000,48.0,58.4,58.4,User,60.0,20.0,Appliance,Solar Utility Bat,Solar + Utility,6,54.0,423,0,0.0,Load on,2.4,Line Mode,450300,0,00202507000200,OG-002,offgrid
428311816609fadc13302b6a076a4463,2026-02-21 16:59:18,00202507001060,Off Grid,00073.08,00012.29,245.0,50.0,0.0,392.9,0,1052,0.0,91,0,0,245.0,50.0,1714,1679,15,230.0,47.8,48.0,230.0,47.8,50.0,11000,11000,48.0,58.4,58.4,User,60.0,20.0,Appliance,Solar Utility Bat,Solar + Utility,6,54.0,402,0,0.0,Load on,2.6,Line Mode,451100,0,00202507000200,OG-002,offgrid
652cc84b976ad7584e69441d979a2cc1,2026-02-21 17:09:04,00202507001060,Off Grid,00073.08,00012.29,245.7,50.0,0.0,416.9,0,1356,0.0,91,0,0,245.7,50.0,1672,1647,15,230.0,47.8,48.0,230.0,47.8,50.0,11000,11000,48.0,58.4,58.4,User,60.0,20.0,Appliance,Solar Utility Bat,Solar + Utility,6,54.0,445,0,0.0,Load on,3.2,Line Mode,451100,0,00202507000200,OG-002,offgrid
79c2c58d931ea97c37b46dbbdb7ae578,2026-02-21 17:13:56,00202507001060,Off Grid,00073.08,00012.29,245.5,50.0,0.0,393.2,0,1161,0.0,91,0,0,245.5,50.0,1694,1663,15,230.0,47.8,48.0,230.0,47.8,50.0,11000,11000,48.0,58.4,58.4,User,60.0,20.0,Appliance,Solar Utility Bat,Solar + Utility,6,54.0,403,0,0.0,Load on,2.9,Line Mode,451100,0,00202507000200,OG-002,offgrid
47c41d6a7db22eb24437702736fefc22,2026-02-21 17:18:49,00202507001060,Off Grid,00073.08,00012.29,242.2,50.0,0.0,392.6,0,894,0.0,91,0,0,242.2,50.0,1694,1657,15,230.0,47.8,48.0,230.0,47.8,50.0,11000,11000,48.0,58.4,58.4,User,60.0,20.0,Appliance,Solar Utility Bat,Solar + Utility,6,54.0,404,0,0.0,Load on,2.2,Line Mode,451100,0,00202507000200,OG-002,offgrid
18930b1bd87632722a15c9c3ba15119b,2026-02-21 17:23:43,00202507001060,Off Grid,00073.08,00012.29,242.6,50.0,0.0,391.6,0,972,0.0,91,0,0,242.6,50.0,2571,2547,23,230.0,47.8,48.0,230.0,47.8,50.0,11000,11000,48.0,58.4,58.4,User,60.0,20.0,Appliance,Solar Utility Bat,Solar + Utility,6,54.0,400,0,0.0,Load on,2.4,Line Mode,451100,0,00202507000200,OG-002,offgrid
63cc3acea23e0332081f273b279b0918,2026-02-21 17:28:35,00202507001060,Off Grid,00073.08,00012.29,247.0,50.0,0.0,216.3,0,844,0.0,91,0,0,247.0,50.0,1629,1571,14,230.0,47.8,48.0,230.0,47.8,50.0,11000,11000,48.0,58.4,58.4,User,60.0,20.0,Appliance,Solar Utility Bat,Solar + Utility,6,54.0,386,0,0.0,Load on,3.9,Line Mode,451100,0,00202507000200,OG-002,offgrid
5580c1c00e980b9d3580d04d28cfe0bc,2026-02-21 17:48:08,00202507001060,Off Grid,00073.08,00012.29,242.8,49.9,0.0,397.7,0,1216,0.0,91,0,0,242.8,49.9,1797,1784,16,230.0,47.8,48.0,230.0,47.8,50.0,11000,11000,48.0,58.4,58.4,User,60.0,20.0,Appliance,Solar Utility Bat,Solar + Utility,6,54.0,409,0,0.0,Load on,3.0,Line Mode,452200,0,00202507000200,OG-002,offgrid
2ff8797a4f20ad21531d913f83a66426,2026-02-21 17:53:02,00202507001060,Off Grid,00073.08,00012.29,243.9,49.9,0.0,397.5,0,965,0.0,91,0,0,243.9,49.9,1804,1786,16,230.0,47.8,48.0,230.0,47.8,50.0,11000,11000,48.0,58.4,58.4,User,60.0,20.0,Appliance,Solar Utility Bat,Solar + Utility,6,54.0,407,0,0.0,Load on,2.4,Line Mode,452200,0,00202507000200,OG-002,offgrid
577c69a66627fc6d4e16789f5a054ce2,2026-02-21 17:57:56,00202507001060,Off Grid,00073.08,00012.29,244.5,49.9,0.0,392.7,0,1116,0.0,91,0,0,244.5,49.9,1809,1800,16,230.0,47.8,48.0,230.0,47.8,50.0,11000,11000,48.0,58.4,58.4,User,60.0,20.0,Appliance,Solar Utility Bat,Solar + Utility,6,54.0,406,0,0.0,Load on,2.8,Line Mode,452200,0,00202507000200,OG-002,offgrid
4ff7a7f9d2fd77896d29c379eebc9b73,2026-02-21 18:07:40,00202507001060,Off Grid,00073.08,00012.29,241.3,49.9,0.0,397.7,0,1394,0.0,91,0,0,241.3,49.9,4321,4146,39,230.0,47.8,48.0,230.0,47.8,50.0,11000,11000,48.0,58.4,58.4,User,60.0,20.0,Appliance,Solar Utility Bat,Solar + Utility,6,54.0,408,0,0.0,Load on,3.5,Line Mode,452200,0,00202507000200,OG-002,offgrid
2796bfefbaf806f47f2bf3458dcdddd3,2026-02-21 18:12:33,00202507001060,Off Grid,00073.08,00012.29,240.8,49.9,0.0,398.8,0,1286,0.0,91,0,0,240.8,49.9,4454,4327,40,230.0,47.8,48.0,230.0,47.8,50.0,11000,11000,48.0,58.4,58.4,User,60.0,20.0,Appliance,Solar Utility Bat,Solar + Utility,6,54.0,408,0,0.0,Load on,3.2,Line Mode,452200,0,00202507000200,OG-002,offgrid
1d0084b025a384d838501ea1cfcdb4b5,2026-02-21 18:17:29,00202507001060,Off Grid,00073.08,00012.29,244.5,49.9,0.0,396.7,0,1798,0.0,91,0,0,244.5,49.9,4621,4455,42,230.0,47.8,48.0,230.0,47.8,50.0,11000,11000,48.0,58.4,58.4,User,60.0,20.0,Appliance,Solar Utility Bat,Solar + Utility,6,54.0,404,0,0.0,Load on,4.5,Line Mode,452200,0,00202507000200,OG-002,offgrid
2a9e3ae9a98b1d1a1d494ab413d35d08,2026-02-21 18:27:15,00202507001060,Off Grid,00073.08,00012.29,243.3,49.9,0.0,392.0,0,1799,0.0,91,0,0,243.3,49.9,4695,4562,42,230.0,47.8,48.0,230.0,47.8,50.0,11000,11000,48.0,58.4,58.4,User,60.0,20.0,Appliance,Solar Utility Bat,Solar + Utility,6,54.0,404,0,0.0,Load on,4.5,Line Mode,452200,0,00202507000200,OG-002,offgrid
5ea68eac6ee1d60e4b315ae734cfec50,2026-02-21 18:41:56,00202507001060,Off Grid,00073.08,00012.29,238.4,49.9,0.0,345.4,0,1982,0.0,91,0,0,238.4,49.9,7431,7368,67,230.0,47.8,48.0,230.0,47.8,50.0,11000,11000,48.0,58.4,58.4,User,60.0,20.0,Appliance,Solar Utility Bat,Solar + Utility,6,54.0,375,0,0.0,Load on,5.7,Line Mode,453700,0,00202507000200,OG-002,offgrid
6c699e806b8af9f438b7cf73d9adcf33,2026-02-21 18:46:50,00202507001060,Off Grid,00073.08,00012.29,251.8,50.0,0.0,391.3,0,4242,0.0,91,0,0,251.8,50.0,5010,4886,45,230.0,47.8,48.0,230.0,47.8,50.0,11000,11000,48.0,58.4,58.4,User,60.0,20.0,Appliance,Solar Utility Bat,Solar + Utility,6,54.0,403,0,0.0,Load on,10.8,Line Mode,453700,0,00202507000200,OG-002,offgrid
6248cbde1771f0205bbca02d48b21197,2026-02-21 19:01:29,00202507001060,Off Grid,00073.08,00012.29,243.5,49.9,0.0,331.4,0,3413,0.0,91,0,0,243.5,49.9,6647,6621,60,230.0,47.8,48.0,230.0,47.8,50.0,11000,11000,48.0,58.4,58.4,User,60.0,20.0,Appliance,Solar Utility Bat,Solar + Utility,6,54.0,381,0,0.0,Load on,10.2,Line Mode,453700,0,00202507000200,OG-002,offgrid
0ae2ab026ff179e86d840726737ec3cd,2026-02-21 19:06:23,00202507001060,Off Grid,00073.08,00012.29,245.8,49.9,0.0,389.8,0,3792,0.0,91,0,0,245.8,49.9,6295,6243,57,230.0,47.8,48.0,230.0,47.8,50.0,11000,11000,48.0,58.4,58.4,User,60.0,20.0,Appliance,Solar Utility Bat,Solar + Utility,6,54.0,399,0,0.0,Load on,9.7,Line Mode,453700,0,00202507000200,OG-002,offgrid
28ec0a3bfbf9cf98380084e81a6f5d02,2026-02-21 19:11:15,00202507001060,Off Grid,00073.08,00012.29,246.6,49.9,0.0,385.2,0,3740,0.0,91,0,0,246.6,49.9,6392,6337,58,230.0,47.8,48.0,230.0,47.8,50.0,11000,11000,48.0,58.4,58.4,User,60.0,20.0,Appliance,Solar Utility Bat,Solar + Utility,6,54.0,395,0,0.0,Load on,9.7,Line Mode,453700,0,00202507000200,OG-002,offgrid
2286fc9578d041346917d18be955f171,2026-02-21 19:16:07,00202507001060,Off Grid,00073.08,00012.29,245.6,50.0,0.0,386.7,0,3765,0.0,91,0,0,245.6,50.0,6606,6589,60,230.0,47.8,48.0,230.0,47.8,50.0,11000,11000,48.0,58.4,58.4,User,60.0,20.0,Appliance,Solar Utility Bat,Solar + Utility,6,54.0,399,0,0.0,Load on,9.7,Line Mode,453700,0,00202507000200,OG-002,offgrid
7e814643de6627e76810c544b6ed2d6c,2026-02-21 19:25:51,00202507001060,Off Grid,00073.08,00012.29,247.6,50.0,0.0,382.0,0,3602,0.0,91,0,0,247.6,50.0,5104,5018,46,230.0,47.8,48.0,230.0,47.8,50.0,11000,11000,48.0,58.4,58.4,User,60.0,20.0,Appliance,Solar Utility Bat,Solar + Utility,6,54.0,394,0,0.0,Load on,9.4,Line Mode,453700,0,00202507000200,OG-002,offgrid
02090ebfcbbd4a49631dad0339b5a62a,2026-02-21 19:35:38,00202507001060,Off Grid,00073.08,00012.29,245.1,49.9,0.0,391.4,0,2015,0.0,91,0,0,245.1,49.9,5592,5592,50,230.0,47.8,48.0,230.0,47.8,50.0,11000,11000,48.0,58.4,58.4,User,60.0,20.0,Appliance,Solar Utility Bat,Solar + Utility,6,54.0,401,0,0.0,Load on,5.1,Line Mode,453700,0,00202507000200,OG-002,offgrid
44d7cd54625746a37a761271e9f35377,2026-02-21 19:55:12,00202507001060,Off Grid,00073.08,00012.29,240.9,50.0,0.0,379.9,0,1242,0.0,91,0,0,240.9,50.0,5302,5218,48,230.0,47.8,48.0,230.0,47.8,50.0,11000,11000,48.0,58.4,58.4,User,60.0,20.0,Appliance,Solar Utility Bat,Solar + Utility,6,54.0,394,0,0.0,Load on,3.2,Line Mode,456800,0,00202507000200,OG-002,offgrid
67e01cc0146441be1064fa45d46e96ec,2026-02-21 20:09:54,00202507001060,Off Grid,00073.08,00012.29,251.6,50.0,0.0,425.6,0,2610,0.0,91,0,0,251.6,50.0,3195,2915,29,230.0,47.8,48.0,230.0,47.8,50.0,11000,11000,48.0,58.4,58.4,User,60.0,20.0,Appliance,Solar Utility Bat,Solar + Utility,6,54.0,458,0,0.0,Load on,6.1,Line Mode,456800,0,00202507000200,OG-002,offgrid
3ebbde4d188287a2610cec24011c4c23,2026-02-21 20:29:25,00202507001060,Off Grid,00073.08,00012.29,246.0,50.0,0.0,391.3,0,2918,0.0,91,0,0,246.0,50.0,5461,5334,49,230.0,47.8,48.0,230.0,47.8,50.0,11000,11000,48.0,58.4,58.4,User,60.0,20.0,Appliance,Solar Utility Bat,Solar + Utility,6,54.0,403,0,0.0,Load on,7.4,Line Mode,456800,0,00202507000200,OG-002,offgrid
010650a34e5ce9c351bb565debdf267c,2026-02-21 20:39:13,00202507001060,Off Grid,00073.08,00012.29,244.5,49.9,0.0,395.2,0,1208,0.0,91,0,0,244.5,49.9,3105,2851,28,230.0,47.8,48.0,230.0,47.8,50.0,11000,11000,48.0,58.4,58.4,User,60.0,20.0,Appliance,Solar Utility Bat,Solar + Utility,6,54.0,405,0,0.0,Load on,3.0,Line Mode,459400,0,00202507000200,OG-002,offgrid
724041cb7280d3c91a88d79376f97760,2026-02-21 20:58:46,00202507001060,Off Grid,00073.08,00012.29,241.4,50.0,0.0,391.9,0,1355,0.0,91,0,0,241.4,50.0,4321,4229,39,230.0,47.8,48.0,230.0,47.8,50.0,11000,11000,48.0,58.4,58.4,User,60.0,20.0,Appliance,Solar Utility Bat,Solar + Utility,6,54.0,401,0,0.0,Load on,3.4,Line Mode,459400,0,00202507000200,OG-002,offgrid
6205b10aa18b8b525c8e35f232f4614c,2026-02-21 21:03:38,00202507001060,Off Grid,00073.08,00012.29,243.4,50.0,0.0,396.4,0,1202,0.0,91,0,0,243.4,50.0,4210,4147,38,230.0,47.8,48.0,230.0,47.8,50.0,11000,11000,48.0,58.4,58.4,User,60.0,20.0,Appliance,Solar Utility Bat,Solar + Utility,6,54.0,406,0,0.0,Load on,3.0,Line Mode,459400,0,00202507000200,OG-002,offgrid
362918c6a91c179c049b47de0765ce27,2026-02-21 21:08:30,00202507001060,Off Grid,00073.08,00012.29,239.6,49.9,0.0,394.4,0,701,0.0,91,0,0,239.6,49.9,4240,4134,38,230.0,47.8,48.0,230.0,47.8,50.0,11000,11000,48.0,58.4,58.4,User,60.0,20.0,Appliance,Solar Utility Bat,Solar + Utility,6,54.0,405,0,0.0,Load on,1.7,Line Mode,459400,0,00202507000200,OG-002,offgrid
480be91b37c483a53d0a7e2f83e0fed4,2026-02-21 21:18:18,00202507001060,Off Grid,00073.08,00012.29,237.8,49.9,0.0,396.1,0,931,0.0,91,0,0,237.8,49.9,4326,4247,39,230.0,47.8,48.0,230.0,47.8,50.0,11000,11000,48.0,58.4,58.4,User,60.0,20.0,Appliance,Solar Utility Bat,Solar + Utility,6,54.0,407,0,0.0,Load on,2.3,Line Mode,459400,0,00202507000200,OG-002,offgrid
172cd8b3441597be70bdbc98dccd3c3d,2026-02-21 21:23:12,00202507001060,Off Grid,00073.08,00012.29,235.5,49.9,0.0,394.8,0,787,0.0,91,0,0,235.5,49.9,4450,4342,40,230.0,47.8,48.0,230.0,47.8,50.0,11000,11000,48.0,58.4,58.4,User,60.0,20.0,Appliance,Solar Utility Bat,Solar + Utility,6,54.0,406,0,0.0,Load on,1.9,Line Mode,459400,0,00202507000200,OG-002,offgrid
13b185d1ee24535a3508ed451c5fb218,2026-02-21 21:28:03,00202507001060,Off Grid,00073.08,00012.29,237.5,50.0,0.0,391.4,0,812,0.0,91,0,0,237.5,50.0,4108,3945,37,230.0,47.8,48.0,230.0,47.8,50.0,11000,11000,48.0,58.4,58.4,User,60.0,20.0,Appliance,Solar Utility Bat,Solar + Utility,6,54.0,401,0,0.0,Load on,2.0,Line Mode,459400,0,00202507000200,OG-002,offgrid
084d9997e0ef731a178939aa58de578d,2026-02-21 21:32:57,00202507001060,Off Grid,00073.08,00012.29,236.2,50.0,0.0,391.0,0,641,0.0,91,0,0,236.2,50.0,4227,4095,38,230.0,47.8,48.0,230.0,47.8,50.0,11000,11000,48.0,58.4,58.4,User,60.0,20.0,Appliance,Solar Utility Bat,Solar + Utility,6,54.0,400,0,0.0,Load on,1.6,Line Mode,459400,0,00202507000200,OG-002,offgrid
7b85e92aeebecd3b34242483f3346e6a,2026-02-21 21:47:38,00202507001060,Off Grid,00073.08,00012.29,231.1,49.7,0.0,376.8,0,345,0.0,91,0,0,231.1,49.7,5128,5039,46,230.0,47.8,48.0,230.0,47.8,50.0,11000,11000,48.0,58.4,58.4,User,60.0,20.0,Appliance,Solar Utility Bat,Solar + Utility,6,54.0,388,0,0.0,Load on,0.9,Line Mode,460300,0,00202507000200,OG-002,offgrid
424c5792a9605f2e7a26ec6e46bc44f6,2026-02-21 21:57:28,00202507001060,Off Grid,00073.08,00012.29,232.4,49.7,0.0,369.8,0,244,0.0,91,0,0,232.4,49.7,4345,4225,39,230.0,47.8,48.0,230.0,47.8,50.0,11000,11000,48.0,58.4,58.4,User,60.0,20.0,Appliance,Solar Utility Bat,Solar + Utility,6,54.0,380,0,0.0,Load on,0.6,Line Mode,460300,0,00202507000200,OG-002,offgrid
5f61e8fafe93232d32765d9cce709e50,2026-02-21 22:02:20,00202507001060,Off Grid,00073.08,00012.29,225.7,49.9,0.0,378.8,0,273,0.0,91,0,0,225.7,49.9,6750,6750,61,230.0,47.8,48.0,230.0,47.8,50.0,11000,11000,48.0,58.4,58.4,User,60.0,20.0,Appliance,Solar Utility Bat,Solar + Utility,6,54.0,384,0,0.0,Load on,0.7,Line Mode,460300,0,00202507000200,OG-002,offgrid
3a1875feca03304b2a0cf11fbfca15a6,2026-02-21 22:12:05,00202507001060,Off Grid,00073.08,00012.29,239.4,50.1,0.0,381.3,0,253,0.0,91,0,0,239.4,50.1,3279,3033,29,230.0,47.8,48.0,230.0,47.8,50.0,11000,11000,48.0,58.4,58.4,User,60.0,20.0,Appliance,Solar Utility Bat,Solar + Utility,6,54.0,392,0,0.0,Load on,0.6,Line Mode,460300,0,00202507000200,OG-002,offgrid
0469c4256e8cf5ee749ae6a71ac53064,2026-02-21 22:16:57,00202507001060,Off Grid,00073.08,00012.29,237.7,50.2,0.0,90.0,0,38,0.0,91,0,0,237.7,50.2,3208,3006,29,230.0,47.8,48.0,230.0,47.8,50.0,11000,11000,48.0,58.4,58.4,User,60.0,20.0,Appliance,Solar Utility Bat,Solar + Utility,6,54.0,372,0,0.0,Load on,0.4,Line Mode,460300,0,00202507000200,OG-002,offgrid
50b63bb98417f4145ee69355c55011a8,2026-02-21 22:21:51,00202507001060,Off Grid,00073.08,00012.29,238.6,50.1,0.0,90.0,0,23,0.0,91,0,0,238.6,50.1,3054,2847,27,230.0,47.8,48.0,230.0,47.8,50.0,11000,11000,48.0,58.4,58.4,User,60.0,20.0,Appliance,Solar Utility Bat,Solar + Utility,6,54.0,374,0,0.0,Load on,0.2,Line Mode,460300,0,00202507000200,OG-002,offgrid
171e067ef0a566cd077b9f9a1c11a484,2026-02-21 22:26:44,00202507001060,Off Grid,00073.08,00012.29,237.2,50.0,0.0,90.0,0,26,0.0,91,0,0,237.2,50.0,3154,2873,28,230.0,47.8,48.0,230.0,47.8,50.0,11000,11000,48.0,58.4,58.4,User,60.0,20.0,Appliance,Solar Utility Bat,Solar + Utility,6,54.0,372,0,0.0,Load on,0.2,Line Mode,460300,0,00202507000200,OG-002,offgrid
16c677ad7fcc10b722b37771688fb52f,2026-02-21 22:41:24,00202507001060,Off Grid,00073.08,00012.29,237.6,49.9,0.0,89.3,0,16,0.0,91,0,0,237.6,49.9,3136,2933,28,230.0,47.8,48.0,230.0,47.8,50.0,11000,11000,48.0,58.4,58.4,User,60.0,20.0,Appliance,Solar Utility Bat,Solar + Utility,6,54.0,372,0,0.0,Load on,0.1,Line Mode,460500,0,00202507000200,OG-002,offgrid
32376d6891ad92cf24b39b738da612f1,2026-02-21 23:15:39,00202507001060,Off Grid,00073.08,00012.29,235.4,50.0,0.0,80.0,0,14,0.0,91,0,0,235.4,50.0,3201,2910,29,230.0,47.8,48.0,230.0,47.8,50.0,11000,11000,48.0,58.4,58.4,User,60.0,20.0,Appliance,Solar Utility Bat,Solar + Utility,6,54.0,369,0,0.0,Load on,0.1,Line Mode,460500,0,00202507000200,OG-002,offgrid
1ef1c5d31af86e0b08329b46953eb8f0,2026-02-21 23:59:39,00202507001060,Off Grid,00073.08,00012.29,230.3,49.8,0.0,75.7,0,0,0.0,91,0,0,230.3,49.8,3546,3355,32,230.0,47.8,48.0,230.0,47.8,50.0,11000,11000,48.0,58.4,58.4,User,60.0,20.0,Appliance,Solar Utility Bat,Solar + Utility,6,54.0,361,0,0.0,Load on,0.0,Line Mode,460500,0,00202507000200,OG-002,offgrid
2ce970627e0a3adc408376c013b0eda6,2026-02-22 07:27:58,00202507001060,Off Grid,00073.08,00012.29,227.8,49.9,0.0,0.0,0,0,0.0,91,0,0,227.8,49.9,6720,6649,61,230.0,47.8,48.0,230.0,47.8,50.0,11000,11000,48.0,58.4,58.4,User,60.0,20.0,Appliance,Solar Utility Bat,Solar + Utility,6,54.0,358,0,0.0,Load on,0.0,Line Mode,460500,0,00202507000200,OG-002,offgrid
441b4fbbb2a5cc76450658dbe25906aa,2026-02-22 09:35:15,00202507001060,Off Grid,00073.08,00012.29,222.2,49.9,0.0,0.0,0,0,0.0,91,0,0,222.2,49.9,9910,9837,90,230.0,47.8,48.0,230.0,47.8,50.0,11000,11000,48.0,58.4,58.4,User,60.0,20.0,Appliance,Solar Utility Bat,Solar + Utility,6,54.0,350,0,0.0,Load on,0.0,Line Mode,460500,0,00202507000200,OG-002,offgrid
0d432e08317e56d2728136365513e108,2026-02-22 11:13:13,00202507001060,Off Grid,00073.08,00012.29,217.1,50.0,0.0,0.0,0,0,0.0,91,0,0,217.1,50.0,10512,10431,95,230.0,47.8,48.0,230.0,47.8,50.0,11000,11000,48.0,58.4,58.4,User,60.0,20.0,Appliance,Solar Utility Bat,Solar + Utility,6,54.0,350,0,0.0,Load on,0.0,Line Mode,460500,0,00202507000200,OG-002,offgrid
6358935cbbef728504e08c2a4a658fd3,2026-02-22 12:46:28,00202507001060,Off Grid,00073.08,00012.29,216.8,50.0,0.0,90.0,0,23,0.0,91,0,0,216.8,50.0,9625,9524,87,230.0,47.8,48.0,230.0,47.8,50.0,11000,11000,48.0,58.4,58.4,User,60.0,20.0,Appliance,Solar Utility Bat,Solar + Utility,6,54.0,350,0,0.0,Load on,0.2,Line Mode,460500,0,00202507000200,OG-002,offgrid
5cf1798184e7aa80189bc2ea11434e96,2026-02-22 16:19:02,00202507001060,Off Grid,00073.08,00012.29,232.3,49.9,0.0,393.3,0,1886,0.0,91,0,0,232.3,49.9,7712,7585,70,230.0,47.8,48.0,230.0,47.8,50.0,11000,11000,48.0,58.4,58.4,User,60.0,20.0,Appliance,Solar Utility Bat,Solar + Utility,6,54.0,401,0,0.0,Load on,4.7,Line Mode,463900,0,00202507000200,OG-002,offgrid
139f35037a02f49663fb4e041c3cdaf5,2026-02-22 17:48:38,00202507001060,Off Grid,00073.08,00012.29,223.2,49.9,0.0,397.7,0,1330,0.0,91,0,0,223.2,49.9,8459,8390,76,230.0,47.8,48.0,230.0,47.8,50.0,11000,11000,48.0,58.4,58.4,User,60.0,20.0,Appliance,Solar Utility Bat,Solar + Utility,6,54.0,408,0,0.0,Load on,3.3,Line Mode,469000,0,00202507000200,OG-002,offgrid
52a2292c2159fecf5e2c44ed94dfe381,2026-02-22 20:12:59,00202507001060,Off Grid,00073.08,00012.29,245.4,49.8,0.0,442.3,0,289,0.0,91,0,0,245.4,49.8,638,520,5,230.0,47.8,48.0,230.0,47.8,50.0,11000,11000,48.0,58.4,58.4,User,60.0,20.0,Appliance,Solar Utility Bat,Solar + Utility,6,54.0,470,0,0.0,Load on,0.6,Line Mode,472800,0,00202507000200,OG-002,offgrid
0afeb32f5222051a548544ba22afe4ca,2026-02-22 20:17:59,00202507001060,Off Grid,00073.08,00012.29,239.8,50.0,0.0,349.5,0,792,0.0,91,0,0,239.8,50.0,3165,3135,28,230.0,47.8,48.0,230.0,47.8,50.0,11000,11000,48.0,58.4,58.4,User,60.0,20.0,Appliance,Solar Utility Bat,Solar + Utility,6,54.0,376,0,0.0,Load on,2.2,Line Mode,472800,0,00202507000200,OG-002,offgrid
340358aff792d6ef1ebaafea5bfa7c28,2026-02-22 20:27:58,00202507001060,Off Grid,00073.08,00012.29,248.8,49.9,0.0,445.7,0,222,0.0,91,0,0,248.8,49.9,721,462,6,230.0,47.8,48.0,230.0,47.8,50.0,11000,11000,48.0,58.4,58.4,User,60.0,20.0,Appliance,Solar Utility Bat,Solar + Utility,6,54.0,470,0,0.0,Load on,0.4,Line Mode,472800,0,00202507000200,OG-002,offgrid
5dd7bc57e6bda81c011680fa5f3b13b6,2026-02-22 20:32:56,00202507001060,Off Grid,00073.08,00012.29,250.7,50.0,0.0,461.2,0,231,0.0,91,0,0,250.7,50.0,727,472,6,230.0,47.8,48.0,230.0,47.8,50.0,11000,11000,48.0,58.4,58.4,User,60.0,20.0,Appliance,Solar Utility Bat,Solar + Utility,6,54.0,470,0,0.0,Load on,0.5,Line Mode,472800,0,00202507000200,OG-002,offgrid
5b691b3d1621f6456fb00d8728fb8549,2026-02-22 20:37:55,00202507001060,Off Grid,00073.08,00012.29,244.0,49.9,0.0,336.2,0,1342,0.0,91,0,0,244.0,49.9,4172,4009,37,230.0,47.8,48.0,230.0,47.8,50.0,11000,11000,48.0,58.4,58.4,User,60.0,20.0,Appliance,Solar Utility Bat,Solar + Utility,6,54.0,381,0,0.0,Load on,3.9,Line Mode,472800,0,00202507000200,OG-002,offgrid
5da2704ec87d7e04568a4b692924ba2c,2026-02-22 21:12:40,00202507001060,Off Grid,00073.08,00012.29,238.3,50.0,0.0,393.2,0,2766,0.0,91,0,0,238.3,50.0,6743,6640,61,230.0,47.8,48.0,230.0,47.8,50.0,11000,11000,48.0,58.4,58.4,User,60.0,20.0,Appliance,Solar Utility Bat,Solar + Utility,6,54.0,392,0,0.0,Load on,7.0,Line Mode,473900,0,00202507000200,OG-002,offgrid
357062db156268234c25623b1d66e322,2026-02-22 21:27:37,00202507001060,Off Grid,00073.08,00012.29,235.1,50.0,0.0,398.9,0,2395,0.0,91,0,0,235.1,50.0,6870,6843,62,230.0,47.8,48.0,230.0,47.8,50.0,11000,11000,48.0,58.4,58.4,User,60.0,20.0,Appliance,Solar Utility Bat,Solar + Utility,6,54.0,409,0,0.0,Load on,6.0,Line Mode,473900,0,00202507000200,OG-002,offgrid
6d04fbf42df10d1c4c046206788b2917,2026-02-22 21:37:37,00202507001060,Off Grid,00073.08,00012.29,240.1,50.0,0.0,411.9,0,2136,0.0,91,0,0,240.1,50.0,4874,4810,44,230.0,47.8,48.0,230.0,47.8,50.0,11000,11000,48.0,58.4,58.4,User,60.0,20.0,Appliance,Solar Utility Bat,Solar + Utility,6,54.0,419,0,0.0,Load on,5.1,Line Mode,473900,0,00202507000200,OG-002,offgrid
01e4227fbfb0560678685f015d504719,2026-02-22 21:47:33,00202507001060,Off Grid,00073.08,00012.29,239.3,49.9,0.0,401.6,0,2013,0.0,91,0,0,239.3,49.9,4714,4631,42,230.0,47.8,48.0,230.0,47.8,50.0,11000,11000,48.0,58.4,58.4,User,60.0,20.0,Appliance,Solar Utility Bat,Solar + Utility,6,54.0,411,0,0.0,Load on,5.0,Line Mode,476200,0,00202507000200,OG-002,offgrid
2a0b2b7264fe6c556031fc302c855cc2,2026-02-22 22:02:23,00202507001060,Off Grid,00073.08,00012.29,233.8,50.0,0.0,405.1,0,1142,0.0,91,0,0,233.8,50.0,4699,4642,42,230.0,47.8,48.0,230.0,47.8,50.0,11000,11000,48.0,58.4,58.4,User,60.0,20.0,Appliance,Solar Utility Bat,Solar + Utility,6,54.0,427,0,0.0,Load on,2.8,Line Mode,476200,0,00202507000200,OG-002,offgrid
39db6f7e3491ba6e23951d16d46f52f9,2026-02-22 22:12:20,00202507001060,Off Grid,00073.08,00012.29,233.9,50.1,0.0,377.6,0,365,0.0,91,0,0,233.9,50.1,3999,3840,36,230.0,47.8,48.0,230.0,47.8,50.0,11000,11000,48.0,58.4,58.4,User,60.0,20.0,Appliance,Solar Utility Bat,Solar + Utility,6,54.0,386,0,0.0,Load on,0.9,Line Mode,476200,0,00202507000200,OG-002,offgrid
02d419e32184119372d705e4abb99893,2026-02-22 22:22:19,00202507001060,Off Grid,00073.08,00012.29,225.0,50.0,0.0,374.8,0,287,0.0,91,0,0,225.0,50.0,5872,5835,53,230.0,47.8,48.0,230.0,47.8,50.0,11000,11000,48.0,58.4,58.4,User,60.0,20.0,Appliance,Solar Utility Bat,Solar + Utility,6,54.0,385,0,0.0,Load on,0.7,Line Mode,476200,0,00202507000200,OG-002,offgrid
726781a95016899078eb07d2457d987e,2026-02-22 22:27:21,00202507001060,Off Grid,00073.08,00012.29,224.7,49.9,0.0,380.7,0,323,0.0,91,0,0,224.7,49.9,5597,5556,50,230.0,47.8,48.0,230.0,47.8,50.0,11000,11000,48.0,58.4,58.4,User,60.0,20.0,Appliance,Solar Utility Bat,Solar + Utility,6,54.0,390,0,0.0,Load on,0.8,Line Mode,476200,0,00202507000200,OG-002,offgrid
44b5dbce8eeb928f4b886632bb35e017,2026-02-22 22:37:14,00202507001060,Off Grid,00073.08,00012.29,225.6,49.8,0.0,367.7,0,244,0.0,91,0,0,225.6,49.8,5707,5651,51,230.0,47.8,48.0,230.0,47.8,50.0,11000,11000,48.0,58.4,58.4,User,60.0,20.0,Appliance,Solar Utility Bat,Solar + Utility,6,54.0,378,0,0.0,Load on,0.6,Line Mode,476200,0,00202507000200,OG-002,offgrid
43fb56b2ec5376af2a098731f7013faf,2026-02-22 22:42:12,00202507001060,Off Grid,00073.08,00012.29,231.2,49.9,0.0,386.3,0,565,0.0,91,0,0,231.2,49.9,4531,4453,41,230.0,47.8,48.0,230.0,47.8,50.0,11000,11000,48.0,58.4,58.4,User,60.0,20.0,Appliance,Solar Utility Bat,Solar + Utility,6,54.0,417,0,0.0,Load on,1.4,Line Mode,477100,0,00202507000200,OG-002,offgrid
5910d68f6cb8b98c6ae5e25adfb30eb8,2026-02-22 22:47:13,00202507001060,Off Grid,00073.08,00012.29,222.9,50.0,0.0,403.8,0,390,0.0,91,0,0,222.9,50.0,6597,6596,59,230.0,47.8,48.0,230.0,47.8,50.0,11000,11000,48.0,58.4,58.4,User,60.0,20.0,Appliance,Solar Utility Bat,Solar + Utility,6,54.0,414,0,0.0,Load on,0.9,Line Mode,477100,0,00202507000200,OG-002,offgrid
762f3888781d70583d819b065f52b0f3,2026-02-22 22:57:08,00202507001060,Off Grid,00073.08,00012.29,228.2,49.9,0.0,364.3,0,204,0.0,91,0,0,228.2,49.9,4746,4649,43,230.0,47.8,48.0,230.0,47.8,50.0,11000,11000,48.0,58.4,58.4,User,60.0,20.0,Appliance,Solar Utility Bat,Solar + Utility,6,54.0,374,0,0.0,Load on,0.5,Line Mode,477100,0,00202507000200,OG-002,offgrid
107ef8e49c7560a65925ec2077fafb37,2026-02-22 23:07:08,00202507001060,Off Grid,00073.08,00012.29,226.6,50.0,0.0,90.0,0,31,0.0,91,0,0,226.6,50.0,5234,5137,47,230.0,47.8,48.0,230.0,47.8,50.0,11000,11000,48.0,58.4,58.4,User,60.0,20.0,Appliance,Solar Utility Bat,Solar + Utility,6,54.0,356,0,0.0,Load on,0.3,Line Mode,477100,0,00202507000200,OG-002,offgrid
55087fb8ed45f8943ea327c2e60ca31c,2026-02-22 23:12:06,00202507001060,Off Grid,00073.08,00012.29,230.2,50.0,0.0,89.9,0,29,0.0,91,0,0,230.2,50.0,4534,4436,41,230.0,47.8,48.0,230.0,47.8,50.0,11000,11000,48.0,58.4,58.4,User,60.0,20.0,Appliance,Solar Utility Bat,Solar + Utility,6,54.0,362,0,0.0,Load on,0.3,Line Mode,477100,0,00202507000200,OG-002,offgrid
288b470e4a810e4661180d52c9b6406c,2026-02-22 23:22:03,00202507001060,Off Grid,00073.08,00012.29,230.6,49.9,0.0,89.9,0,20,0.0,91,0,0,230.6,49.9,4773,4656,43,230.0,47.8,48.0,230.0,47.8,50.0,11000,11000,48.0,58.4,58.4,User,60.0,20.0,Appliance,Solar Utility Bat,Solar + Utility,6,54.0,362,0,0.0,Load on,0.2,Line Mode,477100,0,00202507000200,OG-002,offgrid
731796338771c1e70170bfe5a3466150,2026-02-22 23:27:03,00202507001060,Off Grid,00073.08,00012.29,230.5,50.0,0.0,90.0,0,16,0.0,91,0,0,230.5,50.0,4727,4592,42,230.0,47.8,48.0,230.0,47.8,50.0,11000,11000,48.0,58.4,58.4,User,60.0,20.0,Appliance,Solar Utility Bat,Solar + Utility,6,54.0,362,0,0.0,Load on,0.1,Line Mode,477100,0,00202507000200,OG-002,offgrid
3c0eb13311383b0c758bc0a8f8634d18,2026-02-22 23:31:58,00202507001060,Off Grid,00073.08,00012.29,225.8,49.8,0.0,0.0,0,0,0.0,91,0,0,225.8,49.8,5799,5799,52,230.0,47.8,48.0,230.0,47.8,50.0,11000,11000,48.0,58.4,58.4,User,60.0,20.0,Appliance,Solar Utility Bat,Solar + Utility,6,54.0,354,0,0.0,Load on,0.0,Line Mode,477200,0,00202507000200,OG-002,offgrid
286393ca33d9fae56c6c92da11927866,2026-02-22 23:36:55,00202507001060,Off Grid,00073.08,00012.29,225.3,49.9,0.0,0.0,0,0,0.0,91,0,0,225.3,49.9,5810,5731,52,230.0,47.8,48.0,230.0,47.8,50.0,11000,11000,48.0,58.4,58.4,User,60.0,20.0,Appliance,Solar Utility Bat,Solar + Utility,6,54.0,354,0,0.0,Load on,0.0,Line Mode,477200,0,00202507000200,OG-002,offgrid
5a6c2f3355b650b2015ad78f1c6f6941,2026-02-22 23:46:50,00202507001060,Off Grid,00073.08,00012.29,227.3,50.0,0.0,0.0,0,0,0.0,91,0,0,227.3,50.0,5159,5050,46,230.0,47.8,48.0,230.0,47.8,50.0,11000,11000,48.0,58.4,58.4,User,60.0,20.0,Appliance,Solar Utility Bat,Solar + Utility,6,54.0,356,0,0.0,Load on,0.0,Line Mode,477200,0,00202507000200,OG-002,offgrid
56cd77f0008458c50251e48cd63d37fa,2026-02-22 23:56:49,00202507001060,Off Grid,00073.08,00012.29,226.8,49.8,0.0,0.0,0,8,0.0,91,0,0,226.8,49.8,5624,5562,51,230.0,47.8,48.0,230.0,47.8,50.0,11000,11000,48.0,58.4,58.4,User,60.0,20.0,Appliance,Solar Utility Bat,Solar + Utility,6,54.0,355,0,0.0,Load on,1.1,Line Mode,477200,0,00202507000200,OG-002,offgrid
54e6daa2e23c7e0f4f821d8ecd195d06,2026-02-23 07:25:09,00202507001060,Off Grid,00073.08,00012.29,235.1,49.9,0.0,0.0,0,0,0.0,91,0,0,235.1,49.9,5853,5807,53,230.0,47.8,48.0,230.0,47.8,50.0,11000,11000,48.0,58.4,58.4,User,60.0,20.0,Appliance,Solar Utility Bat,Solar + Utility,6,54.0,368,0,0.0,Load on,0.0,Line Mode,477200,0,00202507000200,OG-002,offgrid
152226285597421348c317d3b75bea5e,2026-02-23 08:54:34,00202507001060,Off Grid,00073.08,00012.29,233.3,50.0,0.0,0.0,0,0,0.0,91,0,0,233.3,50.0,5713,5623,51,230.0,47.8,48.0,230.0,47.8,50.0,11000,11000,48.0,58.4,58.4,User,60.0,20.0,Appliance,Solar Utility Bat,Solar + Utility,6,54.0,366,0,0.0,Load on,0.0,Line Mode,477200,0,00202507000200,OG-002,offgrid
47020eed3b2dbdb020afc299fce3619c,2026-02-23 10:19:10,00202507001060,Off Grid,00073.08,00012.29,230.4,49.9,0.0,0.0,0,0,0.0,91,0,0,230.4,49.9,5644,5594,51,230.0,47.8,48.0,230.0,47.8,50.0,11000,11000,48.0,58.4,58.4,User,60.0,20.0,Appliance,Solar Utility Bat,Solar + Utility,6,54.0,362,0,0.0,Load on,0.0,Line Mode,477200,0,00202507000200,OG-002,offgrid
587674aa32af90ae3fb3051adc9765c8,2026-02-23 11:43:30,00202507001060,Off Grid,00073.08,00012.29,229.4,49.9,0.0,0.0,0,0,0.0,91,0,0,229.4,49.9,6423,6389,58,230.0,47.8,48.0,230.0,47.8,50.0,11000,11000,48.0,58.4,58.4,User,60.0,20.0,Appliance,Solar Utility Bat,Solar + Utility,6,54.0,360,0,0.0,Load on,0.0,Line Mode,477200,0,00202507000200,OG-002,offgrid
434b43fa54d030ce1da2b0b5650c66c0,2026-02-23 12:08:26,00202507001060,Off Grid,00073.08,00012.29,229.8,49.9,0.0,0.0,0,0,0.0,91,0,0,229.8,49.9,5538,5458,50,230.0,47.8,48.0,230.0,47.8,50.0,11000,11000,48.0,58.4,58.4,User,60.0,20.0,Appliance,Solar Utility Bat,Solar + Utility,6,54.0,364,0,0.0,Load on,0.0,Line Mode,477200,0,00202507000200,OG-002,offgrid
054bc05e10f947572f25ed93b16a7852,2026-02-23 13:22:58,00202507001060,Off Grid,00073.08,00012.29,229.4,50.3,0.0,104.3,0,180,0.0,91,0,0,229.4,50.3,5535,5449,50,230.0,47.8,48.0,230.0,47.8,50.0,11000,11000,48.0,58.4,58.4,User,60.0,20.0,Appliance,Solar Utility Bat,Solar + Utility,6,54.0,360,0,0.0,Load on,1.7,Line Mode,477200,0,00202507000200,OG-002,offgrid
1b81e52b6f803aea1ea982f7d733bed3,2026-02-23 13:27:55,00202507001060,Off Grid,00073.08,00012.29,226.8,50.0,0.0,104.1,0,209,0.0,91,0,0,226.8,50.0,5533,5453,50,230.0,47.8,48.0,230.0,47.8,50.0,11000,11000,48.0,58.4,58.4,User,60.0,20.0,Appliance,Solar Utility Bat,Solar + Utility,6,54.0,356,0,0.0,Load on,2.0,Line Mode,477200,0,00202507000200,OG-002,offgrid
38bdeb150197016e71ad49c032615b7f,2026-02-23 13:31:02,00202507001060,Off Grid,00073.08,00012.29,228.5,50.0,0.0,105.2,0,226,0.0,91,0,0,228.5,50.0,5552,5488,50,230.0,47.8,48.0,230.0,47.8,50.0,11000,11000,48.0,58.4,58.4,User,60.0,20.0,Appliance,Solar Utility Bat,Solar + Utility,6,54.0,359,0,0.0,Load on,2.1,Line Mode,477200,0,00202507000200,OG-002,offgrid
40a6fe9a5da590610976794d8660bc92,2026-02-23 14:10:18,00202507001060,Off Grid,00073.08,00012.29,228.0,49.9,0.0,304.7,0,1319,0.0,91,0,0,228.0,49.9,6609,6549,60,230.0,47.8,48.0,230.0,47.8,50.0,11000,11000,48.0,58.4,58.4,User,60.0,20.0,Appliance,Solar Utility Bat,Solar + Utility,6,54.0,358,0,0.0,Load on,4.3,Line Mode,477300,0,00202507000200,OG-002,offgrid
53a6d97ba613847102b6372a73d67000,2026-02-23 14:20:07,00202507001060,Off Grid,00073.08,00012.29,225.5,50.0,0.0,312.8,0,1465,0.0,91,0,0,225.5,50.0,7486,7484,68,230.0,47.8,48.0,230.0,47.8,50.0,11000,11000,48.0,58.4,58.4,User,60.0,20.0,Appliance,Solar Utility Bat,Solar + Utility,6,54.0,355,0,0.0,Load on,4.6,Line Mode,477300,0,00202507000200,OG-002,offgrid
446dbffe01ed87832cf83c85ee53125c,2026-02-23 15:24:01,00202507001060,Off Grid,00073.08,00012.29,235.5,50.0,0.0,389.7,0,702,0.0,91,0,0,235.5,50.0,4050,4034,36,230.0,47.8,48.0,230.0,47.8,50.0,11000,11000,48.0,58.4,58.4,User,60.0,20.0,Appliance,Solar Utility Bat,Solar + Utility,6,54.0,401,0,0.0,Load on,1.8,Line Mode,478400,0,00202507000200,OG-002,offgrid
033b64734689798928137b83538426b1,2026-02-23 15:33:50,00202507001060,Off Grid,00073.08,00012.29,243.3,50.0,0.0,436.7,0,367,0.0,91,0,0,243.3,50.0,656,580,5,230.0,47.8,48.0,230.0,47.8,50.0,11000,11000,48.0,58.4,58.4,User,60.0,20.0,Appliance,Solar Utility Bat,Solar + Utility,6,54.0,467,0,0.0,Load on,0.8,Line Mode,478400,0,00202507000200,OG-002,offgrid
6dc9663d0e4257f43971bdd484393340,2026-02-23 15:43:36,00202507001060,Off Grid,00073.08,00012.29,242.9,50.0,0.0,395.8,0,687,0.0,91,0,0,242.9,50.0,1530,1467,13,230.0,47.8,48.0,230.0,47.8,50.0,11000,11000,48.0,58.4,58.4,User,60.0,20.0,Appliance,Solar Utility Bat,Solar + Utility,6,54.0,407,0,0.0,Load on,1.7,Line Mode,479500,0,00202507000200,OG-002,offgrid
3b7bb9feee66555700aeea6699c9bfff,2026-02-23 15:58:16,00202507001060,Off Grid,00073.08,00012.29,248.8,50.0,0.0,403.3,0,956,0.0,91,0,0,248.8,50.0,1443,1325,13,230.0,47.8,48.0,230.0,47.8,50.0,11000,11000,48.0,58.4,58.4,User,60.0,20.0,Appliance,Solar Utility Bat,Solar + Utility,6,54.0,413,0,0.0,Load on,2.3,Line Mode,479500,0,00202507000200,OG-002,offgrid
57eac799203895854cfd46e0ae3c5f0d,2026-02-23 16:17:55,00202507001060,Off Grid,00073.08,00012.29,245.7,49.9,0.0,438.8,0,157,0.0,91,0,0,245.7,49.9,712,343,6,230.0,47.8,48.0,230.0,47.8,50.0,11000,11000,48.0,58.4,58.4,User,60.0,20.0,Appliance,Solar Utility Bat,Solar + Utility,6,54.0,469,0,0.0,Load on,0.3,Line Mode,479500,0,00202507000200,OG-002,offgrid
691be283a0225d1b111cdcc6a9322053,2026-02-23 16:27:46,00202507001060,Off Grid,00073.08,00012.29,252.4,49.9,0.0,456.0,0,665,0.0,91,0,0,252.4,49.9,1135,931,10,230.0,47.8,48.0,230.0,47.8,50.0,11000,11000,48.0,58.4,58.4,User,60.0,20.0,Appliance,Solar Utility Bat,Solar + Utility,6,54.0,470,0,0.0,Load on,1.4,Line Mode,479500,0,00202507000200,OG-002,offgrid
696acb55a2976e6148de26d3c1829aa8,2026-02-23 16:32:41,00202507001060,Off Grid,00073.08,00012.29,252.4,49.9,0.0,454.4,0,226,0.0,91,0,0,252.4,49.9,680,473,6,230.0,47.8,48.0,230.0,47.8,50.0,11000,11000,48.0,58.4,58.4,User,60.0,20.0,Appliance,Solar Utility Bat,Solar + Utility,6,54.0,470,0,0.0,Load on,0.4,Line Mode,479500,0,00202507000200,OG-002,offgrid
4814635468fd9d084d743f5ebf3f3b30,2026-02-23 16:47:25,00202507001060,Off Grid,00073.08,00012.29,250.2,49.9,0.0,379.2,0,3840,0.0,91,0,0,250.2,49.9,4826,4823,43,230.0,47.8,48.0,230.0,47.8,50.0,11000,11000,48.0,58.4,58.4,User,60.0,20.0,Appliance,Solar Utility Bat,Solar + Utility,6,54.0,391,0,0.0,Load on,10.1,Line Mode,480400,0,00202507000200,OG-002,offgrid
64dad3facef9076a0eb3db837db0ee09,2026-02-23 16:57:14,00202507001060,Off Grid,00073.08,00012.29,244.3,50.0,0.0,377.3,0,4221,0.0,91,0,0,244.3,50.0,7231,7221,65,230.0,47.8,48.0,230.0,47.8,50.0,11000,11000,48.0,58.4,58.4,User,60.0,20.0,Appliance,Solar Utility Bat,Solar + Utility,6,54.0,387,0,0.0,Load on,11.1,Line Mode,480400,0,00202507000200,OG-002,offgrid
2e275f58ef4df63c6f6f0407bc023f0b,2026-02-23 17:02:09,00202507001060,Off Grid,00073.08,00012.29,232.9,50.0,0.0,309.4,0,1068,0.0,91,0,0,232.9,50.0,7965,7921,72,230.0,47.8,48.0,230.0,47.8,50.0,11000,11000,48.0,58.4,58.4,User,60.0,20.0,Appliance,Solar Utility Bat,Solar + Utility,6,54.0,365,0,0.0,Load on,3.4,Line Mode,480400,0,00202507000200,OG-002,offgrid
5cf9c8f7e7d1f973141ebd554b32e748,2026-02-23 17:16:52,00202507001060,Off Grid,00073.08,00012.29,234.3,50.0,0.0,393.8,0,2851,0.0,91,0,0,234.3,50.0,9644,9606,87,230.0,47.8,48.0,230.0,47.8,50.0,11000,11000,48.0,58.4,58.4,User,60.0,20.0,Appliance,Solar Utility Bat,Solar + Utility,6,54.0,405,0,0.0,Load on,7.2,Line Mode,480400,0,00202507000200,OG-002,offgrid
36fb754d0b88985b4e07bf046d486769,2026-02-23 17:21:49,00202507001060,Off Grid,00073.08,00012.29,224.2,50.0,0.0,389.8,0,641,0.0,91,0,0,224.2,50.0,9506,9499,86,230.0,47.8,48.0,230.0,47.8,50.0,11000,11000,48.0,58.4,58.4,User,60.0,20.0,Appliance,Solar Utility Bat,Solar + Utility,6,54.0,400,0,0.0,Load on,1.6,Line Mode,480400,0,00202507000200,OG-002,offgrid
19812c2fe801d535071001712b1b6fa7,2026-02-23 17:26:44,00202507001060,Off Grid,00073.08,00012.29,230.0,50.0,0.0,407.0,0,1681,0.0,91,0,0,230.0,50.0,9536,9511,86,230.0,47.8,48.0,230.0,47.8,50.0,11000,11000,48.0,58.4,58.4,User,60.0,20.0,Appliance,Solar Utility Bat,Solar + Utility,6,54.0,422,0,0.0,Load on,4.1,Line Mode,480400,0,00202507000200,OG-002,offgrid
498a11a1b1f5abdb5ed7bd2ec8524e57,2026-02-23 17:31:37,00202507001060,Off Grid,00073.08,00012.29,231.5,49.9,0.0,323.6,0,757,0.0,91,0,0,231.5,49.9,7245,7209,65,230.0,47.8,48.0,230.0,47.8,50.0,11000,11000,48.0,58.4,58.4,User,60.0,20.0,Appliance,Solar Utility Bat,Solar + Utility,6,54.0,363,0,0.0,Load on,2.3,Line Mode,480400,0,00202507000200,OG-002,offgrid
3eb5005e5823a7e87fa1cc7dfbd4e42e,2026-02-23 17:41:27,00202507001060,Off Grid,00073.08,00012.29,229.6,49.9,0.0,394.2,0,721,0.0,91,0,0,229.6,49.9,7071,7021,64,230.0,47.8,48.0,230.0,47.8,50.0,11000,11000,48.0,58.4,58.4,User,60.0,20.0,Appliance,Solar Utility Bat,Solar + Utility,6,54.0,402,0,0.0,Load on,1.8,Line Mode,482200,0,00202507000200,OG-002,offgrid
0ca61e4b4f9f07b357ce222d9a00dc4c,2026-02-23 17:46:22,00202507001060,Off Grid,00073.08,00012.29,239.8,50.0,0.0,338.3,0,2480,0.0,91,0,0,239.8,50.0,7505,7453,68,230.0,47.8,48.0,230.0,47.8,50.0,11000,11000,48.0,58.4,58.4,User,60.0,20.0,Appliance,Solar Utility Bat,Solar + Utility,6,54.0,376,0,0.0,Load on,7.3,Line Mode,482200,0,00202507000200,OG-002,offgrid
31f77d1d4d4a06cb37f46729941fb884,2026-02-23 18:06:10,00202507001060,Off Grid,00073.08,00012.29,231.9,50.0,0.0,384.5,0,697,0.0,91,0,0,231.9,50.0,6884,6868,62,230.0,47.8,48.0,230.0,47.8,50.0,11000,11000,48.0,58.4,58.4,User,60.0,20.0,Appliance,Solar Utility Bat,Solar + Utility,6,54.0,393,0,0.0,Load on,1.8,Line Mode,482200,0,00202507000200,OG-002,offgrid
10b10c5c7b2f1851013504b4de836439,2026-02-23 18:25:56,00202507001060,Off Grid,00073.08,00012.29,239.5,49.9,0.0,381.0,0,631,0.0,91,0,0,239.5,49.9,4047,3944,36,230.0,47.8,48.0,230.0,47.8,50.0,11000,11000,48.0,58.4,58.4,User,60.0,20.0,Appliance,Solar Utility Bat,Solar + Utility,6,54.0,388,0,0.0,Load on,1.6,Line Mode,482200,0,00202507000200,OG-002,offgrid
6c562f469fdd9b14268965710c67fcbb,2026-02-23 18:30:49,00202507001060,Off Grid,00073.08,00012.29,235.7,49.9,0.0,383.3,0,1407,0.0,91,0,0,235.7,49.9,6193,6163,56,230.0,47.8,48.0,230.0,47.8,50.0,11000,11000,48.0,58.4,58.4,User,60.0,20.0,Appliance,Solar Utility Bat,Solar + Utility,6,54.0,406,0,0.0,Load on,3.6,Line Mode,482200,0,00202507000200,OG-002,offgrid
602b04fde0f4f7b97ba29a48c86b28e8,2026-02-23 18:45:34,00202507001060,Off Grid,00073.08,00012.29,253.9,49.9,0.0,423.1,0,3245,0.0,91,0,0,253.9,49.9,3833,3642,34,230.0,47.8,48.0,230.0,47.8,50.0,11000,11000,48.0,58.4,58.4,User,60.0,20.0,Appliance,Solar Utility Bat,Solar + Utility,6,54.0,453,0,0.0,Load on,7.6,Line Mode,484200,0,00202507000200,OG-002,offgrid
29b96b920f9a4c8d1ca3097cd8e6db26,2026-02-23 18:50:29,00202507001060,Off Grid,00073.08,00012.29,251.9,49.9,0.0,381.7,0,4071,0.0,91,0,0,251.9,49.9,5138,5100,46,230.0,47.8,48.0,230.0,47.8,50.0,11000,11000,48.0,58.4,58.4,User,60.0,20.0,Appliance,Solar Utility Bat,Solar + Utility,6,54.0,393,0,0.0,Load on,10.6,Line Mode,484200,0,00202507000200,OG-002,offgrid
14e6e26763603ea4531a104241d15944,2026-02-23 18:55:25,00202507001060,Off Grid,00073.08,00012.29,251.3,50.0,0.0,379.5,0,4241,0.0,91,0,0,251.3,50.0,4927,4891,44,230.0,47.8,48.0,230.0,47.8,50.0,11000,11000,48.0,58.4,58.4,User,60.0,20.0,Appliance,Solar Utility Bat,Solar + Utility,6,54.0,393,0,0.0,Load on,11.1,Line Mode,484200,0,00202507000200,OG-002,offgrid
27a0b6de07fd38ae335db6140af2eb6d,2026-02-23 19:00:22,00202507001060,Off Grid,00073.08,00012.29,251.4,49.9,0.0,379.5,0,4194,0.0,91,0,0,251.4,49.9,5155,5120,46,230.0,47.8,48.0,230.0,47.8,50.0,11000,11000,48.0,58.4,58.4,User,60.0,20.0,Appliance,Solar Utility Bat,Solar + Utility,6,54.0,393,0,0.0,Load on,11.0,Line Mode,484200,0,00202507000200,OG-002,offgrid
2af4334f9fc5ed3e334a72c8e04bc301,2026-02-23 19:10:09,00202507001060,Off Grid,00073.08,00012.29,247.7,50.0,0.0,385.8,0,3733,0.0,91,0,0,247.7,50.0,4706,4582,42,230.0,47.8,48.0,230.0,47.8,50.0,11000,11000,48.0,58.4,58.4,User,60.0,20.0,Appliance,Solar Utility Bat,Solar + Utility,6,54.0,401,0,0.0,Load on,9.6,Line Mode,484200,0,00202507000200,OG-002,offgrid
6e98b6aa7dcb32fc63e7b318fc37038d,2026-02-23 19:15:03,00202507001060,Off Grid,00073.08,00012.29,246.0,50.0,0.0,382.1,0,833,0.0,91,0,0,246.0,50.0,1672,1661,15,230.0,47.8,48.0,230.0,47.8,50.0,11000,11000,48.0,58.4,58.4,User,60.0,20.0,Appliance,Solar Utility Bat,Solar + Utility,6,54.0,392,0,0.0,Load on,2.1,Line Mode,484200,0,00202507000200,OG-002,offgrid
79769863a9c895de74749bb539364808,2026-02-23 19:19:57,00202507001060,Off Grid,00073.08,00012.29,249.6,50.0,0.0,430.1,0,1369,0.0,91,0,0,249.6,50.0,1697,1662,15,230.0,47.8,48.0,230.0,47.8,50.0,11000,11000,48.0,58.4,58.4,User,60.0,20.0,Appliance,Solar Utility Bat,Solar + Utility,6,54.0,460,0,0.0,Load on,3.1,Line Mode,484200,0,00202507000200,OG-002,offgrid
5992754397b17fcd5958979c7e2f6cd0,2026-02-23 19:29:46,00202507001060,Off Grid,00073.08,00012.29,250.0,49.9,0.0,435.6,0,1394,0.0,91,0,0,250.0,49.9,1700,1677,15,230.0,47.8,48.0,230.0,47.8,50.0,11000,11000,48.0,58.4,58.4,User,60.0,20.0,Appliance,Solar Utility Bat,Solar + Utility,6,54.0,466,0,0.0,Load on,3.2,Line Mode,484200,0,00202507000200,OG-002,offgrid
7f05ac739480bbf1689088ed9c2cf6b8,2026-02-23 19:34:39,00202507001060,Off Grid,00073.08,00012.29,247.8,50.0,0.0,406.7,0,1351,0.0,91,0,0,247.8,50.0,1709,1672,15,230.0,47.8,48.0,230.0,47.8,50.0,11000,11000,48.0,58.4,58.4,User,60.0,20.0,Appliance,Solar Utility Bat,Solar + Utility,6,54.0,437,0,0.0,Load on,3.3,Line Mode,484200,0,00202507000200,OG-002,offgrid
659f2d2e3a1af6d82c6f4c867f167302,2026-02-23 19:39:34,00202507001060,Off Grid,00073.08,00012.29,248.0,50.0,0.0,385.7,0,1374,0.0,91,0,0,248.0,50.0,1784,1774,16,230.0,47.8,48.0,230.0,47.8,50.0,11000,11000,48.0,58.4,58.4,User,60.0,20.0,Appliance,Solar Utility Bat,Solar + Utility,6,54.0,399,0,0.0,Load on,3.5,Line Mode,486500,0,00202507000200,OG-002,offgrid
40589b9d3cf7fcd15b945cb3004978fe,2026-02-23 19:59:13,00202507001060,Off Grid,00073.08,00012.29,246.7,50.0,0.0,401.6,0,1930,0.0,91,0,0,246.7,50.0,2754,2754,25,230.0,47.8,48.0,230.0,47.8,50.0,11000,11000,48.0,58.4,58.4,User,60.0,20.0,Appliance,Solar Utility Bat,Solar + Utility,6,54.0,412,0,0.0,Load on,4.8,Line Mode,486500,0,00202507000200,OG-002,offgrid
74976e1681a4ef6e20e947fc9a0c6356,2026-02-23 20:04:08,00202507001060,Off Grid,00073.08,00012.29,251.5,49.9,0.0,464.3,0,126,0.0,91,0,0,251.5,49.9,754,335,6,230.0,47.8,48.0,230.0,47.8,50.0,11000,11000,48.0,58.4,58.4,User,60.0,20.0,Appliance,Solar Utility Bat,Solar + Utility,6,54.0,470,0,0.0,Load on,0.2,Line Mode,486500,0,00202507000200,OG-002,offgrid
68b4e8894542bd1c54cbb8f33b097306,2026-02-23 20:09:02,00202507001060,Off Grid,00073.08,00012.29,251.6,49.9,0.0,452.2,0,191,0.0,91,0,0,251.6,49.9,704,437,6,230.0,47.8,48.0,230.0,47.8,50.0,11000,11000,48.0,58.4,58.4,User,60.0,20.0,Appliance,Solar Utility Bat,Solar + Utility,6,54.0,470,0,0.0,Load on,0.4,Line Mode,486500,0,00202507000200,OG-002,offgrid
78f420c79f04740751e9760f7bd04c53,2026-02-23 20:13:56,00202507001060,Off Grid,00073.08,00012.29,249.0,49.9,0.0,445.0,0,196,0.0,91,0,0,249.0,49.9,696,430,6,230.0,47.8,48.0,230.0,47.8,50.0,11000,11000,48.0,58.4,58.4,User,60.0,20.0,Appliance,Solar Utility Bat,Solar + Utility,6,54.0,470,0,0.0,Load on,0.4,Line Mode,486500,0,00202507000200,OG-002,offgrid
270ea372a8057c8c692bfb8f25f92bd7,2026-02-23 20:28:36,00202507001060,Off Grid,00073.08,00012.29,251.0,49.9,0.0,449.4,0,118,0.0,91,0,0,251.0,49.9,727,319,6,230.0,47.8,48.0,230.0,47.8,50.0,11000,11000,48.0,58.4,58.4,User,60.0,20.0,Appliance,Solar Utility Bat,Solar + Utility,6,54.0,470,0,0.0,Load on,0.2,Line Mode,486500,0,00202507000200,OG-002,offgrid
1c1740e2c70c154453e4adaa52ddad89,2026-02-23 20:38:24,00202507001060,Off Grid,00073.08,00012.29,248.2,49.9,0.0,452.1,0,122,0.0,91,0,0,248.2,49.9,744,390,6,230.0,47.8,48.0,230.0,47.8,50.0,11000,11000,48.0,58.4,58.4,User,60.0,20.0,Appliance,Solar Utility Bat,Solar + Utility,6,54.0,470,0,0.0,Load on,0.2,Line Mode,486500,0,00202507000200,OG-002,offgrid
20221d82a450f31123326045333876c2,2026-02-23 20:53:07,00202507001060,Off Grid,00073.08,00012.29,247.2,49.9,0.0,391.1,0,1225,0.0,91,0,0,247.2,49.9,1855,1849,16,230.0,47.8,48.0,230.0,47.8,50.0,11000,11000,48.0,58.4,58.4,User,60.0,20.0,Appliance,Solar Utility Bat,Solar + Utility,6,54.0,400,0,0.0,Load on,3.1,Line Mode,487400,0,00202507000200,OG-002,offgrid
1534886f97a178ea1d3b10ff589bd5fa,2026-02-23 21:17:44,00202507001060,Off Grid,00073.08,00012.29,245.1,50.0,0.0,390.8,0,794,0.0,91,0,0,245.1,50.0,2377,2361,21,230.0,47.8,48.0,230.0,47.8,50.0,11000,11000,48.0,58.4,58.4,User,60.0,20.0,Appliance,Solar Utility Bat,Solar + Utility,6,54.0,399,0,0.0,Load on,2.0,Line Mode,487400,0,00202507000200,OG-002,offgrid
01007349445848e46d12377303edeb7a,2026-02-23 21:42:17,00202507001060,Off Grid,00073.08,00012.29,244.4,50.1,0.0,394.2,0,724,0.0,91,0,0,244.4,50.1,1808,1790,16,230.0,47.8,48.0,230.0,47.8,50.0,11000,11000,48.0,58.4,58.4,User,60.0,20.0,Appliance,Solar Utility Bat,Solar + Utility,6,54.0,403,0,0.0,Load on,1.8,Line Mode,488100,0,00202507000200,OG-002,offgrid
4ebfa1bfd7c364ca234db8f2c1ad7843,2026-02-23 21:52:05,00202507001060,Off Grid,00073.08,00012.29,247.1,50.1,0.0,400.7,0,2240,0.0,91,0,0,247.1,50.1,3039,2976,27,230.0,47.8,48.0,230.0,47.8,50.0,11000,11000,48.0,58.4,58.4,User,60.0,20.0,Appliance,Solar Utility Bat,Solar + Utility,6,54.0,412,0,0.0,Load on,5.5,Line Mode,488100,0,00202507000200,OG-002,offgrid
7abbb21ea8b3f0aa346bece27147b502,2026-02-23 21:56:58,00202507001060,Off Grid,00073.08,00012.29,242.6,50.1,0.0,399.2,0,1013,0.0,91,0,0,242.6,50.1,2862,2813,26,230.0,47.8,48.0,230.0,47.8,50.0,11000,11000,48.0,58.4,58.4,User,60.0,20.0,Appliance,Solar Utility Bat,Solar + Utility,6,54.0,411,0,0.0,Load on,2.5,Line Mode,488100,0,00202507000200,OG-002,offgrid
2668d4e8cc04bf5e225d632a8be942d4,2026-02-23 22:01:52,00202507001060,Off Grid,00073.08,00012.29,249.1,50.0,0.0,437.0,0,1594,0.0,91,0,0,249.1,50.0,1892,1875,17,230.0,47.8,48.0,230.0,47.8,50.0,11000,11000,48.0,58.4,58.4,User,60.0,20.0,Appliance,Solar Utility Bat,Solar + Utility,6,54.0,467,0,0.0,Load on,3.6,Line Mode,488100,0,00202507000200,OG-002,offgrid
4d25dc0c5ff4c0b7162744f09599f1d6,2026-02-23 22:06:45,00202507001060,Off Grid,00073.08,00012.29,247.9,50.0,0.0,453.8,0,378,0.0,91,0,0,247.9,50.0,768,593,6,230.0,47.8,48.0,230.0,47.8,50.0,11000,11000,48.0,58.4,58.4,User,60.0,20.0,Appliance,Solar Utility Bat,Solar + Utility,6,54.0,469,0,0.0,Load on,0.8,Line Mode,488100,0,00202507000200,OG-002,offgrid
3112fa0bca9c7434507506d3c0bfbf62,2026-02-23 22:11:40,00202507001060,Off Grid,00073.08,00012.29,247.7,50.0,0.0,450.6,0,336,0.0,91,0,0,247.7,50.0,768,580,6,230.0,47.8,48.0,230.0,47.8,50.0,11000,11000,48.0,58.4,58.4,User,60.0,20.0,Appliance,Solar Utility Bat,Solar + Utility,6,54.0,470,0,0.0,Load on,0.7,Line Mode,488100,0,00202507000200,OG-002,offgrid
7b7d7b5cd57b96a8230c85b97aaea4be,2026-02-23 22:21:30,00202507001060,Off Grid,00073.08,00012.29,244.3,49.9,0.0,387.0,0,707,0.0,91,0,0,244.3,49.9,1514,1399,13,230.0,47.8,48.0,230.0,47.8,50.0,11000,11000,48.0,58.4,58.4,User,60.0,20.0,Appliance,Solar Utility Bat,Solar + Utility,6,54.0,397,0,0.0,Load on,1.8,Line Mode,488100,0,00202507000200,OG-002,offgrid
127707ddeaf6cfa63c0d91fb869ff206,2026-02-23 22:26:26,00202507001060,Off Grid,00073.08,00012.29,241.8,49.8,0.0,384.8,0,416,0.0,91,0,0,241.8,49.8,1474,1362,13,230.0,47.8,48.0,230.0,47.8,50.0,11000,11000,48.0,58.4,58.4,User,60.0,20.0,Appliance,Solar Utility Bat,Solar + Utility,6,54.0,394,0,0.0,Load on,1.0,Line Mode,488100,0,00202507000200,OG-002,offgrid
0c52a88e9085de414b9449c4bac2a3c2,2026-02-23 22:31:19,00202507001060,Off Grid,00073.08,00012.29,235.5,49.9,0.0,379.8,0,369,0.0,91,0,0,235.5,49.9,3979,3947,36,230.0,47.8,48.0,230.0,47.8,50.0,11000,11000,48.0,58.4,58.4,User,60.0,20.0,Appliance,Solar Utility Bat,Solar + Utility,6,54.0,389,0,0.0,Load on,0.9,Line Mode,488100,0,00202507000200,OG-002,offgrid
7aadaca588b1380d49029dd22dc0eb86,2026-02-23 22:36:13,00202507001060,Off Grid,00073.08,00012.29,243.4,49.9,0.0,418.8,0,238,0.0,91,0,0,243.4,49.9,730,476,6,230.0,47.8,48.0,230.0,47.8,50.0,11000,11000,48.0,58.4,58.4,User,60.0,20.0,Appliance,Solar Utility Bat,Solar + Utility,6,54.0,448,0,0.0,Load on,0.5,Line Mode,488100,0,00202507000200,OG-002,offgrid
7228968bfd7f69583e87dc63b9cd9015,2026-02-23 22:41:07,00202507001060,Off Grid,00073.08,00012.29,243.7,50.0,0.0,422.0,0,208,0.0,91,0,0,243.7,50.0,731,472,6,230.0,47.8,48.0,230.0,47.8,50.0,11000,11000,48.0,58.4,58.4,User,60.0,20.0,Appliance,Solar Utility Bat,Solar + Utility,6,54.0,452,0,0.0,Load on,0.4,Line Mode,488900,0,00202507000200,OG-002,offgrid
70508c7dd097fcac2c2ea8358cd708bd,2026-02-23 22:46:01,00202507001060,Off Grid,00073.08,00012.29,242.8,49.8,0.0,220.4,0,145,0.0,91,0,0,242.8,49.8,874,500,7,230.0,47.8,48.0,230.0,47.8,50.0,11000,11000,48.0,58.4,58.4,User,60.0,20.0,Appliance,Solar Utility Bat,Solar + Utility,6,54.0,428,0,0.0,Load on,0.6,Line Mode,488900,0,00202507000200,OG-002,offgrid
2051d29a2a725a7b259e425e6b25b3d8,2026-02-23 22:55:51,00202507001060,Off Grid,00073.08,00012.29,226.6,49.9,0.0,377.1,0,200,0.0,91,0,0,226.6,49.9,5506,5471,50,230.0,47.8,48.0,230.0,47.8,50.0,11000,11000,48.0,58.4,58.4,User,60.0,20.0,Appliance,Solar Utility Bat,Solar + Utility,6,54.0,385,0,0.0,Load on,0.5,Line Mode,488900,0,00202507000200,OG-002,offgrid
269431e85d957a737ea7efe833c3a235,2026-02-23 23:00:49,00202507001060,Off Grid,00073.08,00012.29,228.3,49.8,0.0,89.9,0,43,0.0,91,0,0,228.3,49.8,5408,5355,49,230.0,47.8,48.0,230.0,47.8,50.0,11000,11000,48.0,58.4,58.4,User,60.0,20.0,Appliance,Solar Utility Bat,Solar + Utility,6,54.0,358,0,0.0,Load on,0.4,Line Mode,488900,0,00202507000200,OG-002,offgrid
5d0ba78bc44b5c303074727c8ed85014,2026-02-23 23:05:46,00202507001060,Off Grid,00073.08,00012.29,226.7,50.0,0.0,89.9,0,39,0.0,91,0,0,226.7,50.0,5486,5351,49,230.0,47.8,48.0,230.0,47.8,50.0,11000,11000,48.0,58.4,58.4,User,60.0,20.0,Appliance,Solar Utility Bat,Solar + Utility,6,54.0,356,0,0.0,Load on,0.4,Line Mode,488900,0,00202507000200,OG-002,offgrid
0ee0a6412d00ada837f1e8da9d0f8018,2026-02-23 23:10:41,00202507001060,Off Grid,00073.08,00012.29,226.5,50.0,0.0,90.0,0,34,0.0,91,0,0,226.5,50.0,5549,5476,50,230.0,47.8,48.0,230.0,47.8,50.0,11000,11000,48.0,58.4,58.4,User,60.0,20.0,Appliance,Solar Utility Bat,Solar + Utility,6,54.0,356,0,0.0,Load on,0.3,Line Mode,488900,0,00202507000200,OG-002,offgrid
12799c7062145aae5df20f826bfaae54,2026-02-23 23:25:21,00202507001060,Off Grid,00073.08,00012.29,225.4,49.8,0.0,90.0,0,24,0.0,91,0,0,225.4,49.8,5612,5592,51,230.0,47.8,48.0,230.0,47.8,50.0,11000,11000,48.0,58.4,58.4,User,60.0,20.0,Appliance,Solar Utility Bat,Solar + Utility,6,54.0,355,0,0.0,Load on,0.2,Line Mode,488900,0,00202507000200,OG-002,offgrid
2126b1e17c92191068537863d2cc83e5,2026-02-23 23:35:13,00202507001060,Off Grid,00073.08,00012.29,225.3,49.9,0.0,0.0,0,0,0.0,91,0,0,225.3,49.9,5722,5667,52,230.0,47.8,48.0,230.0,47.8,50.0,11000,11000,48.0,58.4,58.4,User,60.0,20.0,Appliance,Solar Utility Bat,Solar + Utility,6,54.0,354,0,0.0,Load on,0.0,Line Mode,489000,0,00202507000200,OG-002,offgrid
05419abee613e0ad4e1a6458c2726df7,2026-02-23 23:40:12,00202507001060,Off Grid,00073.08,00012.29,222.9,49.9,0.0,0.0,0,0,0.0,91,0,0,222.9,49.9,5750,5652,52,230.0,47.8,48.0,230.0,47.8,50.0,11000,11000,48.0,58.4,58.4,User,60.0,20.0,Appliance,Solar Utility Bat,Solar + Utility,6,54.0,351,0,0.0,Load on,0.0,Line Mode,489000,0,00202507000200,OG-002,offgrid
3541923d0847e2ef7aae3e5506fe2fcf,2026-02-23 23:45:05,00202507001060,Off Grid,00073.08,00012.29,225.7,50.0,0.0,0.0,0,0,0.0,91,0,0,225.7,50.0,5657,5622,51,230.0,47.8,48.0,230.0,47.8,50.0,11000,11000,48.0,58.4,58.4,User,60.0,20.0,Appliance,Solar Utility Bat,Solar + Utility,6,54.0,355,0,0.0,Load on,0.0,Line Mode,489000,0,00202507000200,OG-002,offgrid
02b4f753e0669a603a63e3c92738b5d2,2026-02-23 23:49:58,00202507001060,Off Grid,00073.08,00012.29,218.6,49.9,0.0,0.0,0,0,0.0,91,0,0,218.6,49.9,7738,7700,70,230.0,47.8,48.0,230.0,47.8,50.0,11000,11000,48.0,58.4,58.4,User,60.0,20.0,Appliance,Solar Utility Bat,Solar + Utility,6,54.0,349,0,0.0,Load on,0.0,Line Mode,489000,0,00202507000200,OG-002,offgrid
10980b1ca9c7d7e07f08e22a59dd4764,2026-02-23 23:54:52,00202507001060,Off Grid,00073.08,00012.29,218.9,49.9,0.0,73.8,0,0,0.0,91,0,0,218.9,49.9,7814,7738,71,230.0,47.8,48.0,230.0,47.8,50.0,11000,11000,48.0,58.4,58.4,User,60.0,20.0,Appliance,Solar Utility Bat,Solar + Utility,6,54.0,352,0,0.0,Load on,0.0,Line Mode,489000,0,00202507000200,OG-002,offgrid
4269629bb6e308255c6e358901d7dbcd,2026-02-23 23:59:46,00202507001060,Off Grid,00073.08,00012.29,226.2,49.9,0.0,0.0,0,0,0.0,91,0,0,226.2,49.9,5541,5462,50,230.0,47.8,48.0,230.0,47.8,50.0,11000,11000,48.0,58.4,58.4,User,60.0,20.0,Appliance,Solar Utility Bat,Solar + Utility,6,54.0,355,0,0.0,Load on,0.0,Line Mode,489000,0,00202507000200,OG-002,offgrid
1ee5d67be5ad684805472643348315e8,2026-03-01 20:26:52,00202507001060,Off Grid,00073.08,00012.29,248.8,49.9,0.0,392.6,0,3314,0.0,0,0,0,248.8,49.9,5448,5323,49,230.0,47.8,48.0,230.0,47.8,50.0,11000,11000,48.0,58.4,58.4,User,60.0,20.0,Appliance,Solar Utility Bat,Solar + Utility,6,54.0,402,0,0.0,Load on,8.4,Line Mode,599800,0,00202507000200,OG-002,offgrid
05c52ade07d448ce087abf35feef453d,2026-03-01 20:31:50,00202507001060,Off Grid,00073.08,00012.29,249.5,49.8,0.0,391.4,0,3223,0.0,0,0,0,249.5,49.8,5436,5285,49,230.0,47.8,48.0,230.0,47.8,50.0,11000,11000,48.0,58.4,58.4,User,60.0,20.0,Appliance,Solar Utility Bat,Solar + Utility,6,54.0,400,0,0.0,Load on,8.2,Line Mode,599800,0,00202507000200,OG-002,offgrid
1787929db893660e3513f07f3280e3c5,2026-03-01 20:41:51,00202507001060,Off Grid,00073.08,00012.29,247.3,50.1,0.0,392.3,0,3093,0.0,0,0,0,247.3,50.1,5564,5470,50,230.0,47.8,48.0,230.0,47.8,50.0,11000,11000,48.0,58.4,58.4,User,60.0,20.0,Appliance,Solar Utility Bat,Solar + Utility,6,54.0,403,0,0.0,Load on,7.8,Line Mode,603300,0,00202507000200,OG-002,offgrid
66ed948cde3f56356867f03a29aa859f,2026-03-01 20:51:54,00202507001060,Off Grid,00073.08,00012.29,245.6,50.0,0.0,393.3,0,2939,0.0,0,0,0,245.6,50.0,6852,6801,62,230.0,47.8,48.0,230.0,47.8,50.0,11000,11000,48.0,58.4,58.4,User,60.0,20.0,Appliance,Solar Utility Bat,Solar + Utility,6,54.0,406,0,0.0,Load on,7.4,Line Mode,603300,0,00202507000200,OG-002,offgrid
518b7f9093926c880f24a6048f7abade,2026-03-01 20:56:57,00202507001060,Off Grid,00073.08,00012.29,244.7,50.0,0.0,395.7,0,2861,0.0,0,0,0,244.7,50.0,6827,6798,62,230.0,47.8,48.0,230.0,47.8,50.0,11000,11000,48.0,58.4,58.4,User,60.0,20.0,Appliance,Solar Utility Bat,Solar + Utility,6,54.0,407,0,0.0,Load on,7.2,Line Mode,603300,0,00202507000200,OG-002,offgrid
0869090dcc6bca88528187c54549bcef,2026-03-01 21:01:59,00202507001060,Off Grid,00073.08,00012.29,245.1,50.0,0.0,393.6,0,2785,0.0,0,0,0,245.1,50.0,6884,6863,62,230.0,47.8,48.0,230.0,47.8,50.0,11000,11000,48.0,58.4,58.4,User,60.0,20.0,Appliance,Solar Utility Bat,Solar + Utility,6,54.0,404,0,0.0,Load on,7.0,Line Mode,603300,0,00202507000200,OG-002,offgrid
47e99c8281195705331fc7ed9d40c139,2026-03-01 21:07:00,00202507001060,Off Grid,00073.08,00012.29,245.1,50.1,0.0,397.2,0,2711,0.0,0,0,0,245.1,50.1,6887,6853,62,230.0,47.8,48.0,230.0,47.8,50.0,11000,11000,48.0,58.4,58.4,User,60.0,20.0,Appliance,Solar Utility Bat,Solar + Utility,6,54.0,408,0,0.0,Load on,6.8,Line Mode,603300,0,00202507000200,OG-002,offgrid
30bbe64330b793285b4ad14173490c96,2026-03-01 21:22:03,00202507001060,Off Grid,00073.08,00012.29,242.7,50.0,0.0,397.3,0,2434,0.0,0,0,0,242.7,50.0,6720,6666,61,230.0,47.8,48.0,230.0,47.8,50.0,11000,11000,48.0,58.4,58.4,User,60.0,20.0,Appliance,Solar Utility Bat,Solar + Utility,6,54.0,407,0,0.0,Load on,6.1,Line Mode,603300,0,00202507000200,OG-002,offgrid
19df6d147e626a144be53043aa7a37bb,2026-03-01 21:27:08,00202507001060,Off Grid,00073.08,00012.29,242.3,49.9,0.0,399.4,0,2346,0.0,0,0,0,242.3,49.9,6687,6684,60,230.0,47.8,48.0,230.0,47.8,50.0,11000,11000,48.0,58.4,58.4,User,60.0,20.0,Appliance,Solar Utility Bat,Solar + Utility,6,54.0,410,0,0.0,Load on,5.8,Line Mode,603300,0,00202507000200,OG-002,offgrid
689dcd77fa78fadf38eb545e16038c8e,2026-03-01 21:32:08,00202507001060,Off Grid,00073.08,00012.29,239.6,50.0,0.0,399.4,0,2244,0.0,0,0,0,239.6,50.0,6724,6654,61,230.0,47.8,48.0,230.0,47.8,50.0,11000,11000,48.0,58.4,58.4,User,60.0,20.0,Appliance,Solar Utility Bat,Solar + Utility,6,54.0,409,0,0.0,Load on,5.6,Line Mode,603300,0,00202507000200,OG-002,offgrid
5c64aea7b93892a46523b7e1ac2f90a9,2026-03-01 21:37:11,00202507001060,Off Grid,00073.08,00012.29,241.1,49.8,0.0,401.1,0,2151,0.0,0,0,0,241.1,49.8,6823,6815,62,230.0,47.8,48.0,230.0,47.8,50.0,11000,11000,48.0,58.4,58.4,User,60.0,20.0,Appliance,Solar Utility Bat,Solar + Utility,6,54.0,411,0,0.0,Load on,5.3,Line Mode,603300,0,00202507000200,OG-002,offgrid
0710c6ec25882c8b73c585af82396821,2026-03-01 22:32:18,00202507001060,Off Grid,00073.08,00012.29,234.4,49.9,0.0,404.2,0,1021,0.0,0,0,0,234.4,49.9,6232,6188,56,230.0,47.8,48.0,230.0,47.8,50.0,11000,11000,48.0,58.4,58.4,User,60.0,20.0,Appliance,Solar Utility Bat,Solar + Utility,6,54.0,413,0,0.0,Load on,2.5,Line Mode,606000,0,00202507000200,OG-002,offgrid
6cab171baa66fa5b54a933a3af72277b,2026-03-01 22:47:22,00202507001060,Off Grid,00073.08,00012.29,232.8,49.8,0.0,402.2,0,715,0.0,0,0,0,232.8,49.8,5543,5475,50,230.0,47.8,48.0,230.0,47.8,50.0,11000,11000,48.0,58.4,58.4,User,60.0,20.0,Appliance,Solar Utility Bat,Solar + Utility,6,54.0,412,0,0.0,Load on,1.7,Line Mode,607500,0,00202507000200,OG-002,offgrid
0109029cd8176370466616a86eb82854,2026-03-01 23:47:21,00202507001060,Off Grid,00073.08,00012.29,226.8,49.9,0.0,0.0,0,0,0.0,0,0,0,226.8,49.9,5465,5414,49,230.0,47.8,48.0,230.0,47.8,50.0,11000,11000,48.0,58.4,58.4,User,60.0,20.0,Appliance,Solar Utility Bat,Solar + Utility,6,54.0,356,0,0.0,Load on,0.0,Line Mode,607800,0,00202507000200,OG-002,offgrid
5d2b6f978c1368815403d98d3b3e6a2a,2026-03-06 23:55:37,00202507001060,Off Grid,00073.08,00012.29,240.2,49.9,0.0,0.0,0,0,52.7,88,0,14,230.0,49.9,782,717,7,230.0,47.8,48.0,230.0,47.8,50.0,11000,11000,49.0,58.4,58.4,User,2.0,30.0,Appliance,Solar Bat Utility,Only Solar Charging Permitted,6,54.0,369,0,0.0,Load on,0.0,Battery Mode,719200,0,00202507000200,OG-002,offgrid
684feb8e2ea2eaf17e561ca3a2de3b71,2026-03-07 05:56:29,00202507001060,Off Grid,00073.08,00012.29,233.3,50.0,0.0,0.0,0,0,52.9,59,0,0,233.3,50.0,3129,3129,28,230.0,47.8,48.0,230.0,47.8,50.0,11000,11000,48.0,58.4,58.4,User,2.0,30.0,Appliance,Solar Bat Utility,Only Solar Charging Permitted,6,54.0,421,0,0.0,Load on,0.0,Line Mode,719200,0,00202507000200,OG-002,offgrid
0320ae16bf655edd7e19d21a0a4c2aa6,2026-03-07 07:10:47,00202507001060,Off Grid,00073.08,00012.29,234.2,50.0,0.0,0.0,0,0,52.9,59,0,0,234.2,50.0,3146,3077,28,230.0,47.8,48.0,230.0,47.8,50.0,11000,11000,48.0,58.4,58.4,User,2.0,30.0,Appliance,Solar Bat Utility,Only Solar Charging Permitted,6,54.0,423,0,0.0,Load on,0.0,Line Mode,719200,0,00202507000200,OG-002,offgrid
22394369686932f8248a639c377844f9,2026-03-07 07:15:46,00202507001060,Off Grid,00073.08,00012.29,233.2,50.0,0.0,0.0,0,0,52.9,59,0,0,233.2,50.0,3218,3098,29,230.0,47.8,48.0,230.0,47.8,50.0,11000,11000,48.0,58.4,58.4,User,2.0,30.0,Appliance,Solar Bat Utility,Only Solar Charging Permitted,6,54.0,423,0,0.0,Load on,0.0,Line Mode,719200,0,00202507000200,OG-002,offgrid
4f84e70ef60a7b551b19b0121b761aa3,2026-03-07 07:20:43,00202507001060,Off Grid,00073.08,00012.29,233.0,50.0,0.0,0.0,0,0,52.9,59,0,0,233.0,50.0,3122,3083,28,230.0,47.8,48.0,230.0,47.8,50.0,11000,11000,48.0,58.4,58.4,User,2.0,30.0,Appliance,Solar Bat Utility,Only Solar Charging Permitted,6,54.0,422,0,0.0,Load on,0.0,Line Mode,719200,0,00202507000200,OG-002,offgrid
352514811000ae945ae71aced5da1ac3,2026-03-07 07:25:43,00202507001060,Off Grid,00073.08,00012.29,232.2,49.9,0.0,0.0,0,0,53.0,59,0,0,232.2,49.9,3204,3144,29,230.0,47.8,48.0,230.0,47.8,50.0,11000,11000,48.0,58.4,58.4,User,2.0,30.0,Appliance,Solar Bat Utility,Only Solar Charging Permitted,6,54.0,423,0,0.0,Load on,0.0,Line Mode,719200,0,00202507000200,OG-002,offgrid
1139f08e491399434536125c5e19b85b,2026-03-07 07:35:38,00202507001060,Off Grid,00073.08,00012.29,231.3,50.0,0.0,0.0,0,0,53.0,59,0,0,231.3,50.0,3700,3580,33,230.0,47.8,48.0,230.0,47.8,50.0,11000,11000,48.0,58.4,58.4,User,2.0,30.0,Appliance,Solar Bat Utility,Only Solar Charging Permitted,6,54.0,422,0,0.0,Load on,0.0,Line Mode,719200,0,00202507000200,OG-002,offgrid
6e8add15ce68ef6c70260d7ae1716ca1,2026-03-07 07:40:35,00202507001060,Off Grid,00073.08,00012.29,232.4,49.9,0.0,0.0,0,0,53.0,59,0,0,232.4,49.9,3651,3584,33,230.0,47.8,48.0,230.0,47.8,50.0,11000,11000,48.0,58.4,58.4,User,2.0,30.0,Appliance,Solar Bat Utility,Only Solar Charging Permitted,6,54.0,421,0,0.0,Load on,0.0,Line Mode,719200,0,00202507000200,OG-002,offgrid
117c7a51338e615b6236cfd4e2e61f2f,2026-03-07 07:45:32,00202507001060,Off Grid,00073.08,00012.29,227.9,50.0,0.0,0.0,0,0,53.0,59,0,0,227.9,50.0,3658,3658,33,230.0,47.8,48.0,230.0,47.8,50.0,11000,11000,48.0,58.4,58.4,User,2.0,30.0,Appliance,Solar Bat Utility,Only Solar Charging Permitted,6,54.0,416,0,0.0,Load on,0.0,Line Mode,719200,0,00202507000200,OG-002,offgrid
5f15147d5b4963801bbeee07ca73f8b1,2026-03-07 07:50:30,00202507001060,Off Grid,00073.08,00012.29,230.5,49.9,0.0,0.0,0,0,53.0,59,0,0,230.5,49.9,3618,3575,32,230.0,47.8,48.0,230.0,47.8,50.0,11000,11000,48.0,58.4,58.4,User,2.0,30.0,Appliance,Solar Bat Utility,Only Solar Charging Permitted,6,54.0,419,0,0.0,Load on,0.0,Line Mode,719200,0,00202507000200,OG-002,offgrid
4503b8da8bc7bef776d7b540339bfae9,2026-03-07 07:55:26,00202507001060,Off Grid,00073.08,00012.29,231.4,49.9,0.0,0.0,0,0,53.0,59,0,0,231.4,49.9,3563,3515,32,230.0,47.8,48.0,230.0,47.8,50.0,11000,11000,48.0,58.4,58.4,User,2.0,30.0,Appliance,Solar Bat Utility,Only Solar Charging Permitted,6,54.0,421,0,0.0,Load on,0.0,Line Mode,719200,0,00202507000200,OG-002,offgrid
1c4b743f327486ad71722fea0b6ac58b,2026-03-07 08:00:23,00202507001060,Off Grid,00073.08,00012.29,229.5,50.0,0.0,0.0,0,0,53.0,59,0,0,229.5,50.0,3834,3728,34,230.0,47.8,48.0,230.0,47.8,50.0,11000,11000,48.0,58.4,58.4,User,2.0,30.0,Appliance,Solar Bat Utility,Only Solar Charging Permitted,6,54.0,418,0,0.0,Load on,0.0,Line Mode,719200,0,00202507000200,OG-002,offgrid
7f2207798f1941420a0b097647d0f26a,2026-03-07 08:05:20,00202507001060,Off Grid,00073.08,00012.29,231.4,49.9,0.0,0.0,0,0,53.0,59,0,0,231.4,49.9,3586,3542,32,230.0,47.8,48.0,230.0,47.8,50.0,11000,11000,48.0,58.4,58.4,User,2.0,30.0,Appliance,Solar Bat Utility,Only Solar Charging Permitted,6,54.0,420,0,0.0,Load on,0.0,Line Mode,719200,0,00202507000200,OG-002,offgrid
61190516f687d7594a1f3d330cac7bc5,2026-03-07 08:10:16,00202507001060,Off Grid,00073.08,00012.29,230.9,49.9,0.0,0.0,0,0,53.0,59,0,0,230.9,49.9,3628,3628,32,230.0,47.8,48.0,230.0,47.8,50.0,11000,11000,48.0,58.4,58.4,User,2.0,30.0,Appliance,Solar Bat Utility,Only Solar Charging Permitted,6,54.0,417,0,0.0,Load on,0.0,Line Mode,719200,0,00202507000200,OG-002,offgrid
4d07021b772314ac76316cfcf8f90f85,2026-03-07 08:15:14,00202507001060,Off Grid,00073.08,00012.29,223.1,49.9,0.0,0.0,0,0,53.0,59,0,0,223.1,49.9,4949,4949,44,230.0,47.8,48.0,230.0,47.8,50.0,11000,11000,48.0,58.4,58.4,User,2.0,30.0,Appliance,Solar Bat Utility,Only Solar Charging Permitted,6,54.0,416,0,0.0,Load on,0.0,Line Mode,719200,0,00202507000200,OG-002,offgrid
34d49438a65af098463ecf92426b6934,2026-03-07 08:25:06,00202507001060,Off Grid,00073.08,00012.29,234.9,49.9,0.0,0.0,0,0,53.0,59,0,0,234.9,49.9,3070,2999,27,230.0,47.8,48.0,230.0,47.8,50.0,11000,11000,48.0,58.4,58.4,User,2.0,30.0,Appliance,Solar Bat Utility,Only Solar Charging Permitted,6,54.0,427,0,0.0,Load on,0.0,Line Mode,719200,0,00202507000200,OG-002,offgrid
6418ab07ed5723e241c1865db29ab98d,2026-03-07 08:30:04,00202507001060,Off Grid,00073.08,00012.29,221.0,49.9,0.0,0.0,0,0,53.0,59,0,0,221.0,49.9,5414,5389,49,230.0,47.8,48.0,230.0,47.8,50.0,11000,11000,48.0,58.4,58.4,User,2.0,30.0,Appliance,Solar Bat Utility,Only Solar Charging Permitted,6,54.0,416,0,0.0,Load on,0.0,Line Mode,719200,0,00202507000200,OG-002,offgrid
0cbc7216d6ca6bfc43262af1ad1d58f3,2026-03-07 08:34:59,00202507001060,Off Grid,00073.08,00012.29,221.9,50.0,0.0,0.0,0,0,53.0,59,0,0,221.9,50.0,5436,5422,49,230.0,47.8,48.0,230.0,47.8,50.0,11000,11000,48.0,58.4,58.4,User,2.0,30.0,Appliance,Solar Bat Utility,Only Solar Charging Permitted,6,54.0,417,0,0.0,Load on,0.0,Line Mode,719200,0,00202507000200,OG-002,offgrid
3c8b6c06fd62a2fc149456cecf33a64e,2026-03-07 08:49:51,00202507001060,Off Grid,00073.08,00012.29,221.8,49.9,0.0,0.0,0,0,53.1,59,0,0,221.8,49.9,5389,5367,48,230.0,47.8,48.0,230.0,47.8,50.0,11000,11000,48.0,58.4,58.4,User,2.0,30.0,Appliance,Solar Bat Utility,Only Solar Charging Permitted,6,54.0,417,0,0.0,Load on,0.0,Line Mode,719200,0,00202507000200,OG-002,offgrid
5310bbf790fbcaf56bc5df03ace019ed,2026-03-07 08:59:47,00202507001060,Off Grid,00073.08,00012.29,222.4,49.9,0.0,0.0,0,0,53.1,59,0,0,222.4,49.9,5404,5394,49,230.0,47.8,48.0,230.0,47.8,50.0,11000,11000,48.0,58.4,58.4,User,2.0,30.0,Appliance,Solar Bat Utility,Only Solar Charging Permitted,6,54.0,417,0,0.0,Load on,0.0,Line Mode,719200,0,00202507000200,OG-002,offgrid
131cc804af967a06706c474cf263a099,2026-03-07 09:04:46,00202507001060,Off Grid,00073.08,00012.29,221.5,49.9,0.0,0.0,0,0,53.1,59,0,0,221.5,49.9,5626,5599,51,230.0,47.8,48.0,230.0,47.8,50.0,11000,11000,48.0,58.4,58.4,User,2.0,30.0,Appliance,Solar Bat Utility,Only Solar Charging Permitted,6,54.0,417,0,0.0,Load on,0.0,Line Mode,719200,0,00202507000200,OG-002,offgrid
4fdde145277519d77b6ad9fcd7f42b39,2026-03-07 09:09:42,00202507001060,Off Grid,00073.08,00012.29,223.1,49.9,0.0,0.0,0,0,53.1,59,0,0,223.1,49.9,5443,5425,49,230.0,47.8,48.0,230.0,47.8,50.0,11000,11000,48.0,58.4,58.4,User,2.0,30.0,Appliance,Solar Bat Utility,Only Solar Charging Permitted,6,54.0,417,0,0.0,Load on,0.0,Line Mode,719200,0,00202507000200,OG-002,offgrid
43563bfc41e9a9f511a6f71c7606ff14,2026-03-07 09:14:39,00202507001060,Off Grid,00073.08,00012.29,224.1,49.9,0.0,0.0,0,0,53.1,59,0,0,224.1,49.9,5389,5389,48,230.0,47.8,48.0,230.0,47.8,50.0,11000,11000,48.0,58.4,58.4,User,2.0,30.0,Appliance,Solar Bat Utility,Only Solar Charging Permitted,6,54.0,417,0,0.0,Load on,0.0,Line Mode,719200,0,00202507000200,OG-002,offgrid
304c474819b4ba986e88e8a4c4c0bca3,2026-03-07 09:19:37,00202507001060,Off Grid,00073.08,00012.29,222.9,49.9,0.0,0.0,0,0,53.1,59,0,0,222.9,49.9,5394,5307,49,230.0,47.8,48.0,230.0,47.8,50.0,11000,11000,48.0,58.4,58.4,User,2.0,30.0,Appliance,Solar Bat Utility,Only Solar Charging Permitted,6,54.0,417,0,0.0,Load on,0.0,Line Mode,719200,0,00202507000200,OG-002,offgrid
438eeaad664c760878ddd6f2f2c83276,2026-03-07 09:29:31,00202507001060,Off Grid,00073.08,00012.29,220.9,49.9,0.0,0.0,0,0,53.1,59,0,0,220.9,49.9,5367,5330,48,230.0,47.8,48.0,230.0,47.8,50.0,11000,11000,48.0,58.4,58.4,User,2.0,30.0,Appliance,Solar Bat Utility,Only Solar Charging Permitted,6,54.0,417,0,0.0,Load on,0.0,Line Mode,719200,0,00202507000200,OG-002,offgrid
3fa1318fb532e63a27b9464b34908986,2026-03-07 09:39:29,00202507001060,Off Grid,00073.08,00012.29,221.3,50.0,0.0,0.0,0,0,53.1,59,0,0,221.3,50.0,5377,5368,48,230.0,47.8,48.0,230.0,47.8,50.0,11000,11000,48.0,58.4,58.4,User,2.0,30.0,Appliance,Solar Bat Utility,Only Solar Charging Permitted,6,54.0,417,0,0.0,Load on,0.0,Line Mode,719200,0,00202507000200,OG-002,offgrid
6a8840292057aed44d57412e919a8529,2026-03-07 09:44:24,00202507001060,Off Grid,00073.08,00012.29,220.6,49.9,0.0,0.0,0,0,53.1,59,0,0,220.6,49.9,5426,5393,49,230.0,47.8,48.0,230.0,47.8,50.0,11000,11000,48.0,58.4,58.4,User,2.0,30.0,Appliance,Solar Bat Utility,Only Solar Charging Permitted,6,54.0,417,0,0.0,Load on,0.0,Line Mode,719200,0,00202507000200,OG-002,offgrid
7a75662b7a8fced721686372a3ae5e6f,2026-03-07 09:49:22,00202507001060,Off Grid,00073.08,00012.29,221.5,50.0,0.0,0.0,0,0,53.1,59,0,0,221.5,50.0,5448,5448,49,230.0,47.8,48.0,230.0,47.8,50.0,11000,11000,48.0,58.4,58.4,User,2.0,30.0,Appliance,Solar Bat Utility,Only Solar Charging Permitted,6,54.0,417,0,0.0,Load on,0.0,Line Mode,719200,0,00202507000200,OG-002,offgrid
1b0e2cd9a6789d116ca63ac18e800fb7,2026-03-07 09:54:20,00202507001060,Off Grid,00073.08,00012.29,214.8,49.9,0.0,0.0,0,0,53.1,59,0,0,214.8,49.9,6618,6598,60,230.0,47.8,48.0,230.0,47.8,50.0,11000,11000,48.0,58.4,58.4,User,2.0,30.0,Appliance,Solar Bat Utility,Only Solar Charging Permitted,6,54.0,417,0,0.0,Load on,0.0,Line Mode,719200,0,00202507000200,OG-002,offgrid
74948550a398bdaa15324b8dedaa714f,2026-03-07 09:59:18,00202507001060,Off Grid,00073.08,00012.29,236.9,49.9,0.0,0.0,0,0,53.1,59,0,0,236.9,49.9,2984,2910,27,230.0,47.8,48.0,230.0,47.8,50.0,11000,11000,48.0,58.4,58.4,User,2.0,30.0,Appliance,Solar Bat Utility,Only Solar Charging Permitted,6,54.0,423,0,0.0,Load on,0.0,Line Mode,719200,0,00202507000200,OG-002,offgrid
3ea0fc3fb29bb0ef6fa65f9428ede384,2026-03-07 10:04:14,00202507001060,Off Grid,00073.08,00012.29,235.8,50.0,0.0,0.0,0,0,53.1,59,0,0,235.8,50.0,2971,2814,27,230.0,47.8,48.0,230.0,47.8,50.0,11000,11000,48.0,58.4,58.4,User,2.0,30.0,Appliance,Solar Bat Utility,Only Solar Charging Permitted,6,54.0,420,0,0.0,Load on,0.0,Line Mode,719200,0,00202507000200,OG-002,offgrid
03aa38a3d564cc3e0c44287ae6a608e2,2026-03-07 10:14:09,00202507001060,Off Grid,00073.08,00012.29,218.7,50.0,0.0,0.0,0,0,53.2,59,0,0,218.7,50.0,6060,6010,55,230.0,47.8,48.0,230.0,47.8,50.0,11000,11000,48.0,58.4,58.4,User,2.0,30.0,Appliance,Solar Bat Utility,Only Solar Charging Permitted,6,54.0,417,0,0.0,Load on,0.0,Line Mode,719200,0,00202507000200,OG-002,offgrid
2c4c5e34b9daa72f56c23f34db6d6a1e,2026-03-07 10:19:05,00202507001060,Off Grid,00073.08,00012.29,219.9,50.0,0.0,0.0,0,0,53.1,59,0,0,219.9,50.0,5405,5405,49,230.0,47.8,48.0,230.0,47.8,50.0,11000,11000,48.0,58.4,58.4,User,2.0,30.0,Appliance,Solar Bat Utility,Only Solar Charging Permitted,6,54.0,418,0,0.0,Load on,0.0,Line Mode,719200,0,00202507000200,OG-002,offgrid
0b0826abb020f2c74d08e70ec92096eb,2026-03-07 10:24:01,00202507001060,Off Grid,00073.08,00012.29,220.8,49.9,0.0,0.0,0,0,53.2,59,0,0,220.8,49.9,5369,5369,48,230.0,47.8,48.0,230.0,47.8,50.0,11000,11000,48.0,58.4,58.4,User,2.0,30.0,Appliance,Solar Bat Utility,Only Solar Charging Permitted,6,54.0,418,0,0.0,Load on,0.0,Line Mode,719200,0,00202507000200,OG-002,offgrid
50f34a15ada0d1ba197ae85cc9a7405f,2026-03-07 10:33:55,00202507001060,Off Grid,00073.08,00012.29,219.9,49.8,0.0,0.0,0,0,53.2,59,0,0,219.9,49.8,5453,5408,49,230.0,47.8,48.0,230.0,47.8,50.0,11000,11000,48.0,58.4,58.4,User,2.0,30.0,Appliance,Solar Bat Utility,Only Solar Charging Permitted,6,54.0,418,0,0.0,Load on,0.0,Line Mode,719200,0,00202507000200,OG-002,offgrid
498d66d5cb391a347fee4bd362d8daf7,2026-03-07 10:43:49,00202507001060,Off Grid,00073.08,00012.29,219.9,49.9,0.0,0.0,0,0,53.2,59,0,0,219.9,49.9,5563,5425,50,230.0,47.8,48.0,230.0,47.8,50.0,11000,11000,48.0,58.4,58.4,User,2.0,30.0,Appliance,Solar Bat Utility,Only Solar Charging Permitted,6,54.0,418,0,0.0,Load on,0.0,Line Mode,719200,0,00202507000200,OG-002,offgrid
728b1bdc201e3cf9698da94f530f9d00,2026-03-07 10:53:42,00202507001060,Off Grid,00073.08,00012.29,220.8,50.0,0.0,0.0,0,0,53.2,59,0,0,220.8,50.0,5564,5459,50,230.0,47.8,48.0,230.0,47.8,50.0,11000,11000,48.0,58.4,58.4,User,2.0,30.0,Appliance,Solar Bat Utility,Only Solar Charging Permitted,6,54.0,418,0,0.0,Load on,0.0,Line Mode,719200,0,00202507000200,OG-002,offgrid
79bdfd466bbaf340160f446e4e19da8d,2026-03-07 11:03:35,00202507001060,Off Grid,00073.08,00012.29,221.3,49.9,0.0,0.0,0,0,53.2,59,0,0,221.3,49.9,5459,5459,49,230.0,47.8,48.0,230.0,47.8,50.0,11000,11000,48.0,58.4,58.4,User,2.0,30.0,Appliance,Solar Bat Utility,Only Solar Charging Permitted,6,54.0,418,0,0.0,Load on,0.0,Line Mode,719200,0,00202507000200,OG-002,offgrid
6e11b0849ce940b05920fd7da1855824,2026-03-07 11:08:34,00202507001060,Off Grid,00073.08,00012.29,221.8,49.9,0.0,0.0,0,0,53.2,59,0,0,221.8,49.9,5424,5330,49,230.0,47.8,48.0,230.0,47.8,50.0,11000,11000,48.0,58.4,58.4,User,2.0,30.0,Appliance,Solar Bat Utility,Only Solar Charging Permitted,6,54.0,418,0,0.0,Load on,0.0,Line Mode,719200,0,00202507000200,OG-002,offgrid
4d78b1636e64e9cf6b9b023bd4569440,2026-03-07 11:18:29,00202507001060,Off Grid,00073.08,00012.29,231.7,50.0,0.0,0.0,0,0,53.2,59,0,0,231.7,50.0,3663,3663,33,230.0,47.8,48.0,230.0,47.8,50.0,11000,11000,48.0,58.4,58.4,User,2.0,30.0,Appliance,Solar Bat Utility,Only Solar Charging Permitted,6,54.0,418,0,0.0,Load on,0.0,Line Mode,719200,0,00202507000200,OG-002,offgrid
6fc316a945f8420d22c78638fbeb1b3c,2026-03-07 11:23:26,00202507001060,Off Grid,00073.08,00012.29,230.3,50.0,0.0,0.0,0,0,53.2,59,0,0,230.3,50.0,3904,3904,35,230.0,47.8,48.0,230.0,47.8,50.0,11000,11000,48.0,58.4,58.4,User,2.0,30.0,Appliance,Solar Bat Utility,Only Solar Charging Permitted,6,54.0,418,0,0.0,Load on,0.0,Line Mode,719200,0,00202507000200,OG-002,offgrid
38fbb3225cf798df62ed8a6f33e6ec5c,2026-03-07 11:33:25,00202507001060,Off Grid,00073.08,00012.29,218.4,49.8,0.0,0.0,0,0,53.2,59,0,0,218.4,49.8,5831,5828,53,230.0,47.8,48.0,230.0,47.8,50.0,11000,11000,48.0,58.4,58.4,User,2.0,30.0,Appliance,Solar Bat Utility,Only Solar Charging Permitted,6,54.0,418,0,0.0,Load on,0.0,Line Mode,719200,0,00202507000200,OG-002,offgrid
677448609341c49158e8f21f9894e082,2026-03-07 11:43:18,00202507001060,Off Grid,00073.08,00012.29,217.9,49.9,0.0,63.5,0,0,53.3,59,0,0,217.9,49.9,5774,5755,52,230.0,47.8,48.0,230.0,47.8,50.0,11000,11000,48.0,58.4,58.4,User,2.0,30.0,Appliance,Solar Bat Utility,Only Solar Charging Permitted,6,54.0,419,0,0.0,Load on,0.0,Line Mode,719200,0,00202507000200,OG-002,offgrid
2cd42ae7486576c429b3ac4910f2a29c,2026-03-07 11:48:18,00202507001060,Off Grid,00073.08,00012.29,220.0,49.8,0.0,0.0,0,0,53.3,59,0,0,220.0,49.8,5203,5188,47,230.0,47.8,48.0,230.0,47.8,50.0,11000,11000,48.0,58.4,58.4,User,2.0,30.0,Appliance,Solar Bat Utility,Only Solar Charging Permitted,6,54.0,419,0,0.0,Load on,0.0,Line Mode,719200,0,00202507000200,OG-002,offgrid
6f3e5319f69c96c325735c22e5ded03c,2026-03-07 11:53:15,00202507001060,Off Grid,00073.08,00012.29,218.9,50.0,0.0,0.0,0,0,53.3,59,0,0,218.9,50.0,5319,5226,48,230.0,47.8,48.0,230.0,47.8,50.0,11000,11000,48.0,58.4,58.4,User,2.0,30.0,Appliance,Solar Bat Utility,Only Solar Charging Permitted,6,54.0,419,0,0.0,Load on,0.0,Line Mode,719200,0,00202507000200,OG-002,offgrid
50c31308c8e351676a059d0031a6baac,2026-03-07 11:58:10,00202507001060,Off Grid,00073.08,00012.29,217.4,50.1,0.0,0.0,0,0,53.3,59,0,0,217.4,50.1,5348,5240,48,230.0,47.8,48.0,230.0,47.8,50.0,11000,11000,48.0,58.4,58.4,User,2.0,30.0,Appliance,Solar Bat Utility,Only Solar Charging Permitted,6,54.0,419,0,0.0,Load on,0.0,Line Mode,719200,0,00202507000200,OG-002,offgrid
2ed5df262c871f546ac4a7865dea91a5,2026-03-07 12:08:02,00202507001060,Off Grid,00073.08,00012.29,216.1,49.9,0.0,0.0,0,0,53.3,59,0,0,216.1,49.9,5402,5370,49,230.0,47.8,48.0,230.0,47.8,50.0,11000,11000,48.0,58.4,58.4,User,2.0,30.0,Appliance,Solar Bat Utility,Only Solar Charging Permitted,6,54.0,419,0,0.0,Load on,0.0,Line Mode,719200,0,00202507000200,OG-002,offgrid
6ee94020e6ee423a2641ef69651847c5,2026-03-07 12:12:58,00202507001060,Off Grid,00073.08,00012.29,217.8,49.9,0.0,0.0,0,0,53.3,59,0,0,217.8,49.9,5401,5255,49,230.0,47.8,48.0,230.0,47.8,50.0,11000,11000,48.0,58.4,58.4,User,2.0,30.0,Appliance,Solar Bat Utility,Only Solar Charging Permitted,6,54.0,418,0,0.0,Load on,0.0,Line Mode,719200,0,00202507000200,OG-002,offgrid
6d129c39e32bcdca4e674105918a0947,2026-03-07 12:22:53,00202507001060,Off Grid,00073.08,00012.29,233.3,50.0,0.0,89.9,0,18,53.2,59,0,0,233.3,50.0,2706,2658,24,230.0,47.8,48.0,230.0,47.8,50.0,11000,11000,48.0,58.4,58.4,User,2.0,30.0,Appliance,Solar Bat Utility,Only Solar Charging Permitted,6,54.0,418,0,0.0,Load on,0.2,Line Mode,719200,0,00202507000200,OG-002,offgrid
68b7d6057afcc9de67b804517a0ddd93,2026-03-07 12:27:51,00202507001060,Off Grid,00073.08,00012.29,228.3,49.9,0.0,90.0,0,24,53.2,59,0,0,228.3,49.9,3383,3383,30,230.0,47.8,48.0,230.0,47.8,50.0,11000,11000,48.0,58.4,58.4,User,2.0,30.0,Appliance,Solar Bat Utility,Only Solar Charging Permitted,6,54.0,418,0,0.0,Load on,0.2,Line Mode,719200,0,00202507000200,OG-002,offgrid
3997ea561652ad91183ff00333e458ec,2026-03-07 12:32:47,00202507001060,Off Grid,00073.08,00012.29,218.5,49.9,0.0,89.9,0,30,53.2,59,0,0,218.5,49.9,5178,5164,47,230.0,47.8,48.0,230.0,47.8,50.0,11000,11000,48.0,58.4,58.4,User,2.0,30.0,Appliance,Solar Bat Utility,Only Solar Charging Permitted,6,54.0,418,0,0.0,Load on,0.3,Line Mode,719200,0,00202507000200,OG-002,offgrid
0e3fdc8021a2f1ff573ed6acb0fa1deb,2026-03-07 12:42:40,00202507001060,Off Grid,00073.08,00012.29,224.9,50.0,0.0,90.0,0,41,53.1,59,0,0,224.9,50.0,3959,3959,35,230.0,47.8,48.0,230.0,47.8,50.0,11000,11000,48.0,58.4,58.4,User,2.0,30.0,Appliance,Solar Bat Utility,Only Solar Charging Permitted,6,54.0,418,0,0.0,Load on,0.4,Line Mode,719200,0,00202507000200,OG-002,offgrid
42ac68b4e4331da16a4f4733cb7b22d5,2026-03-07 12:47:38,00202507001060,Off Grid,00073.08,00012.29,232.4,50.0,0.0,101.6,0,72,53.1,59,0,0,232.4,50.0,2580,2578,23,230.0,47.8,48.0,230.0,47.8,50.0,11000,11000,48.0,58.4,58.4,User,2.0,30.0,Appliance,Solar Bat Utility,Only Solar Charging Permitted,6,54.0,417,0,0.0,Load on,0.7,Line Mode,719200,0,00202507000200,OG-002,offgrid
135cf3274a81834328149c73c18f2738,2026-03-07 12:52:34,00202507001060,Off Grid,00073.08,00012.29,231.2,49.9,0.0,103.9,0,86,53.1,59,0,0,231.2,49.9,2660,2660,24,230.0,47.8,48.0,230.0,47.8,50.0,11000,11000,48.0,58.4,58.4,User,2.0,30.0,Appliance,Solar Bat Utility,Only Solar Charging Permitted,6,54.0,417,0,0.0,Load on,0.8,Line Mode,719200,0,00202507000200,OG-002,offgrid
53957a846bcf7f61563c396cef962a39,2026-03-07 12:57:33,00202507001060,Off Grid,00073.08,00012.29,218.8,50.0,0.0,101.8,0,95,53.1,59,0,0,218.8,50.0,5229,5181,47,230.0,47.8,48.0,230.0,47.8,50.0,11000,11000,48.0,58.4,58.4,User,2.0,30.0,Appliance,Solar Bat Utility,Only Solar Charging Permitted,6,54.0,417,0,0.0,Load on,0.9,Line Mode,719200,0,00202507000200,OG-002,offgrid
57873a92dcffff761bd7256820cb9d42,2026-03-07 13:02:30,00202507001060,Off Grid,00073.08,00012.29,227.2,49.9,0.0,104.1,0,128,53.1,59,0,0,227.2,49.9,2612,2607,23,230.0,47.8,48.0,230.0,47.8,50.0,11000,11000,48.0,58.4,58.4,User,2.0,30.0,Appliance,Solar Bat Utility,Only Solar Charging Permitted,6,54.0,417,0,0.0,Load on,1.2,Line Mode,719200,0,00202507000200,OG-002,offgrid
297ff77095ca0fee648309bcf82ad836,2026-03-07 13:07:29,00202507001060,Off Grid,00073.08,00012.29,230.1,50.0,0.0,103.1,0,116,53.1,59,0,0,230.1,50.0,2623,2586,23,230.0,47.8,48.0,230.0,47.8,50.0,11000,11000,48.0,58.4,58.4,User,2.0,30.0,Appliance,Solar Bat Utility,Only Solar Charging Permitted,6,54.0,417,0,0.0,Load on,1.1,Line Mode,719200,0,00202507000200,OG-002,offgrid
5688b073eb7f4229279a21e0b33ef00b,2026-03-07 13:17:24,00202507001060,Off Grid,00073.08,00012.29,217.8,50.0,0.0,104.9,0,211,53.1,59,0,0,217.8,50.0,5263,5211,47,230.0,47.8,48.0,230.0,47.8,50.0,11000,11000,48.0,58.4,58.4,User,2.0,30.0,Appliance,Solar Bat Utility,Only Solar Charging Permitted,6,54.0,417,0,0.0,Load on,2.0,Line Mode,719200,0,00202507000200,OG-002,offgrid
73b0abacebc5108a0c6222a7de754e30,2026-03-07 13:22:23,00202507001060,Off Grid,00073.08,00012.29,219.7,50.0,0.0,106.1,0,235,53.0,59,0,0,219.7,50.0,5311,5292,48,230.0,47.8,48.0,230.0,47.8,50.0,11000,11000,48.0,58.4,58.4,User,2.0,30.0,Appliance,Solar Bat Utility,Only Solar Charging Permitted,6,54.0,417,0,0.0,Load on,2.2,Line Mode,719200,0,00202507000200,OG-002,offgrid
737005a5fa62a49c6ebe04e90da17caa,2026-03-07 13:42:08,00202507001060,Off Grid,00073.08,00012.29,220.0,50.1,0.0,103.1,0,338,53.0,59,0,0,220.0,50.1,5257,5257,47,230.0,47.8,48.0,230.0,47.8,50.0,11000,11000,48.0,58.4,58.4,User,2.0,30.0,Appliance,Solar Bat Utility,Only Solar Charging Permitted,6,54.0,417,0,0.0,Load on,3.2,Line Mode,719400,0,00202507000200,OG-002,offgrid
393e81cc6d9ca5fa42475fa3bdd8a7f8,2026-03-07 13:47:04,00202507001060,Off Grid,00073.08,00012.29,220.3,50.0,0.0,105.2,0,350,53.0,59,0,0,220.3,50.0,5442,5442,49,230.0,47.8,48.0,230.0,47.8,50.0,11000,11000,48.0,58.4,58.4,User,2.0,30.0,Appliance,Solar Bat Utility,Only Solar Charging Permitted,6,54.0,417,0,0.0,Load on,3.3,Line Mode,719400,0,00202507000200,OG-002,offgrid
457b77b064e10405672d6900491eb1eb,2026-03-07 13:56:56,00202507001060,Off Grid,00073.08,00012.29,220.9,50.1,0.0,104.0,0,395,53.0,59,0,0,220.9,50.1,5394,5288,49,230.0,47.8,48.0,230.0,47.8,50.0,11000,11000,48.0,58.4,58.4,User,2.0,30.0,Appliance,Solar Bat Utility,Only Solar Charging Permitted,6,54.0,417,0,0.0,Load on,3.7,Line Mode,719400,0,00202507000200,OG-002,offgrid
3b53a98258bc921d1ca194649296674a,2026-03-07 14:01:54,00202507001060,Off Grid,00073.08,00012.29,212.4,50.1,0.0,107.1,0,440,52.9,59,0,0,212.4,50.1,6796,6760,61,230.0,47.8,48.0,230.0,47.8,50.0,11000,11000,48.0,58.4,58.4,User,2.0,30.0,Appliance,Solar Bat Utility,Only Solar Charging Permitted,6,54.0,416,0,0.0,Load on,4.1,Line Mode,719400,0,00202507000200,OG-002,offgrid
1fd6ab2fd6be0b106cf4ca227c0b725f,2026-03-07 14:11:50,00202507001060,Off Grid,00073.08,00012.29,234.9,50.1,0.0,314.0,0,1478,52.9,59,0,0,234.9,50.1,3886,3886,35,230.0,47.8,48.0,230.0,47.8,50.0,11000,11000,48.0,58.4,58.4,User,2.0,30.0,Appliance,Solar Bat Utility,Only Solar Charging Permitted,6,54.0,416,0,0.0,Load on,4.7,Line Mode,719400,0,00202507000200,OG-002,offgrid
552ca3985967be6e7e987b22aa61fc81,2026-03-07 14:16:46,00202507001060,Off Grid,00073.08,00012.29,221.9,49.9,0.0,326.7,0,1587,52.9,59,0,0,221.9,49.9,6096,6084,55,230.0,47.8,48.0,230.0,47.8,50.0,11000,11000,48.0,58.4,58.4,User,2.0,30.0,Appliance,Solar Bat Utility,Only Solar Charging Permitted,6,54.0,416,0,0.0,Load on,4.8,Line Mode,719400,0,00202507000200,OG-002,offgrid
76ae2a159e1aa06601006d041f154152,2026-03-07 14:21:43,00202507001060,Off Grid,00073.08,00012.29,221.3,50.0,0.0,332.1,0,1629,52.9,59,0,0,221.3,50.0,6534,6503,59,230.0,47.8,48.0,230.0,47.8,50.0,11000,11000,48.0,58.4,58.4,User,2.0,30.0,Appliance,Solar Bat Utility,Only Solar Charging Permitted,6,54.0,416,0,0.0,Load on,4.9,Line Mode,719400,0,00202507000200,OG-002,offgrid
428cd2f8fce647bd536f38232182ed3d,2026-03-07 14:26:38,00202507001060,Off Grid,00073.08,00012.29,221.9,50.1,0.0,331.5,0,1746,52.9,59,0,0,221.9,50.1,6523,6523,59,230.0,47.8,48.0,230.0,47.8,50.0,11000,11000,48.0,58.4,58.4,User,2.0,30.0,Appliance,Solar Bat Utility,Only Solar Charging Permitted,6,54.0,416,0,0.0,Load on,5.2,Line Mode,719400,0,00202507000200,OG-002,offgrid
00ad7f229e523ce736926d47646bd2a4,2026-03-07 14:36:33,00202507001060,Off Grid,00073.08,00012.29,223.9,50.1,0.0,345.8,0,1973,52.9,58,0,0,223.9,50.1,6618,6618,60,230.0,47.8,48.0,230.0,47.8,50.0,11000,11000,48.0,58.4,58.4,User,2.0,30.0,Appliance,Solar Bat Utility,Only Solar Charging Permitted,6,54.0,416,0,0.0,Load on,5.7,Line Mode,719400,0,00202507000200,OG-002,offgrid
2fa68e7b1a5059e60e319142b5fb6504,2026-03-07 14:41:31,00202507001060,Off Grid,00073.08,00012.29,229.0,50.1,0.0,346.4,0,2009,52.9,58,0,0,229.0,50.1,5949,5935,54,230.0,47.8,48.0,230.0,47.8,50.0,11000,11000,48.0,58.4,58.4,User,2.0,30.0,Appliance,Solar Bat Utility,Only Solar Charging Permitted,6,54.0,416,0,0.0,Load on,5.7,Line Mode,720300,0,00202507000200,OG-002,offgrid
3381fc6c6291812e36bc73cae7cec64f,2026-03-07 14:46:28,00202507001060,Off Grid,00073.08,00012.29,219.7,50.1,0.0,368.5,0,585,52.9,58,0,0,219.7,50.1,6167,6149,56,230.0,47.8,48.0,230.0,47.8,50.0,11000,11000,48.0,58.4,58.4,User,2.0,30.0,Appliance,Solar Bat Utility,Only Solar Charging Permitted,6,54.0,415,0,0.0,Load on,1.5,Line Mode,720300,0,00202507000200,OG-002,offgrid
365b1aff6e34a479774678c852dde01c,2026-03-07 14:51:24,00202507001060,Off Grid,00073.08,00012.29,230.1,50.0,0.0,359.8,0,2150,52.9,58,0,0,230.1,50.0,5798,5763,52,230.0,47.8,48.0,230.0,47.8,50.0,11000,11000,48.0,58.4,58.4,User,2.0,30.0,Appliance,Solar Bat Utility,Only Solar Charging Permitted,6,54.0,416,0,0.0,Load on,5.9,Line Mode,720300,0,00202507000200,OG-002,offgrid
14f3df8b59725801259d2571f9bb39b4,2026-03-07 14:56:22,00202507001060,Off Grid,00073.08,00012.29,231.8,50.0,0.0,363.3,0,2374,52.8,58,0,0,231.8,50.0,6003,5927,54,230.0,47.8,48.0,230.0,47.8,50.0,11000,11000,48.0,58.4,58.4,User,2.0,30.0,Appliance,Solar Bat Utility,Only Solar Charging Permitted,6,54.0,415,0,0.0,Load on,6.5,Line Mode,720300,0,00202507000200,OG-002,offgrid
16ce4eb933ecc74b4180d68da72a0add,2026-03-07 15:01:17,00202507001060,Off Grid,00073.08,00012.29,221.6,50.1,0.0,375.2,0,755,52.8,58,0,0,221.6,50.1,6027,5932,54,230.0,47.8,48.0,230.0,47.8,50.0,11000,11000,48.0,58.4,58.4,User,2.0,30.0,Appliance,Solar Bat Utility,Only Solar Charging Permitted,6,54.0,415,0,0.0,Load on,2.0,Line Mode,720300,0,00202507000200,OG-002,offgrid
2c161cf23c8038515b62dc959b7620a2,2026-03-07 15:06:15,00202507001060,Off Grid,00073.08,00012.29,232.8,49.9,0.0,363.0,0,2527,52.8,58,0,0,232.8,49.9,6006,5980,54,230.0,47.8,48.0,230.0,47.8,50.0,11000,11000,48.0,58.4,58.4,User,2.0,30.0,Appliance,Solar Bat Utility,Only Solar Charging Permitted,6,54.0,415,0,0.0,Load on,6.9,Line Mode,720300,0,00202507000200,OG-002,offgrid
2cafb803b33cc2ad2deab357a51c993b,2026-03-18 14:39:41,00202507001060,Off Grid,00073.08,00012.29,247.6,49.9,358.6,360.1,679,731,52.0,72,0,66,224.1,49.8,4549,4488,45,230.0,47.8,48.0,230.0,47.8,50.0,11000,11000,48.0,58.4,58.4,Pylon,2.0,80.0,Appliance,Solar Bat Utility,Solar + Utility,6,53.0,361,1,0.0,Load on,2.0,Battery Mode,924100,0,00202507000200,OG-001,offgrid
3fc10ad8413e7cc542a60e199e8d77a8,2026-03-18 17:52:20,00202507001060,Off Grid,00073.08,00012.29,239.2,50.0,0.0,0.0,0,0,0.0,0,0,0,239.2,50.0,524,438,4,230.0,47.8,48.0,230.0,47.8,50.0,11000,11000,48.0,57.6,57.6,Pylon,2.0,70.0,Appliance,Utility Solar Bat,Solar + Utility,6,53.0,374,0,0.0,Load on,0.0,Line Mode,924400,0,00202507000200,OG-001,offgrid
354327f41acf51c827628ed8c54f17f2,2026-03-18 18:02:19,00202507001060,Off Grid,00073.08,00012.29,233.6,50.0,0.0,0.0,0,0,0.0,0,0,0,233.6,50.0,2336,2272,21,230.0,47.8,48.0,230.0,47.8,50.0,11000,11000,48.0,57.6,57.6,Pylon,2.0,70.0,Appliance,Utility Solar Bat,Solar + Utility,6,53.0,366,0,0.0,Load on,0.0,Line Mode,924400,0,00202507000200,OG-001,offgrid
7a8dbab037b10e1c5fe6842d0ca99579,2026-03-18 18:07:18,00202507001060,Off Grid,00073.08,00012.29,230.9,49.9,60.1,66.3,0,0,0.0,0,0,0,230.9,49.9,2382,2273,21,230.0,47.8,48.0,230.0,47.8,50.0,11000,11000,48.0,57.6,57.6,Pylon,2.0,70.0,Appliance,Utility Solar Bat,Solar + Utility,6,53.0,362,0,0.0,Load on,0.0,Line Mode,924400,0,00202507000200,OG-001,offgrid
235c05a01e6d1e1333719f59092b9f5e,2026-03-18 18:12:16,00202507001060,Off Grid,00073.08,00012.29,232.0,50.0,0.0,0.0,0,0,0.0,0,0,0,232.0,50.0,2459,2385,22,230.0,47.8,48.0,230.0,47.8,50.0,11000,11000,48.0,57.6,57.6,Pylon,2.0,70.0,Appliance,Utility Solar Bat,Solar + Utility,6,53.0,365,0,0.0,Load on,0.0,Line Mode,924400,0,00202507000200,OG-001,offgrid
3cd057ad6ee513226763bd6bdd2709bd,2026-03-18 18:17:16,00202507001060,Off Grid,00073.08,00012.29,227.8,50.0,66.5,70.4,0,0,0.0,0,0,0,227.8,50.0,2709,2648,24,230.0,47.8,48.0,230.0,47.8,50.0,11000,11000,48.0,57.6,57.6,Pylon,2.0,70.0,Appliance,Utility Solar Bat,Solar + Utility,6,53.0,358,0,0.0,Load on,0.0,Line Mode,924400,0,00202507000200,OG-001,offgrid
067a82144847aef331b6b8c6a734670b,2026-03-18 18:22:15,00202507001060,Off Grid,00073.08,00012.29,230.1,50.0,0.0,0.0,0,0,0.0,0,0,0,230.1,50.0,2632,2632,23,230.0,47.8,48.0,230.0,47.8,50.0,11000,11000,48.0,57.6,57.6,Pylon,2.0,70.0,Appliance,Utility Solar Bat,Solar + Utility,6,53.0,362,0,0.0,Load on,0.0,Line Mode,924400,0,00202507000200,OG-001,offgrid
4a5851f609df6d4036761ebea3ad9c8b,2026-03-18 18:27:14,00202507001060,Off Grid,00073.08,00012.29,228.2,50.0,0.0,0.0,0,0,0.0,0,0,0,228.2,50.0,2716,2675,24,230.0,47.8,48.0,230.0,47.8,50.0,11000,11000,48.0,57.6,57.6,Pylon,2.0,70.0,Appliance,Utility Solar Bat,Solar + Utility,6,53.0,359,0,0.0,Load on,0.0,Line Mode,924400,0,00202507000200,OG-001,offgrid
64cecbe24c1389ef278d38a3fb4a3ca6,2026-03-18 18:32:14,00202507001060,Off Grid,00073.08,00012.29,228.4,50.0,0.0,0.0,0,0,0.0,0,0,0,228.4,50.0,2695,2624,24,230.0,47.8,48.0,230.0,47.8,50.0,11000,11000,48.0,57.6,57.6,Pylon,2.0,70.0,Appliance,Utility Solar Bat,Solar + Utility,6,53.0,359,0,0.0,Load on,0.0,Line Mode,924400,0,00202507000200,OG-001,offgrid
0f6c1fdace9a608877731b7c2e4da7c5,2026-03-18 18:37:13,00202507001060,Off Grid,00073.08,00012.29,224.2,49.9,0.0,0.0,0,0,0.0,0,0,0,224.2,49.9,3209,3209,29,230.0,47.8,48.0,230.0,47.8,50.0,11000,11000,48.0,57.6,57.6,Pylon,2.0,70.0,Appliance,Utility Solar Bat,Solar + Utility,6,53.0,353,0,0.0,Load on,0.0,Line Mode,924400,0,00202507000200,OG-001,offgrid
25fd82c666d5606e6ae555eba232a5e5,2026-03-18 18:47:10,00202507001060,Off Grid,00073.08,00012.29,226.4,50.0,0.0,0.0,0,0,0.0,0,0,0,226.4,50.0,3214,3156,29,230.0,47.8,48.0,230.0,47.8,50.0,11000,11000,48.0,57.6,57.6,Pylon,2.0,70.0,Appliance,Utility Solar Bat,Solar + Utility,6,53.0,355,0,0.0,Load on,0.0,Line Mode,924400,0,00202507000200,OG-001,offgrid
0de5085c10ef5426423f8cd693672db0,2026-03-18 18:52:09,00202507001060,Off Grid,00073.08,00012.29,224.3,50.0,0.0,0.0,0,0,0.0,0,0,0,224.3,50.0,3072,3019,27,230.0,47.8,48.0,230.0,47.8,50.0,11000,11000,48.0,57.6,57.6,Pylon,2.0,70.0,Appliance,Utility Solar Bat,Solar + Utility,6,53.0,353,0,0.0,Load on,0.0,Line Mode,924400,0,00202507000200,OG-001,offgrid
569b4e7abdfbf7721379cfed730e2f36,2026-03-18 18:57:10,00202507001060,Off Grid,00073.08,00012.29,230.1,50.0,0.0,0.0,0,0,0.0,0,0,0,230.1,50.0,2021,1934,18,230.0,47.8,48.0,230.0,47.8,50.0,11000,11000,48.0,57.6,57.6,Pylon,2.0,70.0,Appliance,Utility Solar Bat,Solar + Utility,6,53.0,361,0,0.0,Load on,0.0,Line Mode,924400,0,00202507000200,OG-001,offgrid
03206b93eecd76aa5c6021182670e186,2026-03-18 19:02:09,00202507001060,Off Grid,00073.08,00012.29,227.0,49.9,0.0,0.0,0,0,0.0,0,0,0,227.0,49.9,3060,2991,27,230.0,47.8,48.0,230.0,47.8,50.0,11000,11000,48.0,57.6,57.6,Pylon,2.0,70.0,Appliance,Utility Solar Bat,Solar + Utility,6,53.0,357,0,0.0,Load on,0.0,Line Mode,924400,0,00202507000200,OG-001,offgrid
1815ea49127e051831cdf07bf56139be,2026-03-18 19:12:07,00202507001060,Off Grid,00073.08,00012.29,227.6,49.8,0.0,0.0,0,0,0.0,0,0,0,227.6,49.8,3004,2888,27,230.0,47.8,48.0,230.0,47.8,50.0,11000,11000,48.0,57.6,57.6,Pylon,2.0,70.0,Appliance,Utility Solar Bat,Solar + Utility,6,53.0,358,0,0.0,Load on,0.0,Line Mode,924400,0,00202507000200,OG-001,offgrid
6de747e342adf7b92b5a1336c120f322,2026-03-18 19:17:04,00202507001060,Off Grid,00073.08,00012.29,224.1,50.0,0.0,0.0,0,0,0.0,0,0,0,224.1,50.0,2935,2908,26,230.0,47.8,48.0,230.0,47.8,50.0,11000,11000,48.0,57.6,57.6,Pylon,2.0,70.0,Appliance,Utility Solar Bat,Solar + Utility,6,53.0,353,0,0.0,Load on,0.0,Line Mode,924400,0,00202507000200,OG-001,offgrid
5e2c92ed4f54f556676f6aad54a26d96,2026-03-18 19:22:03,00202507001060,Off Grid,00073.08,00012.29,231.4,49.9,0.0,0.0,0,0,0.0,0,0,0,231.4,49.9,2036,1915,18,230.0,47.8,48.0,230.0,47.8,50.0,11000,11000,48.0,57.6,57.6,Pylon,2.0,70.0,Appliance,Utility Solar Bat,Solar + Utility,6,53.0,364,0,0.0,Load on,0.0,Line Mode,924400,0,00202507000200,OG-001,offgrid
3ba316ff18a8554b3fd5b7ed1f0af37d,2026-03-18 19:27:03,00202507001060,Off Grid,00073.08,00012.29,230.3,50.0,0.0,0.0,0,0,0.0,0,0,0,230.3,50.0,2049,1950,18,230.0,47.8,48.0,230.0,47.8,50.0,11000,11000,48.0,57.6,57.6,Pylon,2.0,70.0,Appliance,Utility Solar Bat,Solar + Utility,6,53.0,362,0,0.0,Load on,0.0,Line Mode,924400,0,00202507000200,OG-001,offgrid
6730d54c7ebe24014de72c5f3afd07d8,2026-03-18 19:32:01,00202507001060,Off Grid,00073.08,00012.29,231.6,50.0,0.0,0.0,0,0,0.0,0,0,0,231.6,50.0,2084,1991,18,230.0,47.8,48.0,230.0,47.8,50.0,11000,11000,48.0,57.6,57.6,Pylon,2.0,70.0,Appliance,Utility Solar Bat,Solar + Utility,6,53.0,365,0,0.0,Load on,0.0,Line Mode,924400,0,00202507000200,OG-001,offgrid
4b0d04744706c55019e88811f7ce6b80,2026-03-18 19:37:00,00202507001060,Off Grid,00073.08,00012.29,228.9,50.0,0.0,0.0,0,0,0.0,0,0,0,228.9,50.0,1991,1933,18,230.0,47.8,48.0,230.0,47.8,50.0,11000,11000,48.0,57.6,57.6,Pylon,2.0,70.0,Appliance,Utility Solar Bat,Solar + Utility,6,53.0,360,0,0.0,Load on,0.0,Line Mode,924400,0,00202507000200,OG-001,offgrid
2a051ec170d8b61e53915dd1eff252a9,2026-03-18 19:46:59,00202507001060,Off Grid,00073.08,00012.29,221.3,50.0,0.0,0.0,0,0,0.0,0,0,0,221.3,50.0,4029,4018,36,230.0,47.8,48.0,230.0,47.8,50.0,11000,11000,48.0,57.6,57.6,Pylon,2.0,70.0,Appliance,Utility Solar Bat,Solar + Utility,6,53.0,350,0,0.0,Load on,0.0,Line Mode,924400,0,00202507000200,OG-001,offgrid
7f5dd2734a5954a06f75062dddbe5818,2026-03-18 19:51:55,00202507001060,Off Grid,00073.08,00012.29,220.2,50.0,0.0,0.0,0,0,0.0,0,0,0,220.2,50.0,4009,3991,36,230.0,47.8,48.0,230.0,47.8,50.0,11000,11000,48.0,57.6,57.6,Pylon,2.0,70.0,Appliance,Utility Solar Bat,Solar + Utility,6,53.0,350,0,0.0,Load on,0.0,Line Mode,924400,0,00202507000200,OG-001,offgrid
7ec343d2373ad8520e0aef51da324350,2026-03-18 19:56:52,00202507001060,Off Grid,00073.08,00012.29,218.3,50.0,0.0,0.0,0,0,0.0,0,0,0,218.3,50.0,4532,4509,41,230.0,47.8,48.0,230.0,47.8,50.0,11000,11000,48.0,57.6,57.6,Pylon,2.0,70.0,Appliance,Utility Solar Bat,Solar + Utility,6,53.0,350,0,0.0,Load on,0.0,Line Mode,924400,0,00202507000200,OG-001,offgrid
7cef1ed83de6b58d3e2ae757782ba121,2026-03-18 20:01:52,00202507001060,Off Grid,00073.08,00012.29,216.3,50.0,0.0,0.0,0,0,0.0,0,0,0,216.3,50.0,4459,4459,40,230.0,47.8,48.0,230.0,47.8,50.0,11000,11000,48.0,57.6,57.6,Pylon,2.0,70.0,Appliance,Utility Solar Bat,Solar + Utility,6,53.0,350,0,0.0,Load on,0.0,Line Mode,924400,0,00202507000200,OG-001,offgrid
3cea1fc6ca42b80d5b38601abc4cab53,2026-03-18 20:06:48,00202507001060,Off Grid,00073.08,00012.29,221.9,49.9,0.0,0.0,0,0,0.0,0,0,0,221.9,49.9,3350,3339,30,230.0,47.8,48.0,230.0,47.8,50.0,11000,11000,48.0,57.6,57.6,Pylon,2.0,70.0,Appliance,Utility Solar Bat,Solar + Utility,6,53.0,350,0,0.0,Load on,0.0,Line Mode,924400,0,00202507000200,OG-001,offgrid
33eb4df0d1d08b1b2d9b7c32c504b640,2026-03-18 20:11:48,00202507001060,Off Grid,00073.08,00012.29,225.1,50.0,0.0,0.0,0,0,0.0,0,0,0,225.1,50.0,2966,2966,26,230.0,47.8,48.0,230.0,47.8,50.0,11000,11000,48.0,57.6,57.6,Pylon,2.0,70.0,Appliance,Utility Solar Bat,Solar + Utility,6,53.0,354,0,0.0,Load on,0.0,Line Mode,924400,0,00202507000200,OG-001,offgrid
2b3b91fe386a55231d8485bfcde88578,2026-03-18 20:16:46,00202507001060,Off Grid,00073.08,00012.29,217.9,50.0,0.0,60.3,0,0,0.0,0,0,0,217.9,50.0,4140,4113,37,230.0,47.8,48.0,230.0,47.8,50.0,11000,11000,48.0,57.6,57.6,Pylon,2.0,70.0,Appliance,Utility Solar Bat,Solar + Utility,6,53.0,349,0,0.0,Load on,0.0,Line Mode,924400,0,00202507000200,OG-001,offgrid
1510f9124389cd2030e08e2c4b275808,2026-03-19 09:01:19,00202507001060,Off Grid,00073.08,00012.29,245.2,49.9,437.5,433.9,102,148,0.0,0,0,0,245.2,49.9,416,281,3,230.0,47.8,48.0,230.0,47.8,50.0,11000,11000,48.0,57.6,57.6,Pylon,2.0,70.0,Appliance,Utility Solar Bat,Solar + Utility,6,53.0,470,0,0.0,Load on,0.3,Line Mode,924700,0,00202507000200,OG-001,offgrid
298208f0d175169b697e822bd6d3be9b,2026-03-19 09:06:18,00202507001060,Off Grid,00073.08,00012.29,243.0,50.1,437.8,439.4,114,116,0.0,0,0,0,243.0,50.1,364,285,3,230.0,47.8,48.0,230.0,47.8,50.0,11000,11000,48.0,57.6,57.6,Pylon,2.0,70.0,Appliance,Utility Solar Bat,Solar + Utility,6,53.0,470,0,0.0,Load on,0.2,Line Mode,924700,0,00202507000200,OG-001,offgrid
6cf3b08b5ec6c7d44be00228d6a03604,2026-03-19 09:11:16,00202507001060,Off Grid,00073.08,00012.29,243.5,50.0,433.1,436.9,102,114,0.0,0,0,0,243.5,50.0,462,393,4,230.0,47.8,48.0,230.0,47.8,50.0,11000,11000,48.0,57.6,57.6,Pylon,2.0,70.0,Appliance,Utility Solar Bat,Solar + Utility,6,53.0,466,0,0.0,Load on,0.2,Line Mode,924700,0,00202507000200,OG-001,offgrid
7107e1732c0e5e9c7060ce597c041cb3,2026-03-19 09:16:13,00202507001060,Off Grid,00073.08,00012.29,240.9,49.9,431.0,432.5,94,110,0.0,0,0,0,240.9,49.9,386,289,3,230.0,47.8,48.0,230.0,47.8,50.0,11000,11000,48.0,57.6,57.6,Pylon,2.0,70.0,Appliance,Utility Solar Bat,Solar + Utility,6,53.0,464,0,0.0,Load on,0.2,Line Mode,925000,0,00202507000200,OG-001,offgrid
3e8442305be069ef23afb0d7e9bd3790,2026-03-19 09:26:05,00202507001060,Off Grid,00073.08,00012.29,243.1,49.9,438.7,441.2,105,112,0.0,0,0,0,243.1,49.9,364,192,3,230.0,47.8,48.0,230.0,47.8,50.0,11000,11000,48.0,57.6,57.6,Pylon,2.0,70.0,Appliance,Utility Solar Bat,Solar + Utility,6,53.0,469,0,0.0,Load on,0.2,Line Mode,925000,0,00202507000200,OG-001,offgrid
35288b7e547831c44a05e6093edef9b4,2026-03-19 09:31:01,00202507001060,Off Grid,00073.08,00012.29,244.1,49.9,447.2,449.1,109,107,0.0,0,0,0,244.1,49.9,366,210,3,230.0,47.8,48.0,230.0,47.8,50.0,11000,11000,48.0,57.6,57.6,Pylon,2.0,70.0,Appliance,Utility Solar Bat,Solar + Utility,6,53.0,469,0,0.0,Load on,0.2,Line Mode,925000,0,00202507000200,OG-001,offgrid
4f8bde86a4153999322a366e2ccb9ec6,2026-03-19 09:36:01,00202507001060,Off Grid,00073.08,00012.29,242.0,49.8,440.3,446.8,398,328,0.0,0,0,0,242.0,49.8,871,843,7,230.0,47.8,48.0,230.0,47.8,50.0,11000,11000,48.0,57.6,57.6,Pylon,2.0,70.0,Appliance,Utility Solar Bat,Solar + Utility,6,53.0,470,0,0.0,Load on,0.7,Line Mode,925000,0,00202507000200,OG-001,offgrid
2393dc72802a782938b72e7d57b0004e,2026-03-19 09:41:00,00202507001060,Off Grid,00073.08,00012.29,243.7,49.8,425.1,429.7,406,393,0.0,0,0,0,243.7,49.8,950,932,8,230.0,47.8,48.0,230.0,47.8,50.0,11000,11000,48.0,57.6,57.6,Pylon,2.0,70.0,Appliance,Utility Solar Bat,Solar + Utility,6,53.0,461,0,0.0,Load on,0.9,Line Mode,925000,0,00202507000200,OG-001,offgrid
2ed37165d1cb196d0e26bbdec91e917e,2026-03-19 09:46:00,00202507001060,Off Grid,00073.08,00012.29,244.1,49.9,431.3,434.5,368,439,0.0,0,0,0,244.1,49.9,950,939,8,230.0,47.8,48.0,230.0,47.8,50.0,11000,11000,48.0,57.6,57.6,Pylon,2.0,70.0,Appliance,Utility Solar Bat,Solar + Utility,6,53.0,465,0,0.0,Load on,1.0,Line Mode,925000,0,00202507000200,OG-001,offgrid
418f81a6bb7cf83647d3fee3f76d9450,2026-03-19 09:50:58,00202507001060,Off Grid,00073.08,00012.29,245.0,49.9,426.3,427.9,352,432,0.0,0,0,0,245.0,49.9,980,943,8,230.0,47.8,48.0,230.0,47.8,50.0,11000,11000,48.0,57.6,57.6,Pylon,2.0,70.0,Appliance,Utility Solar Bat,Solar + Utility,6,53.0,459,0,0.0,Load on,1.0,Line Mode,925000,0,00202507000200,OG-001,offgrid
36204cb74527886a3b8212d881d91724,2026-03-19 10:00:51,00202507001060,Off Grid,00073.08,00012.29,239.5,49.9,368.0,376.6,454,430,0.0,0,0,0,239.5,49.9,2682,2677,24,230.0,47.8,48.0,230.0,47.8,50.0,11000,11000,48.0,57.6,57.6,Pylon,2.0,70.0,Appliance,Utility Solar Bat,Solar + Utility,6,53.0,387,1,0.0,Load on,1.1,Line Mode,925000,0,00202507000200,OG-001,offgrid
62fc552470ba3d7032895ab478784f38,2026-03-19 10:05:48,00202507001060,Off Grid,00073.08,00012.29,235.2,50.0,356.1,360.8,290,284,0.0,0,0,0,235.2,50.0,3128,3102,28,230.0,47.8,48.0,230.0,47.8,50.0,11000,11000,48.0,57.6,57.6,Pylon,2.0,70.0,Appliance,Utility Solar Bat,Solar + Utility,6,53.0,370,0,0.0,Load on,0.7,Line Mode,925000,0,00202507000200,OG-001,offgrid
3bca2f9ba958276e08be6b6837893fd6,2026-03-19 10:10:43,00202507001060,Off Grid,00073.08,00012.29,227.5,50.0,384.4,385.1,476,514,0.0,0,0,0,227.5,50.0,5619,5517,51,230.0,47.8,48.0,230.0,47.8,50.0,11000,11000,48.0,57.6,57.6,Pylon,2.0,70.0,Appliance,Utility Solar Bat,Solar + Utility,6,53.0,394,1,0.0,Load on,1.3,Line Mode,925000,0,00202507000200,OG-001,offgrid
4c66066b5e1c2a182b376c4c4042bea0,2026-03-19 10:15:41,00202507001060,Off Grid,00073.08,00012.29,229.1,50.0,368.6,364.2,745,776,0.0,0,0,0,229.1,50.0,6918,6876,62,230.0,47.8,48.0,230.0,47.8,50.0,11000,11000,48.0,57.6,57.6,Pylon,2.0,70.0,Appliance,Utility Solar Bat,Solar + Utility,6,53.0,378,2,0.0,Load on,2.1,Line Mode,925600,0,00202507000200,OG-001,offgrid
1cf480a12471a8d33b94fb1e73d82a12,2026-03-19 10:20:40,00202507001060,Off Grid,00073.08,00012.29,226.0,50.1,393.8,390.7,375,424,0.0,0,0,0,226.0,50.1,7141,7104,64,230.0,47.8,48.0,230.0,47.8,50.0,11000,11000,48.0,57.6,57.6,Pylon,2.0,70.0,Appliance,Utility Solar Bat,Solar + Utility,6,53.0,403,0,0.0,Load on,1.0,Line Mode,925600,0,00202507000200,OG-001,offgrid
7d8331a2f11adef42c7a210482145393,2026-03-19 10:25:40,00202507001060,Off Grid,00073.08,00012.29,234.6,49.8,360.8,360.7,281,296,0.0,0,0,0,234.6,49.8,3986,3978,36,230.0,47.8,48.0,230.0,47.8,50.0,11000,11000,48.0,57.6,57.6,Pylon,2.0,70.0,Appliance,Utility Solar Bat,Solar + Utility,6,53.0,371,0,0.0,Load on,0.8,Line Mode,925600,0,00202507000200,OG-001,offgrid
1f25a6c22549b0da4a7771b358ab171d,2026-03-19 10:30:41,00202507001060,Off Grid,00073.08,00012.29,240.3,49.9,376.0,371.1,350,391,0.0,0,0,0,240.3,49.9,1321,1304,12,230.0,47.8,48.0,230.0,47.8,50.0,11000,11000,48.0,57.6,57.6,Pylon,2.0,70.0,Appliance,Utility Solar Bat,Solar + Utility,6,53.0,385,0,0.0,Load on,1.0,Line Mode,925600,0,00202507000200,OG-001,offgrid
0ee61ffd0475ea94620bd65cd850f76e,2026-03-19 10:35:42,00202507001060,Off Grid,00073.08,00012.29,238.0,49.9,364.5,368.6,317,307,0.0,0,0,0,238.0,49.9,2832,2787,25,230.0,47.8,48.0,230.0,47.8,50.0,11000,11000,48.0,57.6,57.6,Pylon,2.0,70.0,Appliance,Utility Solar Bat,Solar + Utility,6,53.0,378,0,0.0,Load on,0.8,Line Mode,925600,0,00202507000200,OG-001,offgrid
75024497cb78b0f05aa71ec2365ba5c7,2026-03-19 10:40:39,00202507001060,Off Grid,00073.08,00012.29,219.8,50.0,364.3,360.2,278,318,0.0,0,0,0,219.8,50.0,8048,8037,73,230.0,47.8,48.0,230.0,47.8,50.0,11000,11000,48.0,57.6,57.6,Pylon,2.0,70.0,Appliance,Utility Solar Bat,Solar + Utility,6,53.0,374,0,0.0,Load on,0.8,Line Mode,925600,0,00202507000200,OG-001,offgrid
0509da4d2b8f809c526be7e9f0c37fed,2026-03-19 10:45:38,00202507001060,Off Grid,00073.08,00012.29,228.2,50.0,378.8,379.1,461,463,0.0,0,0,0,228.2,50.0,7233,7168,65,230.0,47.8,48.0,230.0,47.8,50.0,11000,11000,48.0,57.6,57.6,Pylon,2.0,70.0,Appliance,Utility Solar Bat,Solar + Utility,6,53.0,390,1,0.0,Load on,1.2,Line Mode,925600,0,00202507000200,OG-001,offgrid
7e55dfc670e72364048f8329270851da,2026-03-19 10:50:37,00202507001060,Off Grid,00073.08,00012.29,231.3,50.0,378.9,385.7,541,520,0.0,0,0,0,231.3,50.0,5412,5330,49,230.0,47.8,48.0,230.0,47.8,50.0,11000,11000,48.0,57.6,57.6,Pylon,2.0,70.0,Appliance,Utility Solar Bat,Solar + Utility,6,53.0,396,1,0.0,Load on,1.3,Line Mode,925600,0,00202507000200,OG-001,offgrid
652ff504b27e9e275a273523b315e573,2026-03-19 10:55:37,00202507001060,Off Grid,00073.08,00012.29,236.6,50.1,367.6,373.3,614,595,0.0,0,0,0,236.6,50.1,3927,3764,35,230.0,47.8,48.0,230.0,47.8,50.0,11000,11000,48.0,57.6,57.6,Pylon,2.0,70.0,Appliance,Utility Solar Bat,Solar + Utility,6,53.0,383,1,0.0,Load on,1.5,Line Mode,925600,0,00202507000200,OG-001,offgrid
6a5f9a680b43d4ee6f14e8b8da3b5fb6,2026-03-19 11:00:37,00202507001060,Off Grid,00073.08,00012.29,239.5,50.1,383.9,381.7,550,617,0.0,0,0,0,239.5,50.1,3209,3029,29,230.0,47.8,48.0,230.0,47.8,50.0,11000,11000,48.0,57.6,57.6,Pylon,2.0,70.0,Appliance,Utility Solar Bat,Solar + Utility,6,53.0,394,1,0.0,Load on,1.6,Line Mode,925600,0,00202507000200,OG-001,offgrid
11fc911093c3ef7e7a6be48f674b0a72,2026-03-19 11:05:35,00202507001060,Off Grid,00073.08,00012.29,239.2,49.9,384.5,384.8,512,581,0.0,0,0,0,239.2,49.9,3517,3385,31,230.0,47.8,48.0,230.0,47.8,50.0,11000,11000,48.0,57.6,57.6,Pylon,2.0,70.0,Appliance,Utility Solar Bat,Solar + Utility,6,53.0,394,1,0.0,Load on,1.5,Line Mode,925600,0,00202507000200,OG-001,offgrid
3412d08ada67ba3a41045a0a1e26b73b,2026-03-19 11:15:30,00202507001060,Off Grid,00073.08,00012.29,237.3,50.1,388.6,396.9,765,748,0.0,0,0,0,237.3,50.1,5339,5264,48,230.0,47.8,48.0,230.0,47.8,50.0,11000,11000,48.0,57.6,57.6,Pylon,2.0,70.0,Appliance,Utility Solar Bat,Solar + Utility,6,53.0,403,1,0.0,Load on,1.8,Line Mode,926600,0,00202507000200,OG-001,offgrid
558b283976b3a56e4277009570aef8e2,2026-03-19 11:20:28,00202507001060,Off Grid,00073.08,00012.29,240.4,50.1,386.6,387.3,837,828,0.0,0,0,0,240.4,50.1,3365,3190,30,230.0,47.8,48.0,230.0,47.8,50.0,11000,11000,48.0,57.6,57.6,Pylon,2.0,70.0,Appliance,Utility Solar Bat,Solar + Utility,6,53.0,399,2,0.0,Load on,2.1,Line Mode,926600,0,00202507000200,OG-001,offgrid
65595dc40f1988c4126969c261b01f80,2026-03-19 11:25:28,00202507001060,Off Grid,00073.08,00012.29,236.2,49.8,381.9,387.1,798,782,0.0,0,0,0,236.2,49.8,3944,3888,35,230.0,47.8,48.0,230.0,47.8,50.0,11000,11000,48.0,57.6,57.6,Pylon,2.0,70.0,Appliance,Utility Solar Bat,Solar + Utility,6,53.0,398,2,0.0,Load on,2.0,Line Mode,926600,0,00202507000200,OG-001,offgrid
70ee66d185e74b6712a22c941aeb39c2,2026-03-19 11:30:27,00202507001060,Off Grid,00073.08,00012.29,236.8,49.9,376.3,374.6,653,693,0.0,0,0,0,236.8,49.9,3054,2921,27,230.0,47.8,48.0,230.0,47.8,50.0,11000,11000,48.0,57.6,57.6,Pylon,2.0,70.0,Appliance,Utility Solar Bat,Solar + Utility,6,53.0,386,1,0.0,Load on,1.8,Line Mode,926600,0,00202507000200,OG-001,offgrid
21ec1c1f94e3f65233ea085ea1518b3c,2026-03-19 11:35:25,00202507001060,Off Grid,00073.08,00012.29,240.0,50.0,378.0,381.7,631,611,0.0,0,0,0,240.0,50.0,3049,2827,27,230.0,47.8,48.0,230.0,47.8,50.0,11000,11000,48.0,57.6,57.6,Pylon,2.0,70.0,Appliance,Utility Solar Bat,Solar + Utility,6,53.0,392,1,0.0,Load on,1.6,Line Mode,926600,0,00202507000200,OG-001,offgrid
4a59f686677879090f84f67fadab9977,2026-03-19 11:40:22,00202507001060,Off Grid,00073.08,00012.29,238.9,49.9,370.1,380.2,476,454,0.0,0,0,0,238.9,49.9,3105,2949,28,230.0,47.8,48.0,230.0,47.8,50.0,11000,11000,48.0,57.6,57.6,Pylon,2.0,70.0,Appliance,Utility Solar Bat,Solar + Utility,6,53.0,388,1,0.0,Load on,1.1,Line Mode,926600,0,00202507000200,OG-001,offgrid
59445e004ae99ffc02f87cdae3c2ec70,2026-03-19 11:45:22,00202507001060,Off Grid,00073.08,00012.29,240.2,49.8,387.9,392.6,595,591,0.0,0,0,0,240.2,49.8,3170,2984,28,230.0,47.8,48.0,230.0,47.8,50.0,11000,11000,48.0,57.6,57.6,Pylon,2.0,70.0,Appliance,Utility Solar Bat,Solar + Utility,6,53.0,405,1,0.0,Load on,1.5,Line Mode,926600,0,00202507000200,OG-001,offgrid
023a6565428af321150e1996b2312e3e,2026-03-19 11:50:21,00202507001060,Off Grid,00073.08,00012.29,237.0,49.9,380.2,388.3,789,772,0.0,0,0,0,237.0,49.9,3460,3307,31,230.0,47.8,48.0,230.0,47.8,50.0,11000,11000,48.0,57.6,57.6,Pylon,2.0,70.0,Appliance,Utility Solar Bat,Solar + Utility,6,53.0,397,2,0.0,Load on,1.9,Line Mode,926600,0,00202507000200,OG-001,offgrid
349048ceec4045a56ce827e19d787547,2026-03-19 12:00:18,00202507001060,Off Grid,00073.08,00012.29,237.8,49.9,392.9,390.8,855,899,0.0,0,0,0,237.8,49.9,3590,3446,32,230.0,47.8,48.0,230.0,47.8,50.0,11000,11000,48.0,57.6,57.6,Pylon,2.0,70.0,Appliance,Utility Solar Bat,Solar + Utility,6,53.0,403,2,0.0,Load on,2.3,Line Mode,926600,0,00202507000200,OG-001,offgrid
0a0f1478e32039c24e9197b261645548,2026-03-19 12:05:16,00202507001060,Off Grid,00073.08,00012.29,237.3,49.9,385.5,394.8,837,813,0.0,0,0,0,237.3,49.9,3583,3459,32,230.0,47.8,48.0,230.0,47.8,50.0,11000,11000,48.0,57.6,57.6,Pylon,2.0,70.0,Appliance,Utility Solar Bat,Solar + Utility,6,53.0,404,2,0.0,Load on,2.0,Line Mode,926600,0,00202507000200,OG-001,offgrid
502e43511841a64272ca45a2235763ce,2026-03-19 12:10:12,00202507001060,Off Grid,00073.08,00012.29,235.5,50.0,370.5,378.3,591,571,0.0,0,0,0,235.5,50.0,3508,3336,31,230.0,47.8,48.0,230.0,47.8,50.0,11000,11000,48.0,57.6,57.6,Pylon,2.0,70.0,Appliance,Utility Solar Bat,Solar + Utility,6,53.0,389,1,0.0,Load on,1.5,Line Mode,926600,0,00202507000200,OG-001,offgrid
0ea882d04e5703da3a6e29f551cfacad,2026-03-19 12:20:14,00202507001060,Off Grid,00073.08,00012.29,234.1,50.1,393.2,391.6,679,727,0.0,0,0,0,234.1,50.1,4213,4099,38,230.0,47.8,48.0,230.0,47.8,50.0,11000,11000,48.0,57.6,57.6,Pylon,2.0,70.0,Appliance,Utility Solar Bat,Solar + Utility,6,53.0,403,1,0.0,Load on,1.8,Line Mode,928000,0,00202507000200,OG-001,offgrid
7e52752c7ab662261ddcacd28c0fe6ab,2026-03-19 12:25:13,00202507001060,Off Grid,00073.08,00012.29,232.1,50.0,378.9,383.5,828,784,0.0,0,0,0,232.1,50.0,4502,4476,40,230.0,47.8,48.0,230.0,47.8,50.0,11000,11000,48.0,57.6,57.6,Pylon,2.0,70.0,Appliance,Utility Solar Bat,Solar + Utility,6,53.0,394,2,0.0,Load on,2.0,Line Mode,928000,0,00202507000200,OG-001,offgrid
04e573d0ae5dd28c5b807247e3c89ac9,2026-03-19 12:30:11,00202507001060,Off Grid,00073.08,00012.29,237.6,49.9,381.3,379.8,812,851,0.0,0,0,0,237.6,49.9,3278,3143,29,230.0,47.8,48.0,230.0,47.8,50.0,11000,11000,48.0,57.6,57.6,Pylon,2.0,70.0,Appliance,Utility Solar Bat,Solar + Utility,6,53.0,391,2,0.0,Load on,2.2,Line Mode,928000,0,00202507000200,OG-001,offgrid
2ae20bf50c03406418bf94a5a39ff8c0,2026-03-19 12:35:11,00202507001060,Off Grid,00073.08,00012.29,239.0,49.9,379.5,381.0,753,749,0.0,0,0,0,239.0,49.9,3535,3369,32,230.0,47.8,48.0,230.0,47.8,50.0,11000,11000,48.0,57.6,57.6,Pylon,2.0,70.0,Appliance,Utility Solar Bat,Solar + Utility,6,53.0,391,1,0.0,Load on,1.9,Line Mode,928000,0,00202507000200,OG-001,offgrid
28c4ccb74b5cb6445b0ee54f7c782d44,2026-03-19 12:40:10,00202507001060,Off Grid,00073.08,00012.29,239.3,49.8,382.4,395.7,826,811,0.0,0,0,0,239.3,49.8,3686,3583,33,230.0,47.8,48.0,230.0,47.8,50.0,11000,11000,48.0,57.6,57.6,Pylon,2.0,70.0,Appliance,Utility Solar Bat,Solar + Utility,6,53.0,401,2,0.0,Load on,2.0,Line Mode,928000,0,00202507000200,OG-001,offgrid
318daf800e266f831a6f03685d911183,2026-03-19 12:50:07,00202507001060,Off Grid,00073.08,00012.29,238.3,49.9,390.1,387.3,754,795,0.0,0,0,0,238.3,49.9,3596,3464,32,230.0,47.8,48.0,230.0,47.8,50.0,11000,11000,48.0,57.6,57.6,Pylon,2.0,70.0,Appliance,Utility Solar Bat,Solar + Utility,6,53.0,400,1,0.0,Load on,2.0,Line Mode,928000,0,00202507000200,OG-001,offgrid
672032c605d023c5690da22ede0d7f16,2026-03-19 13:00:03,00202507001060,Off Grid,00073.08,00012.29,237.4,50.0,381.7,384.8,502,510,0.0,0,0,0,237.4,50.0,3700,3542,33,230.0,47.8,48.0,230.0,47.8,50.0,11000,11000,48.0,57.6,57.6,Pylon,2.0,70.0,Appliance,Utility Solar Bat,Solar + Utility,6,53.0,395,1,0.0,Load on,1.3,Line Mode,928000,0,00202507000200,OG-001,offgrid
5a689d97a726f2a53a948fe6e5826c59,2026-03-19 13:10:01,00202507001060,Off Grid,00073.08,00012.29,235.9,50.0,387.0,382.3,669,708,0.0,0,0,0,235.9,50.0,3656,3513,33,230.0,47.8,48.0,230.0,47.8,50.0,11000,11000,48.0,57.6,57.6,Pylon,2.0,70.0,Appliance,Utility Solar Bat,Solar + Utility,6,53.0,397,1,0.0,Load on,1.8,Line Mode,928000,0,00202507000200,OG-001,offgrid
421173baa03c8b49644c6381702d82ad,2026-03-19 13:20:03,00202507001060,Off Grid,00073.08,00012.29,238.8,50.0,379.5,375.7,498,535,0.0,0,0,0,238.8,50.0,3198,3017,29,230.0,47.8,48.0,230.0,47.8,50.0,11000,11000,48.0,57.6,57.6,Pylon,2.0,70.0,Appliance,Utility Solar Bat,Solar + Utility,6,53.0,389,1,0.0,Load on,1.4,Line Mode,929400,0,00202507000200,OG-001,offgrid
210e172d129b30d44d0e49c4cd65a934,2026-03-19 13:25:01,00202507001060,Off Grid,00073.08,00012.29,237.4,50.0,372.0,369.5,452,490,0.0,0,0,0,237.4,50.0,3157,3036,28,230.0,47.8,48.0,230.0,47.8,50.0,11000,11000,48.0,57.6,57.6,Pylon,2.0,70.0,Appliance,Utility Solar Bat,Solar + Utility,6,53.0,382,1,0.0,Load on,1.3,Line Mode,929400,0,00202507000200,OG-001,offgrid
50acae5635c0eddf06db4c02046b7c02,2026-03-19 13:29:59,00202507001060,Off Grid,00073.08,00012.29,238.8,50.0,378.0,386.1,679,659,0.0,0,0,0,238.8,50.0,3319,3154,30,230.0,47.8,48.0,230.0,47.8,50.0,11000,11000,48.0,57.6,57.6,Pylon,2.0,70.0,Appliance,Utility Solar Bat,Solar + Utility,6,53.0,396,1,0.0,Load on,1.7,Line Mode,929400,0,00202507000200,OG-001,offgrid
4e4c7194b5b17073551f22e915cc64b4,2026-03-19 13:34:57,00202507001060,Off Grid,00073.08,00012.29,236.3,50.0,376.4,378.2,811,810,0.0,0,0,0,236.3,50.0,5366,5264,48,230.0,47.8,48.0,230.0,47.8,50.0,11000,11000,48.0,57.6,57.6,Pylon,2.0,70.0,Appliance,Utility Solar Bat,Solar + Utility,6,53.0,390,2,0.0,Load on,2.1,Line Mode,929400,0,00202507000200,OG-001,offgrid
3ec47bc79ff31837741e7aa365167747,2026-03-19 13:39:56,00202507001060,Off Grid,00073.08,00012.29,241.3,50.0,389.4,400.0,879,858,0.0,0,0,0,241.3,50.0,3016,2795,27,230.0,47.8,48.0,230.0,47.8,50.0,11000,11000,48.0,57.6,57.6,Pylon,2.0,70.0,Appliance,Utility Solar Bat,Solar + Utility,6,53.0,410,2,0.0,Load on,2.1,Line Mode,929400,0,00202507000200,OG-001,offgrid
1e444ff1ae4b645243115150f06cee7b,2026-03-19 13:49:55,00202507001060,Off Grid,00073.08,00012.29,238.5,50.0,389.2,387.6,869,896,0.0,0,0,0,238.5,50.0,3819,3702,34,230.0,47.8,48.0,230.0,47.8,50.0,11000,11000,48.0,57.6,57.6,Pylon,2.0,70.0,Appliance,Utility Solar Bat,Solar + Utility,6,53.0,399,2,0.0,Load on,2.3,Line Mode,929400,0,00202507000200,OG-001,offgrid
40c5651b144ae5e30084386b1f7ec4f2,2026-03-19 13:54:55,00202507001060,Off Grid,00073.08,00012.29,238.7,49.8,374.9,382.6,855,843,0.0,0,0,0,238.7,49.8,3796,3705,34,230.0,47.8,48.0,230.0,47.8,50.0,11000,11000,48.0,57.6,57.6,Pylon,2.0,70.0,Appliance,Utility Solar Bat,Solar + Utility,6,53.0,392,2,0.0,Load on,2.2,Line Mode,929400,0,00202507000200,OG-001,offgrid
30abe8e5bf53fac317368c76643f4669,2026-03-19 13:59:57,00202507001060,Off Grid,00073.08,00012.29,239.1,49.7,387.9,385.7,844,884,0.0,0,0,0,239.1,49.7,3992,3841,36,230.0,47.8,48.0,230.0,47.8,50.0,11000,11000,48.0,57.6,57.6,Pylon,2.0,70.0,Appliance,Utility Solar Bat,Solar + Utility,6,53.0,398,2,0.0,Load on,2.2,Line Mode,929400,0,00202507000200,OG-001,offgrid
7cc762be7e304b3f31adfcb03561c091,2026-03-19 14:04:53,00202507001060,Off Grid,00073.08,00012.29,242.7,49.7,386.1,381.9,849,885,0.0,0,0,0,242.7,49.7,3083,2870,28,230.0,47.8,48.0,230.0,47.8,50.0,11000,11000,48.0,57.6,57.6,Pylon,2.0,70.0,Appliance,Utility Solar Bat,Solar + Utility,6,53.0,396,2,0.0,Load on,2.3,Line Mode,929400,0,00202507000200,OG-001,offgrid
587c676c3b4e6eae14d2c4a2eef9ec4c,2026-03-19 14:09:52,00202507001060,Off Grid,00073.08,00012.29,239.9,49.9,393.5,395.8,668,668,0.0,0,0,0,239.9,49.9,3024,2800,27,230.0,47.8,48.0,230.0,47.8,50.0,11000,11000,48.0,57.6,57.6,Pylon,2.0,70.0,Appliance,Utility Solar Bat,Solar + Utility,6,53.0,406,1,0.0,Load on,1.6,Line Mode,929400,0,00202507000200,OG-001,offgrid
24a89e619f5335c12b5feae49447b33c,2026-03-19 14:14:50,00202507001060,Off Grid,00073.08,00012.29,241.0,49.9,389.9,398.0,773,749,0.0,0,0,0,241.0,49.9,3301,3156,30,230.0,47.8,48.0,230.0,47.8,50.0,11000,11000,48.0,57.6,57.6,Pylon,2.0,70.0,Appliance,Utility Solar Bat,Solar + Utility,6,53.0,409,1,0.0,Load on,1.8,Line Mode,929400,0,00202507000200,OG-001,offgrid
4ca3fb121c261e34527e1635d15790b6,2026-03-19 14:19:50,00202507001060,Off Grid,00073.08,00012.29,237.8,49.9,397.6,402.6,843,817,0.0,0,0,0,237.8,49.9,4066,3997,36,230.0,47.8,48.0,230.0,47.8,50.0,11000,11000,48.0,57.6,57.6,Pylon,2.0,70.0,Appliance,Utility Solar Bat,Solar + Utility,6,53.0,409,2,0.0,Load on,2.0,Line Mode,930900,0,00202507000200,OG-001,offgrid
4b04bfd7356b8e5e10fdea73e89682a1,2026-03-19 14:24:49,00202507001060,Off Grid,00073.08,00012.29,244.2,50.0,386.0,393.0,816,809,0.0,0,0,0,244.2,50.0,3052,2913,27,230.0,47.8,48.0,230.0,47.8,50.0,11000,11000,48.0,57.6,57.6,Pylon,2.0,70.0,Appliance,Utility Solar Bat,Solar + Utility,6,53.0,401,2,0.0,Load on,2.0,Line Mode,930900,0,00202507000200,OG-001,offgrid
694792c1541c40fe4677cf1ed5a7b258,2026-03-19 14:29:48,00202507001060,Off Grid,00073.08,00012.29,240.1,50.0,378.5,376.6,620,651,0.0,0,0,0,240.1,50.0,3145,3001,28,230.0,47.8,48.0,230.0,47.8,50.0,11000,11000,48.0,57.6,57.6,Pylon,2.0,70.0,Appliance,Utility Solar Bat,Solar + Utility,6,53.0,388,1,0.0,Load on,1.7,Line Mode,930900,0,00202507000200,OG-001,offgrid
3eeda5e60252923c678b36898c8ae804,2026-03-19 14:39:45,00202507001060,Off Grid,00073.08,00012.29,239.9,49.9,386.0,390.4,591,604,0.0,0,0,0,239.9,49.9,3144,2968,28,230.0,47.8,48.0,230.0,47.8,50.0,11000,11000,48.0,57.6,57.6,Pylon,2.0,70.0,Appliance,Utility Solar Bat,Solar + Utility,6,53.0,395,1,0.0,Load on,1.5,Line Mode,930900,0,00202507000200,OG-001,offgrid
1dd21c02e7c83b4e048ca8695689e6ce,2026-03-19 14:44:45,00202507001060,Off Grid,00073.08,00012.29,236.6,50.0,389.9,397.3,617,589,0.0,0,0,0,236.6,50.0,3123,2982,28,230.0,47.8,48.0,230.0,47.8,50.0,11000,11000,48.0,57.6,57.6,Pylon,2.0,70.0,Appliance,Utility Solar Bat,Solar + Utility,6,53.0,408,1,0.0,Load on,1.4,Line Mode,930900,0,00202507000200,OG-001,offgrid
0ebf8ddaa318f4201abb0905f39b2ff0,2026-03-19 14:49:45,00202507001060,Off Grid,00073.08,00012.29,233.9,50.0,383.3,376.0,550,587,0.0,0,0,0,233.9,50.0,4046,4010,36,230.0,47.8,48.0,230.0,47.8,50.0,11000,11000,48.0,57.6,57.6,Pylon,2.0,70.0,Appliance,Utility Solar Bat,Solar + Utility,6,53.0,393,1,0.0,Load on,1.5,Line Mode,930900,0,00202507000200,OG-001,offgrid
7a3e72b72a1e87ee676e291dde8939e0,2026-03-19 14:59:41,00202507001060,Off Grid,00073.08,00012.29,240.0,50.1,390.1,395.7,864,842,0.0,0,0,0,240.0,50.1,3792,3657,34,230.0,47.8,48.0,230.0,47.8,50.0,11000,11000,48.0,57.6,57.6,Pylon,2.0,70.0,Appliance,Utility Solar Bat,Solar + Utility,6,53.0,406,2,0.0,Load on,2.1,Line Mode,930900,0,00202507000200,OG-001,offgrid
0d26bc1c1080add641992aca84ce62cd,2026-03-19 15:04:42,00202507001060,Off Grid,00073.08,00012.29,233.2,50.1,382.6,389.8,730,710,0.0,0,0,0,233.2,50.1,6156,6052,55,230.0,47.8,48.0,230.0,47.8,50.0,11000,11000,48.0,57.6,57.6,Pylon,2.0,70.0,Appliance,Utility Solar Bat,Solar + Utility,6,53.0,399,1,0.0,Load on,1.8,Line Mode,930900,0,00202507000200,OG-001,offgrid
24601d94548791472eb6e9cd69dc12cc,2026-03-19 15:09:40,00202507001060,Off Grid,00073.08,00012.29,241.0,50.1,378.0,389.8,702,683,0.0,0,0,0,241.0,50.1,3639,3474,33,230.0,47.8,48.0,230.0,47.8,50.0,11000,11000,48.0,57.6,57.6,Pylon,2.0,70.0,Appliance,Utility Solar Bat,Solar + Utility,6,53.0,399,1,0.0,Load on,1.7,Line Mode,930900,0,00202507000200,OG-001,offgrid
6f7b22313a136f6908683b1f178ddbf6,2026-03-19 15:14:39,00202507001060,Off Grid,00073.08,00012.29,243.8,50.0,383.8,385.4,766,765,0.0,0,0,0,243.8,50.0,3145,2924,28,230.0,47.8,48.0,230.0,47.8,50.0,11000,11000,48.0,57.6,57.6,Pylon,2.0,70.0,Appliance,Utility Solar Bat,Solar + Utility,6,53.0,397,1,0.0,Load on,1.9,Line Mode,930900,0,00202507000200,OG-001,offgrid
3ae1121841b10ac82b53af21c59e3241,2026-03-19 15:24:33,00202507001060,Off Grid,00073.08,00012.29,246.1,50.0,382.6,380.1,878,906,0.0,0,0,0,246.1,50.0,2780,2550,25,230.0,47.8,48.0,230.0,47.8,50.0,11000,11000,48.0,57.6,57.6,Pylon,2.0,70.0,Appliance,Utility Solar Bat,Solar + Utility,6,53.0,392,2,0.0,Load on,2.3,Line Mode,932300,0,00202507000200,OG-001,offgrid
41066c65885358dc3596eb0492567dc7,2026-03-19 15:29:33,00202507001060,Off Grid,00073.08,00012.29,239.5,50.0,399.2,394.4,857,906,0.0,0,0,0,239.5,50.0,3399,3194,30,230.0,47.8,48.0,230.0,47.8,50.0,11000,11000,48.0,57.6,57.6,Pylon,2.0,70.0,Appliance,Utility Solar Bat,Solar + Utility,6,53.0,409,2,0.0,Load on,2.2,Line Mode,932300,0,00202507000200,OG-001,offgrid
18222121a8da29782ebdb38871020aa0,2026-03-19 15:34:29,00202507001060,Off Grid,00073.08,00012.29,244.6,50.0,385.8,383.2,849,888,0.0,0,0,0,244.6,50.0,2984,2802,27,230.0,47.8,48.0,230.0,47.8,50.0,11000,11000,48.0,57.6,57.6,Pylon,2.0,70.0,Appliance,Utility Solar Bat,Solar + Utility,6,53.0,395,2,0.0,Load on,2.3,Line Mode,932300,0,00202507000200,OG-001,offgrid
192197b037c1792d75dbc3003a882420,2026-03-19 15:39:26,00202507001060,Off Grid,00073.08,00012.29,241.0,50.1,370.7,378.3,499,477,0.0,0,0,0,241.0,50.1,3087,2953,28,230.0,47.8,48.0,230.0,47.8,50.0,11000,11000,48.0,57.6,57.6,Pylon,2.0,70.0,Appliance,Utility Solar Bat,Solar + Utility,6,53.0,388,1,0.0,Load on,1.2,Line Mode,932300,0,00202507000200,OG-001,offgrid
6ed28380a6f8f96253a13514b172801b,2026-03-19 15:44:24,00202507001060,Off Grid,00073.08,00012.29,238.7,50.1,352.6,358.3,197,178,0.0,0,0,0,238.7,50.1,2959,2791,26,230.0,47.8,48.0,230.0,47.8,50.0,11000,11000,48.0,57.6,57.6,Pylon,2.0,70.0,Appliance,Utility Solar Bat,Solar + Utility,6,53.0,374,0,0.0,Load on,0.4,Line Mode,932300,0,00202507000200,OG-001,offgrid
7488d79e87d02ecd3d3650a995c10b90,2026-03-19 15:49:25,00202507001060,Off Grid,00073.08,00012.29,236.1,50.1,89.9,90.2,29,43,0.0,0,0,0,236.1,50.1,3141,2948,28,230.0,47.8,48.0,230.0,47.8,50.0,11000,11000,48.0,57.6,57.6,Pylon,2.0,70.0,Appliance,Utility Solar Bat,Solar + Utility,6,53.0,370,0,0.0,Load on,0.4,Line Mode,932300,0,00202507000200,OG-001,offgrid
7c8b2c36b29ff6076698b6bf9727168a,2026-03-19 15:54:22,00202507001060,Off Grid,00073.08,00012.29,235.4,50.1,98.1,103.9,113,104,0.0,0,0,0,235.4,50.1,4097,4047,37,230.0,47.8,48.0,230.0,47.8,50.0,11000,11000,48.0,57.6,57.6,Pylon,2.0,70.0,Appliance,Utility Solar Bat,Solar + Utility,6,53.0,369,1,0.0,Load on,1.0,Line Mode,932300,0,00202507000200,OG-001,offgrid
12f773596506c2ca19821344c62e03f6,2026-03-19 15:59:26,00202507001060,Off Grid,00073.08,00012.29,237.8,50.1,100.2,102.4,120,138,0.0,0,0,0,237.8,50.1,3281,3149,29,230.0,47.8,48.0,230.0,47.8,50.0,11000,11000,48.0,57.6,57.6,Pylon,2.0,70.0,Appliance,Utility Solar Bat,Solar + Utility,6,53.0,372,1,0.0,Load on,1.3,Line Mode,932300,0,00202507000200,OG-001,offgrid
715ab2a107bff1c81c1656310944b59e,2026-03-19 16:04:25,00202507001060,Off Grid,00073.08,00012.29,239.4,50.1,376.0,373.5,527,558,0.0,0,0,0,239.4,50.1,3447,3333,31,230.0,47.8,48.0,230.0,47.8,50.0,11000,11000,48.0,57.6,57.6,Pylon,2.0,70.0,Appliance,Utility Solar Bat,Solar + Utility,6,53.0,386,1,0.0,Load on,1.4,Line Mode,932300,0,00202507000200,OG-001,offgrid
608749dbc511790435bf7cde7daa98b5,2026-03-19 16:14:20,00202507001060,Off Grid,00073.08,00012.29,239.7,50.0,378.8,374.6,329,373,0.0,0,0,0,239.7,50.0,3065,2885,27,230.0,47.8,48.0,230.0,47.8,50.0,11000,11000,48.0,57.6,57.6,Pylon,2.0,70.0,Appliance,Utility Solar Bat,Solar + Utility,6,53.0,388,0,0.0,Load on,0.9,Line Mode,932300,0,00202507000200,OG-001,offgrid
3b8916e0c9e7b9bb3a2007cb944811a3,2026-03-19 16:19:20,00202507001060,Off Grid,00073.08,00012.29,236.8,50.0,367.0,366.3,240,247,0.0,0,0,0,236.8,50.0,3146,2959,28,230.0,47.8,48.0,230.0,47.8,50.0,11000,11000,48.0,57.6,57.6,Pylon,2.0,70.0,Appliance,Utility Solar Bat,Solar + Utility,6,53.0,377,0,0.0,Load on,0.6,Line Mode,933300,0,00202507000200,OG-001,offgrid
5501b59bdd47be0949b83171c16066c8,2026-03-19 16:24:18,00202507001060,Off Grid,00073.08,00012.29,237.3,50.0,364.0,370.8,316,302,0.0,0,0,0,237.3,50.0,3179,2971,28,230.0,47.8,48.0,230.0,47.8,50.0,11000,11000,48.0,57.6,57.6,Pylon,2.0,70.0,Appliance,Utility Solar Bat,Solar + Utility,6,53.0,380,0,0.0,Load on,0.8,Line Mode,933300,0,00202507000200,OG-001,offgrid
1284672ca5228b87198ee4c4d01e4761,2026-03-19 16:29:18,00202507001060,Off Grid,00073.08,00012.29,234.4,50.0,366.8,382.6,301,278,0.0,0,0,0,234.4,50.0,3211,3019,29,230.0,47.8,48.0,230.0,47.8,50.0,11000,11000,48.0,57.6,57.6,Pylon,2.0,70.0,Appliance,Utility Solar Bat,Solar + Utility,6,53.0,391,0,0.0,Load on,0.7,Line Mode,933300,0,00202507000200,OG-001,offgrid
46c449b96f69329f3c65cdc58a12d70f,2026-03-19 16:39:18,00202507001060,Off Grid,00073.08,00012.29,223.6,49.9,359.8,357.3,287,326,0.0,0,0,0,223.6,49.9,6439,6433,58,230.0,47.8,48.0,230.0,47.8,50.0,11000,11000,48.0,57.6,57.6,Pylon,2.0,70.0,Appliance,Utility Solar Bat,Solar + Utility,6,53.0,369,0,0.0,Load on,0.9,Line Mode,933300,0,00202507000200,OG-001,offgrid
7b64c8edf45be579484fe087c2fd5173,2026-03-19 16:44:17,00202507001060,Off Grid,00073.08,00012.29,234.8,49.9,363.3,359.0,231,272,0.0,0,0,0,234.8,49.9,3404,3266,30,230.0,47.8,48.0,230.0,47.8,50.0,11000,11000,48.0,57.6,57.6,Pylon,2.0,70.0,Appliance,Utility Solar Bat,Solar + Utility,6,53.0,373,0,0.0,Load on,0.7,Line Mode,933300,0,00202507000200,OG-001,offgrid
4bfc0e836fccd274624233d2c4e1ae95,2026-03-19 16:49:18,00202507001060,Off Grid,00073.08,00012.29,220.1,50.0,369.0,366.3,201,244,0.0,0,0,0,220.1,50.0,7307,7119,66,230.0,47.8,48.0,230.0,47.8,50.0,11000,11000,48.0,57.6,57.6,Pylon,2.0,70.0,Appliance,Utility Solar Bat,Solar + Utility,6,53.0,378,0,0.0,Load on,0.6,Line Mode,933300,0,00202507000200,OG-001,offgrid
52d512744bf8fcac452217c5b9fc6673,2026-03-19 16:59:14,00202507001060,Off Grid,00073.08,00012.29,231.1,50.0,92.7,102.2,70,61,0.0,0,0,0,231.1,50.0,3558,3443,32,230.0,47.8,48.0,230.0,47.8,50.0,11000,11000,48.0,57.6,57.6,Pylon,2.0,70.0,Appliance,Utility Solar Bat,Solar + Utility,6,53.0,363,0,0.0,Load on,0.5,Line Mode,933300,0,00202507000200,OG-001,offgrid
4d6b3ff9e2b4e2a47af8088696048622,2026-03-19 17:09:12,00202507001060,Off Grid,00073.08,00012.29,234.9,49.9,98.4,97.4,55,71,0.0,0,0,0,234.9,49.9,3122,2963,28,230.0,47.8,48.0,230.0,47.8,50.0,11000,11000,48.0,57.6,57.6,Pylon,2.0,70.0,Appliance,Utility Solar Bat,Solar + Utility,6,53.0,368,0,0.0,Load on,0.7,Line Mode,933300,0,00202507000200,OG-001,offgrid
5f371b42ccac642257d3046c462a1917,2026-03-19 17:14:09,00202507001060,Off Grid,00073.08,00012.29,232.3,49.9,93.8,95.8,51,63,0.0,0,0,0,232.3,49.9,3577,3427,32,230.0,47.8,48.0,230.0,47.8,50.0,11000,11000,48.0,57.6,57.6,Pylon,2.0,70.0,Appliance,Utility Solar Bat,Solar + Utility,6,53.0,364,0,0.0,Load on,0.6,Line Mode,933300,0,00202507000200,OG-001,offgrid
496c4648f130e7b44adeee57d667d73a,2026-03-19 17:24:09,00202507001060,Off Grid,00073.08,00012.29,229.5,49.9,90.0,90.0,26,40,0.0,0,0,0,229.5,49.9,3258,3055,29,230.0,47.8,48.0,230.0,47.8,50.0,11000,11000,48.0,57.6,57.6,Pylon,2.0,70.0,Appliance,Utility Solar Bat,Solar + Utility,6,53.0,360,0,0.0,Load on,0.4,Line Mode,933700,0,00202507000200,OG-001,offgrid
7804e603ca5c067167804120f33a78da,2026-03-19 17:58:59,00202507001060,Off Grid,00073.08,00012.29,229.8,49.9,0.0,101.2,0,0,0.0,0,0,0,229.8,49.9,1879,1847,17,230.0,47.8,48.0,230.0,47.8,50.0,11000,11000,48.0,57.6,57.6,Pylon,2.0,70.0,Appliance,Utility Solar Bat,Solar + Utility,6,53.0,359,0,0.0,Load on,0.0,Line Mode,933700,0,00202507000200,OG-001,offgrid
6cbd6a38644272dc7aca257b0db559bc,2026-03-19 18:13:55,00202507001060,Off Grid,00073.08,00012.29,239.5,49.9,0.0,0.0,0,0,0.0,0,0,0,239.5,49.9,527,421,4,230.0,47.8,48.0,230.0,47.8,50.0,11000,11000,48.0,57.6,57.6,Pylon,2.0,70.0,Appliance,Utility Solar Bat,Solar + Utility,6,53.0,379,0,0.0,Load on,0.0,Line Mode,933700,0,00202507000200,OG-001,offgrid
22d78e5361fedffb0776e5f45c250d6c,2026-03-19 18:22:28,00202507001060,Off Grid,00073.08,00012.29,239.1,49.8,0.0,0.0,0,0,0.0,0,0,0,239.1,49.8,549,468,4,230.0,47.8,48.0,230.0,47.8,50.0,11000,11000,48.0,57.6,57.6,Pylon,2.0,70.0,Appliance,Utility Solar Bat,Solar + Utility,6,53.0,374,0,0.0,Load on,0.0,Line Mode,933700,0,00202507000200,OG-001,offgrid
4a96ec89895a51ae2d5156398bb6c1f0,2026-03-19 18:27:29,00202507001060,Off Grid,00073.08,00012.29,232.5,49.9,60.9,0.0,0,0,0.0,0,0,0,232.5,49.9,1929,1885,17,230.0,47.8,48.0,230.0,47.8,50.0,11000,11000,48.0,57.6,57.6,Pylon,2.0,70.0,Appliance,Utility Solar Bat,Solar + Utility,6,53.0,365,0,0.0,Load on,0.0,Line Mode,933700,0,00202507000200,OG-001,offgrid
0f351fb257ee3a3478655cb9d6191764,2026-03-19 18:37:27,00202507001060,Off Grid,00073.08,00012.29,237.4,50.0,0.0,0.0,0,0,0.0,0,0,0,237.4,50.0,880,863,8,230.0,47.8,48.0,230.0,47.8,50.0,11000,11000,48.0,57.6,57.6,Pylon,2.0,70.0,Appliance,Utility Solar Bat,Solar + Utility,6,53.0,373,0,0.0,Load on,0.0,Line Mode,933700,0,00202507000200,OG-001,offgrid
21169dec24c5192b34d62db491434481,2026-03-19 18:42:27,00202507001060,Off Grid,00073.08,00012.29,237.4,49.9,65.7,0.0,0,0,0.0,0,0,0,237.4,49.9,973,932,8,230.0,47.8,48.0,230.0,47.8,50.0,11000,11000,48.0,57.6,57.6,Pylon,2.0,70.0,Appliance,Utility Solar Bat,Solar + Utility,6,53.0,372,0,0.0,Load on,0.0,Line Mode,933700,0,00202507000200,OG-001,offgrid
4ac55a4deef9e7bc2189325d6d9a5028,2026-03-19 18:52:22,00202507001060,Off Grid,00073.08,00012.29,240.1,49.9,74.4,67.4,0,0,0.0,0,0,0,240.1,49.9,600,521,5,230.0,47.8,48.0,230.0,47.8,50.0,11000,11000,48.0,57.6,57.6,Pylon,2.0,70.0,Appliance,Utility Solar Bat,Solar + Utility,6,53.0,376,0,0.0,Load on,0.0,Line Mode,933700,0,00202507000200,OG-001,offgrid
744106e7e3d5d51973a9835011624169,2026-03-19 18:57:20,00202507001060,Off Grid,00073.08,00012.29,237.0,50.0,0.0,71.2,0,0,0.0,0,0,0,237.0,50.0,592,510,5,230.0,47.8,48.0,230.0,47.8,50.0,11000,11000,48.0,57.6,57.6,Pylon,2.0,70.0,Appliance,Utility Solar Bat,Solar + Utility,6,53.0,372,0,0.0,Load on,0.0,Line Mode,933700,0,00202507000200,OG-001,offgrid
4e2a8621e9eeeec61faad2b6cc6bb629,2026-03-19 19:07:16,00202507001060,Off Grid,00073.08,00012.29,236.3,49.8,0.0,0.0,0,0,0.0,0,0,0,236.3,49.8,567,488,5,230.0,47.8,48.0,230.0,47.8,50.0,11000,11000,48.0,57.6,57.6,Pylon,2.0,70.0,Appliance,Utility Solar Bat,Solar + Utility,6,53.0,371,0,0.0,Load on,0.0,Line Mode,933700,0,00202507000200,OG-001,offgrid
353ec7a8e155f51d01191818a43ec629,2026-03-19 19:12:13,00202507001060,Off Grid,00073.08,00012.29,237.9,49.8,62.6,63.8,0,0,0.0,0,0,0,237.9,49.8,594,459,5,230.0,47.8,48.0,230.0,47.8,50.0,11000,11000,48.0,57.6,57.6,Pylon,2.0,70.0,Appliance,Utility Solar Bat,Solar + Utility,6,53.0,373,0,0.0,Load on,0.0,Line Mode,933700,0,00202507000200,OG-001,offgrid
729f30f740ec67727bc0f3222daf191f,2026-03-19 19:17:10,00202507001060,Off Grid,00073.08,00012.29,236.4,49.9,67.2,0.0,0,0,0.0,0,0,0,236.4,49.9,921,921,8,230.0,47.8,48.0,230.0,47.8,50.0,11000,11000,48.0,57.6,57.6,Pylon,2.0,70.0,Appliance,Utility Solar Bat,Solar + Utility,6,53.0,371,0,0.0,Load on,0.0,Line Mode,933700,0,00202507000200,OG-001,offgrid
21b2b7be646dd1030fa0b216c2e0b343,2026-03-19 19:22:09,00202507001060,Off Grid,00073.08,00012.29,240.5,49.9,0.0,65.3,0,0,0.0,0,0,0,240.5,49.9,577,426,5,230.0,47.8,48.0,230.0,47.8,50.0,11000,11000,48.0,57.6,57.6,Pylon,2.0,70.0,Appliance,Utility Solar Bat,Solar + Utility,6,53.0,377,0,0.0,Load on,0.0,Line Mode,933700,0,00202507000200,OG-001,offgrid
3f5e7bba103641a82908e37800ca5132,2026-03-19 19:27:09,00202507001060,Off Grid,00073.08,00012.29,239.2,49.9,65.3,67.5,0,0,0.0,0,0,0,239.2,49.9,596,393,5,230.0,47.8,48.0,230.0,47.8,50.0,11000,11000,48.0,57.6,57.6,Pylon,2.0,70.0,Appliance,Utility Solar Bat,Solar + Utility,6,53.0,375,0,0.0,Load on,0.0,Line Mode,933700,0,00202507000200,OG-001,offgrid
57b853f87816383a6a321593e7e4bc78,2026-03-19 19:37:04,00202507001060,Off Grid,00073.08,00012.29,237.2,50.0,63.7,0.0,0,0,0.0,0,0,0,237.2,50.0,570,408,5,230.0,47.8,48.0,230.0,47.8,50.0,11000,11000,48.0,57.6,57.6,Pylon,2.0,70.0,Appliance,Utility Solar Bat,Solar + Utility,6,53.0,372,0,0.0,Load on,0.0,Line Mode,933700,0,00202507000200,OG-001,offgrid
1f3284c725d8e819446932ee4e86e35e,2026-03-19 19:42:03,00202507001060,Off Grid,00073.08,00012.29,235.8,49.8,62.8,64.4,0,0,0.0,0,0,0,235.8,49.8,848,833,7,230.0,47.8,48.0,230.0,47.8,50.0,11000,11000,48.0,57.6,57.6,Pylon,2.0,70.0,Appliance,Utility Solar Bat,Solar + Utility,6,53.0,370,0,0.0,Load on,0.0,Line Mode,933700,0,00202507000200,OG-001,offgrid
6992846bc5e8a09d7d7b72558209fbde,2026-03-19 19:47:01,00202507001060,Off Grid,00073.08,00012.29,225.4,49.8,61.8,63.2,0,0,0.0,0,0,0,225.4,49.8,3114,3048,28,230.0,47.8,48.0,230.0,47.8,50.0,11000,11000,48.0,57.6,57.6,Pylon,2.0,70.0,Appliance,Utility Solar Bat,Solar + Utility,6,53.0,354,0,0.0,Load on,0.0,Line Mode,933700,0,00202507000200,OG-001,offgrid
0a7e6d1b65f92720762382e61d6a0eec,2026-03-19 19:56:59,00202507001060,Off Grid,00073.08,00012.29,226.7,49.9,0.0,61.5,0,0,0.0,0,0,0,226.7,49.9,3154,3154,28,230.0,47.8,48.0,230.0,47.8,50.0,11000,11000,48.0,57.6,57.6,Pylon,2.0,70.0,Appliance,Utility Solar Bat,Solar + Utility,6,53.0,356,0,0.0,Load on,0.0,Line Mode,933700,0,00202507000200,OG-001,offgrid
783620f7d97ed43867ae1845475282ec,2026-03-19 20:06:58,00202507001060,Off Grid,00073.08,00012.29,233.9,50.1,61.3,63.4,0,0,0.0,0,0,0,233.9,50.1,1942,1873,17,230.0,47.8,48.0,230.0,47.8,50.0,11000,11000,48.0,57.6,57.6,Pylon,2.0,70.0,Appliance,Utility Solar Bat,Solar + Utility,6,53.0,363,0,0.0,Load on,0.0,Line Mode,933700,0,00202507000200,OG-001,offgrid
788852ab22a4c5333053cc68d1717d7c,2026-03-19 20:11:56,00202507001060,Off Grid,00073.08,00012.29,233.0,50.0,0.0,70.3,0,0,0.0,0,0,0,233.0,50.0,1864,1799,16,230.0,47.8,48.0,230.0,47.8,50.0,11000,11000,48.0,57.6,57.6,Pylon,2.0,70.0,Appliance,Utility Solar Bat,Solar + Utility,6,53.0,365,0,0.0,Load on,0.0,Line Mode,933700,0,00202507000200,OG-001,offgrid
4e41e8be3c4dd6c42f2b30ef0eef969f,2026-03-19 20:21:54,00202507001060,Off Grid,00073.08,00012.29,228.7,49.9,0.0,70.7,0,0,0.0,0,0,0,228.7,49.9,2695,2695,24,230.0,47.8,48.0,230.0,47.8,50.0,11000,11000,48.0,57.6,57.6,Pylon,2.0,70.0,Appliance,Utility Solar Bat,Solar + Utility,6,53.0,358,0,0.0,Load on,0.0,Line Mode,933700,0,00202507000200,OG-001,offgrid
5c617f988cebcef2250d65ca141ffc4d,2026-03-19 20:26:56,00202507001060,Off Grid,00073.08,00012.29,230.8,49.9,0.0,73.2,0,0,0.0,0,0,0,230.8,49.9,2007,1964,18,230.0,47.8,48.0,230.0,47.8,50.0,11000,11000,48.0,57.6,57.6,Pylon,2.0,70.0,Appliance,Utility Solar Bat,Solar + Utility,6,53.0,362,0,0.0,Load on,0.0,Line Mode,933700,0,00202507000200,OG-001,offgrid
5dcefc55d63e638c6706270785d182ea,2026-03-19 20:36:52,00202507001060,Off Grid,00073.08,00012.29,241.6,50.0,69.4,0.0,0,0,0.0,0,0,0,241.6,50.0,604,460,5,230.0,47.8,48.0,230.0,47.8,50.0,11000,11000,48.0,57.6,57.6,Pylon,2.0,70.0,Appliance,Utility Solar Bat,Solar + Utility,6,53.0,378,0,0.0,Load on,0.0,Line Mode,933700,0,00202507000200,OG-001,offgrid
1d3f01d4ed36e0682320f3d53fded37e,2026-03-19 20:41:53,00202507001060,Off Grid,00073.08,00012.29,240.6,50.0,0.0,0.0,0,0,0.0,0,0,0,240.6,50.0,649,475,5,230.0,47.8,48.0,230.0,47.8,50.0,11000,11000,48.0,57.6,57.6,Pylon,2.0,70.0,Appliance,Utility Solar Bat,Solar + Utility,6,53.0,377,0,0.0,Load on,0.0,Line Mode,933700,0,00202507000200,OG-001,offgrid
0860c2f4bef7d997670cafb5d1536fd4,2026-03-19 20:46:53,00202507001060,Off Grid,00073.08,00012.29,240.0,50.0,70.6,60.7,0,0,0.0,0,0,0,240.0,50.0,552,391,5,230.0,47.8,48.0,230.0,47.8,50.0,11000,11000,48.0,57.6,57.6,Pylon,2.0,70.0,Appliance,Utility Solar Bat,Solar + Utility,6,53.0,377,0,0.0,Load on,0.0,Line Mode,933700,0,00202507000200,OG-001,offgrid
41f4dbc556542dfc648f3a0d7598bbc9,2026-03-19 20:51:53,00202507001060,Off Grid,00073.08,00012.29,239.3,50.0,71.0,74.4,0,0,0.0,0,0,0,239.3,50.0,931,895,8,230.0,47.8,48.0,230.0,47.8,50.0,11000,11000,48.0,57.6,57.6,Pylon,2.0,70.0,Appliance,Utility Solar Bat,Solar + Utility,6,53.0,374,0,0.0,Load on,0.0,Line Mode,933700,0,00202507000200,OG-001,offgrid
73d8ebdb600a5a8242ad56c5e9a55aa8,2026-03-19 21:01:56,00202507001060,Off Grid,00073.08,00012.29,244.0,50.0,0.0,0.0,0,0,0.0,0,0,0,244.0,50.0,610,440,5,230.0,47.8,48.0,230.0,47.8,50.0,11000,11000,48.0,57.6,57.6,Pylon,2.0,70.0,Appliance,Utility Solar Bat,Solar + Utility,6,53.0,381,0,0.0,Load on,0.0,Line Mode,933700,0,00202507000200,OG-001,offgrid
3f7f1ee4562d282f01dbfd8b6406d1d0,2026-03-19 21:06:54,00202507001060,Off Grid,00073.08,00012.29,244.1,50.0,0.0,62.3,0,0,0.0,0,0,0,244.1,50.0,561,492,5,230.0,47.8,48.0,230.0,47.8,50.0,11000,11000,48.0,57.6,57.6,Pylon,2.0,70.0,Appliance,Utility Solar Bat,Solar + Utility,6,53.0,381,0,0.0,Load on,0.0,Line Mode,933700,0,00202507000200,OG-001,offgrid
283dffc3c986b65e75b892ebc3ed20e0,2026-03-19 21:16:50,00202507001060,Off Grid,00073.08,00012.29,235.5,50.0,66.6,68.5,0,0,0.0,0,0,0,235.5,50.0,1554,1522,14,230.0,47.8,48.0,230.0,47.8,50.0,11000,11000,48.0,57.6,57.6,Pylon,2.0,70.0,Appliance,Utility Solar Bat,Solar + Utility,6,53.0,370,0,0.0,Load on,0.0,Line Mode,933700,0,00202507000200,OG-001,offgrid
59a42defafca82606aa9c67a025b4fdb,2026-03-19 21:21:53,00202507001060,Off Grid,00073.08,00012.29,237.2,49.9,65.6,67.8,0,0,0.0,0,0,0,237.2,49.9,1541,1541,14,230.0,47.8,48.0,230.0,47.8,50.0,11000,11000,48.0,57.6,57.6,Pylon,2.0,70.0,Appliance,Utility Solar Bat,Solar + Utility,6,53.0,371,0,0.0,Load on,0.0,Line Mode,933700,0,00202507000200,OG-001,offgrid
4d98a5f2afa857505a1f87a6c158ad35,2026-03-19 21:26:52,00202507001060,Off Grid,00073.08,00012.29,238.8,49.9,64.9,65.7,0,0,0.0,0,0,0,238.8,49.9,904,884,8,230.0,47.8,48.0,230.0,47.8,50.0,11000,11000,48.0,57.6,57.6,Pylon,2.0,70.0,Appliance,Utility Solar Bat,Solar + Utility,6,53.0,374,0,0.0,Load on,0.0,Line Mode,933700,0,00202507000200,OG-001,offgrid
116c39380b11ccd15c9b19eb4ba45bd9,2026-03-19 21:36:50,00202507001060,Off Grid,00073.08,00012.29,244.3,50.0,69.9,0.0,0,0,0.0,0,0,0,244.3,50.0,561,472,5,230.0,47.8,48.0,230.0,47.8,50.0,11000,11000,48.0,57.6,57.6,Pylon,2.0,70.0,Appliance,Utility Solar Bat,Solar + Utility,6,53.0,382,0,0.0,Load on,0.0,Line Mode,933700,0,00202507000200,OG-001,offgrid
13cdb1d031a5596e5584b0013a81b04b,2026-03-19 21:41:50,00202507001060,Off Grid,00073.08,00012.29,244.4,50.1,75.3,70.9,0,0,0.0,0,0,0,244.4,50.1,562,389,5,230.0,47.8,48.0,230.0,47.8,50.0,11000,11000,48.0,57.6,57.6,Pylon,2.0,70.0,Appliance,Utility Solar Bat,Solar + Utility,6,53.0,383,0,0.0,Load on,0.0,Line Mode,933700,0,00202507000200,OG-001,offgrid
511acb5d9a2dbbbb743c25222bbf17e8,2026-03-19 21:46:50,00202507001060,Off Grid,00073.08,00012.29,244.9,50.0,0.0,70.6,0,0,0.0,0,0,0,244.9,50.0,586,422,5,230.0,47.8,48.0,230.0,47.8,50.0,11000,11000,48.0,57.6,57.6,Pylon,2.0,70.0,Appliance,Utility Solar Bat,Solar + Utility,6,53.0,383,0,0.0,Load on,0.0,Line Mode,933700,0,00202507000200,OG-001,offgrid
24bc0242fa723b9965cf28c01731d914,2026-03-19 21:51:47,00202507001060,Off Grid,00073.08,00012.29,242.6,50.0,74.6,69.0,0,0,0.0,0,0,0,242.6,50.0,582,345,5,230.0,47.8,48.0,230.0,47.8,50.0,11000,11000,48.0,57.6,57.6,Pylon,2.0,70.0,Appliance,Utility Solar Bat,Solar + Utility,6,53.0,380,0,0.0,Load on,0.0,Line Mode,933700,0,00202507000200,OG-001,offgrid
14316c80201b5def6c989c3e246a0f4f,2026-03-19 21:56:46,00202507001060,Off Grid,00073.08,00012.29,238.6,50.0,0.0,61.6,0,0,0.0,0,0,0,238.6,50.0,1524,1505,13,230.0,47.8,48.0,230.0,47.8,50.0,11000,11000,48.0,57.6,57.6,Pylon,2.0,70.0,Appliance,Utility Solar Bat,Solar + Utility,6,53.0,374,0,0.0,Load on,0.0,Line Mode,933700,0,00202507000200,OG-001,offgrid
4913e0385af645413581843adb56cd36,2026-03-19 22:01:43,00202507001060,Off Grid,00073.08,00012.29,238.8,50.1,63.7,65.4,0,0,0.0,0,0,0,238.8,50.1,1647,1587,14,230.0,47.8,48.0,230.0,47.8,50.0,11000,11000,48.0,57.6,57.6,Pylon,2.0,70.0,Appliance,Utility Solar Bat,Solar + Utility,6,53.0,374,0,0.0,Load on,0.0,Line Mode,933700,0,00202507000200,OG-001,offgrid
24db8d8b57647c7d0e44468169161edb,2026-03-19 22:06:43,00202507001060,Off Grid,00073.08,00012.29,238.6,50.1,0.0,74.4,0,0,0.0,0,0,0,238.6,50.1,1598,1568,14,230.0,47.8,48.0,230.0,47.8,50.0,11000,11000,48.0,57.6,57.6,Pylon,2.0,70.0,Appliance,Utility Solar Bat,Solar + Utility,6,53.0,374,0,0.0,Load on,0.0,Line Mode,933700,0,00202507000200,OG-001,offgrid
5eed76b5286d3b310c1f80496369cf1d,2026-03-19 22:11:42,00202507001060,Off Grid,00073.08,00012.29,243.1,50.0,0.0,76.2,0,0,0.0,0,0,0,243.1,50.0,632,461,5,230.0,47.8,48.0,230.0,47.8,50.0,11000,11000,48.0,57.6,57.6,Pylon,2.0,70.0,Appliance,Utility Solar Bat,Solar + Utility,6,53.0,381,0,0.0,Load on,0.0,Line Mode,933700,0,00202507000200,OG-001,offgrid
6179f377308ea49c68fbf138027ecc93,2026-03-19 22:16:42,00202507001060,Off Grid,00073.08,00012.29,244.0,49.9,0.0,0.0,0,0,0.0,0,0,0,244.0,49.9,561,482,5,230.0,47.8,48.0,230.0,47.8,50.0,11000,11000,48.0,57.6,57.6,Pylon,2.0,70.0,Appliance,Utility Solar Bat,Solar + Utility,6,53.0,382,0,0.0,Load on,0.0,Line Mode,933700,0,00202507000200,OG-001,offgrid
599ad104d751a5774b5a1d242f5e0b68,2026-03-19 22:26:41,00202507001060,Off Grid,00073.08,00012.29,245.4,50.0,0.0,74.7,0,0,0.0,0,0,0,245.4,50.0,565,410,5,230.0,47.8,48.0,230.0,47.8,50.0,11000,11000,48.0,57.6,57.6,Pylon,2.0,70.0,Appliance,Utility Solar Bat,Solar + Utility,6,53.0,385,0,0.0,Load on,0.0,Line Mode,933700,0,00202507000200,OG-001,offgrid
4586179e9a5654a82661d8fff8ff49f2,2026-03-19 22:31:37,00202507001060,Off Grid,00073.08,00012.29,242.5,50.0,68.2,0.0,0,0,0.0,0,0,0,242.5,50.0,1018,864,9,230.0,47.8,48.0,230.0,47.8,50.0,11000,11000,48.0,57.6,57.6,Pylon,2.0,70.0,Appliance,Utility Solar Bat,Solar + Utility,6,53.0,381,0,0.0,Load on,0.0,Line Mode,933700,0,00202507000200,OG-001,offgrid
5389ea17c4f1b2fd7fae2750ae959517,2026-03-19 22:41:34,00202507001060,Off Grid,00073.08,00012.29,242.6,50.0,62.5,65.7,0,0,0.0,0,0,0,242.6,50.0,1017,1015,9,230.0,47.8,48.0,230.0,47.8,50.0,11000,11000,48.0,57.6,57.6,Pylon,2.0,70.0,Appliance,Utility Solar Bat,Solar + Utility,6,53.0,380,0,0.0,Load on,0.0,Line Mode,933700,0,00202507000200,OG-001,offgrid
5398bcd9a327eaec5444e02ff209e08f,2026-03-19 22:51:37,00202507001060,Off Grid,00073.08,00012.29,246.0,50.0,62.2,64.0,0,0,0.0,0,0,0,246.0,50.0,590,415,5,230.0,47.8,48.0,230.0,47.8,50.0,11000,11000,48.0,57.6,57.6,Pylon,2.0,70.0,Appliance,Utility Solar Bat,Solar + Utility,6,53.0,385,0,0.0,Load on,0.0,Line Mode,933700,0,00202507000200,OG-001,offgrid
08dce417896d65ed64f9bb7eb620fe21,2026-03-19 22:56:36,00202507001060,Off Grid,00073.08,00012.29,246.5,50.0,61.9,63.5,0,0,0.0,0,0,0,246.5,50.0,566,421,5,230.0,47.8,48.0,230.0,47.8,50.0,11000,11000,48.0,57.6,57.6,Pylon,2.0,70.0,Appliance,Utility Solar Bat,Solar + Utility,6,53.0,386,0,0.0,Load on,0.0,Line Mode,933700,0,00202507000200,OG-001,offgrid
122765da09cc5f2439973120334a9b95,2026-03-19 23:01:33,00202507001060,Off Grid,00073.08,00012.29,243.7,50.0,61.3,62.9,0,0,0.0,0,0,0,243.7,50.0,584,416,5,230.0,47.8,48.0,230.0,47.8,50.0,11000,11000,48.0,57.6,57.6,Pylon,2.0,70.0,Appliance,Utility Solar Bat,Solar + Utility,6,53.0,382,0,0.0,Load on,0.0,Line Mode,933700,0,00202507000200,OG-001,offgrid
09bf9fa94add7e500240606f27d232f6,2026-03-19 23:06:34,00202507001060,Off Grid,00073.08,00012.29,244.8,49.9,61.2,62.8,0,0,0.0,0,0,0,244.8,49.9,587,378,5,230.0,47.8,48.0,230.0,47.8,50.0,11000,11000,48.0,57.6,57.6,Pylon,2.0,70.0,Appliance,Utility Solar Bat,Solar + Utility,6,53.0,382,0,0.0,Load on,0.0,Line Mode,933700,0,00202507000200,OG-001,offgrid
412bea107fc664b323ba7546b2d5bc4f,2026-03-19 23:11:35,00202507001060,Off Grid,00073.08,00012.29,245.3,50.0,61.0,62.6,0,0,0.0,0,0,0,245.3,50.0,613,452,5,230.0,47.8,48.0,230.0,47.8,50.0,11000,11000,48.0,57.6,57.6,Pylon,2.0,70.0,Appliance,Utility Solar Bat,Solar + Utility,6,53.0,383,0,0.0,Load on,0.0,Line Mode,933700,0,00202507000200,OG-001,offgrid
454d60a4ee5a32a65a3eebcb6f57cfe8,2026-03-19 23:16:34,00202507001060,Off Grid,00073.08,00012.29,244.3,50.0,60.6,62.3,0,0,0.0,0,0,0,244.3,50.0,588,446,5,230.0,47.8,48.0,230.0,47.8,50.0,11000,11000,48.0,57.6,57.6,Pylon,2.0,70.0,Appliance,Utility Solar Bat,Solar + Utility,6,53.0,383,0,0.0,Load on,0.0,Line Mode,933700,0,00202507000200,OG-001,offgrid
7a8dbb2e1d097c927283db1f19c7ac9c,2026-03-19 23:21:33,00202507001060,Off Grid,00073.08,00012.29,245.4,50.0,60.6,62.2,0,0,0.0,0,0,0,245.4,50.0,564,458,5,230.0,47.8,48.0,230.0,47.8,50.0,11000,11000,48.0,57.6,57.6,Pylon,2.0,70.0,Appliance,Utility Solar Bat,Solar + Utility,6,53.0,384,0,0.0,Load on,0.0,Line Mode,933700,0,00202507000200,OG-001,offgrid
6276da0a09d800d04fd640ed15eb93b6,2026-03-19 23:26:30,00202507001060,Off Grid,00073.08,00012.29,246.1,50.0,60.6,62.3,0,0,0.0,0,0,0,246.1,50.0,616,390,5,230.0,47.8,48.0,230.0,47.8,50.0,11000,11000,48.0,57.6,57.6,Pylon,2.0,70.0,Appliance,Utility Solar Bat,Solar + Utility,6,53.0,385,0,0.0,Load on,0.0,Line Mode,933700,0,00202507000200,OG-001,offgrid
646a49863b4c35e823844316ce60ba16,2026-03-19 23:31:29,00202507001060,Off Grid,00073.08,00012.29,233.1,49.9,0.0,61.5,0,0,0.0,0,0,0,233.1,49.9,2890,2884,26,230.0,47.8,48.0,230.0,47.8,50.0,11000,11000,48.0,57.6,57.6,Pylon,2.0,70.0,Appliance,Utility Solar Bat,Solar + Utility,6,53.0,366,0,0.0,Load on,0.0,Line Mode,933700,0,00202507000200,OG-001,offgrid
2f3b28ff0a50f25b5faf806c2b362d29,2026-03-19 23:36:29,00202507001060,Off Grid,00073.08,00012.29,223.9,49.8,0.0,60.9,0,0,0.0,0,0,0,223.9,49.8,4500,4435,40,230.0,47.8,48.0,230.0,47.8,50.0,11000,11000,48.0,57.6,57.6,Pylon,2.0,70.0,Appliance,Utility Solar Bat,Solar + Utility,6,53.0,352,0,0.0,Load on,0.0,Line Mode,933700,0,00202507000200,OG-001,offgrid
6c2324da99226e7e26c1504b02a67822,2026-03-19 23:46:29,00202507001060,Off Grid,00073.08,00012.29,215.9,50.0,0.0,61.0,0,0,0.0,0,0,0,215.9,50.0,5568,5537,50,230.0,47.8,48.0,230.0,47.8,50.0,11000,11000,48.0,57.6,57.6,Pylon,2.0,70.0,Appliance,Utility Solar Bat,Solar + Utility,6,53.0,350,0,0.0,Load on,0.0,Line Mode,933700,0,00202507000200,OG-001,offgrid
50ae4f19f0fd7d467aac9b6d45a72fe6,2026-03-19 23:51:28,00202507001060,Off Grid,00073.08,00012.29,229.8,50.0,0.0,61.5,0,0,0.0,0,0,0,229.8,50.0,3505,3467,31,230.0,47.8,48.0,230.0,47.8,50.0,11000,11000,48.0,57.6,57.6,Pylon,2.0,70.0,Appliance,Utility Solar Bat,Solar + Utility,6,53.0,360,0,0.0,Load on,0.0,Line Mode,933700,0,00202507000200,OG-001,offgrid
129a9944b27753b75d258b1403ef2eaa,2026-03-19 23:56:26,00202507001060,Off Grid,00073.08,00012.29,230.3,50.0,0.0,61.3,0,0,0.0,0,0,0,230.3,50.0,3497,3455,31,230.0,47.8,48.0,230.0,47.8,50.0,11000,11000,48.0,57.6,57.6,Pylon,2.0,70.0,Appliance,Utility Solar Bat,Solar + Utility,6,53.0,361,0,0.0,Load on,0.0,Line Mode,933700,0,00202507000200,OG-001,offgrid
6c498515124e708c0281f10b892e74d9,2026-03-20 00:01:25,00202507001060,Off Grid,00073.08,00012.29,230.4,49.9,0.0,61.6,0,0,0.0,0,0,0,230.4,49.9,3456,3438,31,230.0,47.8,48.0,230.0,47.8,50.0,11000,11000,48.0,57.6,57.6,Pylon,2.0,70.0,Appliance,Utility Solar Bat,Solar + Utility,6,53.0,362,0,0.0,Load on,0.0,Line Mode,933700,0,00202507000200,OG-001,offgrid
75d84f0091fe88741f76e294b69569ab,2026-03-20 00:06:26,00202507001060,Off Grid,00073.08,00012.29,218.0,50.0,60.0,61.6,0,0,0.0,0,0,0,218.0,50.0,5962,5938,54,230.0,47.8,48.0,230.0,47.8,50.0,11000,11000,48.0,57.6,57.6,Pylon,2.0,70.0,Appliance,Utility Solar Bat,Solar + Utility,6,53.0,350,0,0.0,Load on,0.0,Line Mode,933700,0,00202507000200,OG-001,offgrid
3142e2866c743eb44cd5e13bb0df96f6,2026-03-20 00:11:24,00202507001060,Off Grid,00073.08,00012.29,218.6,50.0,60.1,61.8,0,0,0.0,0,0,0,218.6,50.0,6016,5942,54,230.0,47.8,48.0,230.0,47.8,50.0,11000,11000,48.0,57.6,57.6,Pylon,2.0,70.0,Appliance,Utility Solar Bat,Solar + Utility,6,53.0,350,0,0.0,Load on,0.0,Line Mode,933700,0,00202507000200,OG-001,offgrid
260317a0dce295e051a9c5310fdb19b5,2026-03-20 00:21:15,00202507001060,Off Grid,00073.08,00012.29,215.8,50.0,60.0,61.5,0,0,0.0,0,0,0,215.8,50.0,6062,6059,55,230.0,47.8,48.0,230.0,47.8,50.0,11000,11000,48.0,57.6,57.6,Pylon,2.0,70.0,Appliance,Utility Solar Bat,Solar + Utility,6,53.0,350,0,0.0,Load on,0.0,Line Mode,933700,0,00202507000200,OG-001,offgrid
2fe5cc698197ba253f606e9072905261,2026-03-20 00:31:12,00202507001060,Off Grid,00073.08,00012.29,233.9,49.8,60.3,62.2,0,0,0.0,0,0,0,233.9,49.8,3406,3374,30,230.0,47.8,48.0,230.0,47.8,50.0,11000,11000,48.0,57.6,57.6,Pylon,2.0,70.0,Appliance,Utility Solar Bat,Solar + Utility,6,53.0,367,0,0.0,Load on,0.0,Line Mode,933700,0,00202507000200,OG-001,offgrid
75f0db25c1d0c9ea6ae4eb68a8e4a13c,2026-03-20 00:36:10,00202507001060,Off Grid,00073.08,00012.29,230.5,49.9,0.0,61.0,0,0,0.0,0,0,0,230.5,49.9,3434,3416,31,230.0,47.8,48.0,230.0,47.8,50.0,11000,11000,48.0,57.6,57.6,Pylon,2.0,70.0,Appliance,Utility Solar Bat,Solar + Utility,6,53.0,361,0,0.0,Load on,0.0,Line Mode,933700,0,00202507000200,OG-001,offgrid
5689f2d267b614592dd73e42379f75b8,2026-03-20 00:41:10,00202507001060,Off Grid,00073.08,00012.29,216.8,50.0,0.0,0.0,0,0,0.0,0,0,0,216.8,50.0,6025,6025,54,230.0,47.8,48.0,230.0,47.8,50.0,11000,11000,48.0,57.6,57.6,Pylon,2.0,70.0,Appliance,Utility Solar Bat,Solar + Utility,6,53.0,350,0,0.0,Load on,0.0,Line Mode,933700,0,00202507000200,OG-001,offgrid
71703ee684b134672222920f824751c3,2026-03-20 00:46:08,00202507001060,Off Grid,00073.08,00012.29,215.8,49.9,0.0,0.0,0,0,0.0,0,0,0,215.8,49.9,5979,5964,54,230.0,47.8,48.0,230.0,47.8,50.0,11000,11000,48.0,57.6,57.6,Pylon,2.0,70.0,Appliance,Utility Solar Bat,Solar + Utility,6,53.0,350,0,0.0,Load on,0.0,Line Mode,933700,0,00202507000200,OG-001,offgrid
47a368dcdcb671b244b39652f30467a2,2026-03-20 00:56:09,00202507001060,Off Grid,00073.08,00012.29,215.0,49.8,0.0,0.0,0,0,0.0,0,0,0,215.0,49.8,6232,6232,56,230.0,47.8,48.0,230.0,47.8,50.0,11000,11000,48.0,57.6,57.6,Pylon,2.0,70.0,Appliance,Utility Solar Bat,Solar + Utility,6,53.0,350,0,0.0,Load on,0.0,Line Mode,933700,0,00202507000200,OG-001,offgrid
5a51a628f16837ea69214f36fc16cb1e,2026-03-20 01:06:07,00202507001060,Off Grid,00073.08,00012.29,214.0,49.8,0.0,0.0,0,0,0.0,0,0,0,214.0,49.8,6117,6117,55,230.0,47.8,48.0,230.0,47.8,50.0,11000,11000,48.0,57.6,57.6,Pylon,2.0,70.0,Appliance,Utility Solar Bat,Solar + Utility,6,53.0,350,0,0.0,Load on,0.0,Line Mode,933700,0,00202507000200,OG-001,offgrid
255ea96fe33240191462d0eae3502a4e,2026-03-20 01:11:07,00202507001060,Off Grid,00073.08,00012.29,232.2,50.0,0.0,0.0,0,0,0.0,0,0,0,232.2,50.0,3515,3515,31,230.0,47.8,48.0,230.0,47.8,50.0,11000,11000,48.0,57.6,57.6,Pylon,2.0,70.0,Appliance,Utility Solar Bat,Solar + Utility,6,53.0,365,0,0.0,Load on,0.0,Line Mode,933700,0,00202507000200,OG-001,offgrid
299772f6b558faec2ab510ca8e0595a1,2026-03-20 01:16:07,00202507001060,Off Grid,00073.08,00012.29,232.4,49.9,0.0,0.0,0,0,0.0,0,0,0,232.4,49.9,3428,3428,31,230.0,47.8,48.0,230.0,47.8,50.0,11000,11000,48.0,57.6,57.6,Pylon,2.0,70.0,Appliance,Utility Solar Bat,Solar + Utility,6,53.0,365,0,0.0,Load on,0.0,Line Mode,933700,0,00202507000200,OG-001,offgrid
0f08260735396ef36614ad51ac2e6646,2026-03-20 01:26:04,00202507001060,Off Grid,00073.08,00012.29,216.6,49.9,0.0,0.0,0,0,0.0,0,0,0,216.6,49.9,6086,6080,55,230.0,47.8,48.0,230.0,47.8,50.0,11000,11000,48.0,57.6,57.6,Pylon,2.0,70.0,Appliance,Utility Solar Bat,Solar + Utility,6,53.0,350,0,0.0,Load on,0.0,Line Mode,933700,0,00202507000200,OG-001,offgrid
2a07d5506fc6d92a0530440b36245d88,2026-03-20 01:36:00,00202507001060,Off Grid,00073.08,00012.29,229.6,50.0,0.0,0.0,0,0,0.0,0,0,0,229.6,50.0,4031,4031,36,230.0,47.8,48.0,230.0,47.8,50.0,11000,11000,48.0,57.6,57.6,Pylon,2.0,70.0,Appliance,Utility Solar Bat,Solar + Utility,6,53.0,361,0,0.0,Load on,0.0,Line Mode,933700,0,00202507000200,OG-001,offgrid
7c91f0e5ae648db234a26811b8973430,2026-03-20 01:40:57,00202507001060,Off Grid,00073.08,00012.29,223.5,49.9,0.0,60.4,0,0,0.0,0,0,0,223.5,49.9,4889,4873,44,230.0,47.8,48.0,230.0,47.8,50.0,11000,11000,48.0,57.6,57.6,Pylon,2.0,70.0,Appliance,Utility Solar Bat,Solar + Utility,6,53.0,352,0,0.0,Load on,0.0,Line Mode,933700,0,00202507000200,OG-001,offgrid
61097fb8853f59e8416fb0addd0ce8cd,2026-03-20 01:50:55,00202507001060,Off Grid,00073.08,00012.29,228.9,49.9,63.2,65.1,0,0,0.0,0,0,0,228.9,49.9,3941,3941,35,230.0,47.8,48.0,230.0,47.8,50.0,11000,11000,48.0,57.6,57.6,Pylon,2.0,70.0,Appliance,Utility Solar Bat,Solar + Utility,6,53.0,359,0,0.0,Load on,0.0,Line Mode,933700,0,00202507000200,OG-001,offgrid
298a6707dba1077920254ed32f49f6e3,2026-03-20 01:55:53,00202507001060,Off Grid,00073.08,00012.29,223.0,49.9,60.0,61.5,0,0,0.0,0,0,0,223.0,49.9,5151,5109,46,230.0,47.8,48.0,230.0,47.8,50.0,11000,11000,48.0,57.6,57.6,Pylon,2.0,70.0,Appliance,Utility Solar Bat,Solar + Utility,6,53.0,350,0,0.0,Load on,0.0,Line Mode,933700,0,00202507000200,OG-001,offgrid
4b3cd0d82deb920a4d0ef1f8ffbf3c42,2026-03-20 02:00:54,00202507001060,Off Grid,00073.08,00012.29,229.9,50.0,0.0,0.0,0,0,0.0,0,0,0,229.9,50.0,3935,3935,35,230.0,47.8,48.0,230.0,47.8,50.0,11000,11000,48.0,57.6,57.6,Pylon,2.0,70.0,Appliance,Utility Solar Bat,Solar + Utility,6,53.0,360,0,0.0,Load on,0.0,Line Mode,933700,0,00202507000200,OG-001,offgrid
4b2c038a6d504ca1005e79584d024c6d,2026-03-20 02:10:52,00202507001060,Off Grid,00073.08,00012.29,227.6,49.9,65.6,67.8,0,0,0.0,0,0,0,227.6,49.9,4149,4149,37,230.0,47.8,48.0,230.0,47.8,50.0,11000,11000,48.0,57.6,57.6,Pylon,2.0,70.0,Appliance,Utility Solar Bat,Solar + Utility,6,53.0,357,0,0.0,Load on,0.0,Line Mode,933700,0,00202507000200,OG-001,offgrid
2b2a1da778ca92d93827df0d3f566778,2026-03-20 02:20:45,00202507001060,Off Grid,00073.08,00012.29,232.5,49.9,62.1,68.2,0,0,0.0,0,0,0,232.5,49.9,3453,3453,31,230.0,47.8,48.0,230.0,47.8,50.0,11000,11000,48.0,57.6,57.6,Pylon,2.0,70.0,Appliance,Utility Solar Bat,Solar + Utility,6,53.0,365,0,0.0,Load on,0.0,Line Mode,933700,0,00202507000200,OG-001,offgrid
06b95d0ed1110d6b2b2d5c525b169d27,2026-03-20 02:25:44,00202507001060,Off Grid,00073.08,00012.29,217.7,49.9,0.0,69.3,0,0,0.0,0,0,0,217.7,49.9,6008,6008,54,230.0,47.8,48.0,230.0,47.8,50.0,11000,11000,48.0,57.6,57.6,Pylon,2.0,70.0,Appliance,Utility Solar Bat,Solar + Utility,6,53.0,350,0,0.0,Load on,0.0,Line Mode,933700,0,00202507000200,OG-001,offgrid
6f5e57dd0f9462370bd85e17a33871ae,2026-03-20 02:30:44,00202507001060,Off Grid,00073.08,00012.29,216.7,50.0,72.5,64.3,0,0,0.0,0,0,0,216.7,50.0,6067,6031,55,230.0,47.8,48.0,230.0,47.8,50.0,11000,11000,48.0,57.6,57.6,Pylon,2.0,70.0,Appliance,Utility Solar Bat,Solar + Utility,6,53.0,350,0,0.0,Load on,0.0,Line Mode,933700,0,00202507000200,OG-001,offgrid
20628c2a819bf31e5525d5437b05a7e7,2026-03-20 02:55:31,00202507001060,Off Grid,00073.08,00012.29,227.0,49.9,0.0,0.0,0,0,0.0,0,0,0,227.0,49.9,4676,4661,42,230.0,47.8,48.0,230.0,47.8,50.0,11000,11000,48.0,57.6,57.6,Pylon,2.0,70.0,Appliance,Utility Solar Bat,Solar + Utility,6,53.0,357,0,0.0,Load on,0.0,Line Mode,933700,0,00202507000200,OG-001,offgrid
43e3cab8f251cb98716527edb89433fe,2026-03-20 03:10:27,00202507001060,Off Grid,00073.08,00012.29,218.0,50.0,62.5,69.7,0,0,0.0,0,0,0,218.0,50.0,5995,5987,54,230.0,47.8,48.0,230.0,47.8,50.0,11000,11000,48.0,57.6,57.6,Pylon,2.0,70.0,Appliance,Utility Solar Bat,Solar + Utility,6,53.0,350,0,0.0,Load on,0.0,Line Mode,933700,0,00202507000200,OG-001,offgrid
36f1e72c5596c0081fa4d9a7d8bd6c7a,2026-03-20 03:25:22,00202507001060,Off Grid,00073.08,00012.29,215.9,50.0,62.1,64.6,0,0,0.0,0,0,0,215.9,50.0,6187,6187,56,230.0,47.8,48.0,230.0,47.8,50.0,11000,11000,48.0,57.6,57.6,Pylon,2.0,70.0,Appliance,Utility Solar Bat,Solar + Utility,6,53.0,350,0,0.0,Load on,0.0,Line Mode,933700,0,00202507000200,OG-001,offgrid
232f15548080399d4c00b078a7acfebb,2026-03-20 03:45:15,00202507001060,Off Grid,00073.08,00012.29,218.1,50.0,0.0,0.0,0,0,0.0,0,0,0,218.1,50.0,6060,6060,55,230.0,47.8,48.0,230.0,47.8,50.0,11000,11000,48.0,57.6,57.6,Pylon,2.0,70.0,Appliance,Utility Solar Bat,Solar + Utility,6,53.0,350,0,0.0,Load on,0.0,Line Mode,933700,0,00202507000200,OG-001,offgrid
14ab1a05c3c7fec96b47a45760c8f7bf,2026-03-20 04:00:09,00202507001060,Off Grid,00073.08,00012.29,216.5,49.9,0.0,0.0,0,0,0.0,0,0,0,216.5,49.9,6063,6038,55,230.0,47.8,48.0,230.0,47.8,50.0,11000,11000,48.0,57.6,57.6,Pylon,2.0,70.0,Appliance,Utility Solar Bat,Solar + Utility,6,53.0,349,0,0.0,Load on,0.0,Line Mode,933700,0,00202507000200,OG-001,offgrid
737ad99b4690a0af7e80b8c046c4c8d0,2026-03-20 04:15:02,00202507001060,Off Grid,00073.08,00012.29,231.8,49.9,0.0,0.0,0,0,0.0,0,0,0,231.8,49.9,3402,3402,30,230.0,47.8,48.0,230.0,47.8,50.0,11000,11000,48.0,57.6,57.6,Pylon,2.0,70.0,Appliance,Utility Solar Bat,Solar + Utility,6,53.0,364,0,0.0,Load on,0.0,Line Mode,933700,0,00202507000200,OG-001,offgrid
212197d5db0052144f21d2ede4df30c2,2026-03-20 04:29:55,00202507001060,Off Grid,00073.08,00012.29,218.2,50.0,0.0,0.0,0,0,0.0,0,0,0,218.2,50.0,5411,5392,49,230.0,47.8,48.0,230.0,47.8,50.0,11000,11000,48.0,57.6,57.6,Pylon,2.0,70.0,Appliance,Utility Solar Bat,Solar + Utility,6,53.0,350,0,0.0,Load on,0.0,Line Mode,933700,0,00202507000200,OG-001,offgrid
5a75f3c62565c7c9271155191a924d73,2026-03-20 04:39:49,00202507001060,Off Grid,00073.08,00012.29,219.3,49.9,0.0,0.0,0,0,0.0,0,0,0,219.3,49.9,5380,5357,48,230.0,47.8,48.0,230.0,47.8,50.0,11000,11000,48.0,57.6,57.6,Pylon,2.0,70.0,Appliance,Utility Solar Bat,Solar + Utility,6,53.0,350,0,0.0,Load on,0.0,Line Mode,933700,0,00202507000200,OG-001,offgrid
564468fe95597ab834202b61100f5211,2026-03-20 04:44:47,00202507001060,Off Grid,00073.08,00012.29,220.0,50.0,0.0,0.0,0,0,0.0,0,0,0,220.0,50.0,5456,5396,49,230.0,47.8,48.0,230.0,47.8,50.0,11000,11000,48.0,57.6,57.6,Pylon,2.0,70.0,Appliance,Utility Solar Bat,Solar + Utility,6,53.0,350,0,0.0,Load on,0.0,Line Mode,933700,0,00202507000200,OG-001,offgrid
3aa0662698e715bd711324eb57f58889,2026-03-20 05:04:34,00202507001060,Off Grid,00073.08,00012.29,218.0,49.9,0.0,0.0,0,0,0.0,0,0,0,218.0,49.9,5386,5386,48,230.0,47.8,48.0,230.0,47.8,50.0,11000,11000,48.0,57.6,57.6,Pylon,2.0,70.0,Appliance,Utility Solar Bat,Solar + Utility,6,53.0,349,0,0.0,Load on,0.0,Line Mode,933700,0,00202507000200,OG-001,offgrid
0668b5781161673051e8193e26052624,2026-03-20 05:19:32,00202507001060,Off Grid,00073.08,00012.29,230.9,50.0,0.0,0.0,0,0,0.0,0,0,0,230.9,50.0,3209,3164,29,230.0,47.8,48.0,230.0,47.8,50.0,11000,11000,48.0,57.6,57.6,Pylon,2.0,70.0,Appliance,Utility Solar Bat,Solar + Utility,6,53.0,363,0,0.0,Load on,0.0,Line Mode,933700,0,00202507000200,OG-001,offgrid
0e17520656878e8c6378f213bfe57f0c,2026-03-20 05:34:26,00202507001060,Off Grid,00073.08,00012.29,223.1,50.0,0.0,85.7,0,0,0.0,0,0,0,223.1,50.0,4560,4560,41,230.0,47.8,48.0,230.0,47.8,50.0,11000,11000,48.0,57.6,57.6,Pylon,2.0,70.0,Appliance,Utility Solar Bat,Solar + Utility,6,53.0,346,0,0.0,Load on,0.0,Line Mode,933700,0,00202507000200,OG-001,offgrid
04016c2d51c77f5f7eab1c6ac0595832,2026-03-20 05:39:21,00202507001060,Off Grid,00073.08,00012.29,223.0,50.0,0.0,81.6,0,0,0.0,0,0,0,223.0,50.0,4464,4430,40,230.0,47.8,48.0,230.0,47.8,50.0,11000,11000,48.0,57.6,57.6,Pylon,2.0,70.0,Appliance,Utility Solar Bat,Solar + Utility,6,53.0,350,0,0.0,Load on,0.0,Line Mode,933700,0,00202507000200,OG-001,offgrid
017290f31e50b2905a68d69f9861dcd5,2026-03-20 05:54:16,00202507001060,Off Grid,00073.08,00012.29,217.4,50.0,71.3,78.2,13,14,0.0,0,0,0,217.4,50.0,5217,5179,47,230.0,47.8,48.0,230.0,47.8,50.0,11000,11000,48.0,57.6,57.6,Pylon,2.0,70.0,Appliance,Utility Solar Bat,Solar + Utility,6,53.0,350,0,0.0,Load on,0.1,Line Mode,933700,0,00202507000200,OG-001,offgrid
7cbd7354df0a1030370fe1febf74177f,2026-03-20 06:14:09,00202507001060,Off Grid,00073.08,00012.29,230.3,50.0,89.9,89.9,28,41,0.0,0,0,0,230.3,50.0,2791,2760,25,230.0,47.8,48.0,230.0,47.8,50.0,11000,11000,48.0,57.6,57.6,Pylon,2.0,70.0,Appliance,Utility Solar Bat,Solar + Utility,6,53.0,361,0,0.0,Load on,0.4,Line Mode,933700,0,00202507000200,OG-001,offgrid
0c41466447b8f3ac74df96447a077e79,2026-03-20 06:37:36,00202507001060,Off Grid,00073.08,00012.29,230.3,49.9,100.8,103.0,77,78,0.0,0,0,0,230.3,49.9,2647,2633,24,230.0,47.8,48.0,230.0,47.8,50.0,11000,11000,48.0,57.6,57.6,Pylon,2.0,70.0,Appliance,Utility Solar Bat,Solar + Utility,6,53.0,362,0,0.0,Load on,0.7,Line Mode,933700,0,00202507000200,OG-001,offgrid
57c446edb381ff79640622009e53f0cd,2026-03-20 06:42:37,00202507001060,Off Grid,00073.08,00012.29,233.1,49.9,100.2,100.9,79,92,0.0,0,0,0,233.1,49.9,2660,2660,24,230.0,47.8,48.0,230.0,47.8,50.0,11000,11000,48.0,57.6,57.6,Pylon,2.0,70.0,Appliance,Utility Solar Bat,Solar + Utility,6,53.0,365,0,0.0,Load on,0.9,Line Mode,933700,0,00202507000200,OG-001,offgrid
3ce8cce59b42e6c3098a71c5c99ae89c,2026-03-20 06:47:38,00202507001060,Off Grid,00073.08,00012.29,232.2,50.0,102.7,103.0,104,120,0.0,0,0,0,232.2,50.0,2758,2707,25,230.0,47.8,48.0,230.0,47.8,50.0,11000,11000,48.0,57.6,57.6,Pylon,2.0,70.0,Appliance,Utility Solar Bat,Solar + Utility,6,53.0,363,1,0.0,Load on,1.1,Line Mode,933700,0,00202507000200,OG-001,offgrid
1a309161e03175f33d2f9682657d8635,2026-03-20 06:52:35,00202507001060,Off Grid,00073.08,00012.29,217.0,50.0,98.1,94.7,116,129,0.0,0,0,0,217.0,50.0,5288,5288,48,230.0,47.8,48.0,230.0,47.8,50.0,11000,11000,48.0,57.6,57.6,Pylon,2.0,70.0,Appliance,Utility Solar Bat,Solar + Utility,6,53.0,350,1,0.0,Load on,1.3,Line Mode,933700,0,00202507000200,OG-001,offgrid
6c29c081a417e4dc681c23d6671d8797,2026-03-20 07:02:32,00202507001060,Off Grid,00073.08,00012.29,214.9,50.1,386.6,393.6,497,469,0.0,0,0,0,214.9,50.1,5401,5381,49,230.0,47.8,48.0,230.0,47.8,50.0,11000,11000,48.0,57.6,57.6,Pylon,2.0,70.0,Appliance,Utility Solar Bat,Solar + Utility,6,53.0,404,1,0.0,Load on,1.1,Line Mode,933700,0,00202507000200,OG-001,offgrid
4bb90b3d05b4b9a3491b0fa372dcb072,2026-03-20 07:07:31,00202507001060,Off Grid,00073.08,00012.29,225.8,50.1,388.5,377.9,406,435,0.0,0,0,0,225.8,50.1,3812,3812,34,230.0,47.8,48.0,230.0,47.8,50.0,11000,11000,48.0,57.6,57.6,Pylon,2.0,70.0,Appliance,Utility Solar Bat,Solar + Utility,6,53.0,398,1,0.0,Load on,1.1,Line Mode,933700,0,00202507000200,OG-001,offgrid
3c58a1359271a1cb5c8ba0e15f0049bd,2026-03-20 07:17:26,00202507001060,Off Grid,00073.08,00012.29,229.4,50.0,394.7,379.8,640,668,0.0,0,0,0,229.4,50.0,3578,3500,32,230.0,47.8,48.0,230.0,47.8,50.0,11000,11000,48.0,57.6,57.6,Pylon,2.0,70.0,Appliance,Utility Solar Bat,Solar + Utility,6,53.0,404,1,0.0,Load on,1.7,Line Mode,934200,0,00202507000200,OG-001,offgrid
73df2165785ed254608c1ffea5715822,2026-03-20 07:22:26,00202507001060,Off Grid,00073.08,00012.29,228.9,49.9,317.8,361.0,961,766,0.0,0,0,0,228.9,49.9,5150,5140,46,230.0,47.8,48.0,230.0,47.8,50.0,11000,11000,48.0,57.6,57.6,Pylon,2.0,70.0,Appliance,Utility Solar Bat,Solar + Utility,6,53.0,368,3,0.0,Load on,2.1,Line Mode,934200,0,00202507000200,OG-001,offgrid
423d88df94aff3d224bed53ace72ab82,2026-03-20 07:32:21,00202507001060,Off Grid,00073.08,00012.29,231.4,50.1,376.6,379.6,1309,880,0.0,0,0,0,231.4,50.1,5113,5034,46,230.0,47.8,48.0,230.0,47.8,50.0,11000,11000,48.0,57.6,57.6,Pylon,2.0,70.0,Appliance,Utility Solar Bat,Solar + Utility,6,53.0,389,3,0.0,Load on,2.3,Line Mode,934200,0,00202507000200,OG-001,offgrid
7e769dfeafb017a9644e713ff19a8db7,2026-03-20 07:37:20,00202507001060,Off Grid,00073.08,00012.29,233.0,50.0,375.5,296.5,1501,1264,0.0,0,0,0,233.0,50.0,5081,5081,46,230.0,47.8,48.0,230.0,47.8,50.0,11000,11000,48.0,57.6,57.6,Pylon,2.0,70.0,Appliance,Utility Solar Bat,Solar + Utility,6,53.0,385,3,0.0,Load on,4.2,Line Mode,934200,0,00202507000200,OG-001,offgrid
44b6a944844276c71ca1e2eb9da69b6a,2026-03-20 07:42:16,00202507001060,Off Grid,00073.08,00012.29,238.5,50.1,389.4,296.3,1855,1526,0.0,0,0,0,238.5,50.1,5216,5162,47,230.0,47.8,48.0,230.0,47.8,50.0,11000,11000,48.0,57.6,57.6,Pylon,2.0,70.0,Appliance,Utility Solar Bat,Solar + Utility,6,53.0,399,4,0.0,Load on,5.1,Line Mode,934200,0,00202507000200,OG-001,offgrid
55a6831dd63334de010bc1c7ae2a0d30,2026-03-20 07:47:10,00202507001060,Off Grid,00073.08,00012.29,238.8,50.0,388.0,295.0,1768,1357,0.0,0,0,0,238.8,50.0,5229,5165,47,230.0,47.8,48.0,230.0,47.8,50.0,11000,11000,48.0,57.6,57.6,Pylon,2.0,70.0,Appliance,Utility Solar Bat,Solar + Utility,6,53.0,397,4,0.0,Load on,4.6,Line Mode,934200,0,00202507000200,OG-001,offgrid
0b63b0fba6195c555fba874b8bd989d2,2026-03-20 07:52:07,00202507001060,Off Grid,00073.08,00012.29,240.0,50.0,387.0,315.2,1923,1658,0.0,0,0,0,240.0,50.0,5208,5193,47,230.0,47.8,48.0,230.0,47.8,50.0,11000,11000,48.0,57.6,57.6,Pylon,2.0,70.0,Appliance,Utility Solar Bat,Solar + Utility,6,53.0,396,4,0.0,Load on,5.2,Line Mode,934200,0,00202507000200,OG-001,offgrid
23636968101ff47d3d124ef9ee629f6b,2026-03-20 08:02:07,00202507001060,Off Grid,00073.08,00012.29,237.6,50.0,383.6,328.1,2092,1884,0.0,0,0,0,237.6,50.0,5743,5743,52,230.0,47.8,48.0,230.0,47.8,50.0,11000,11000,48.0,57.6,57.6,Pylon,2.0,70.0,Appliance,Utility Solar Bat,Solar + Utility,6,53.0,394,5,0.0,Load on,5.7,Line Mode,934200,0,00202507000200,OG-001,offgrid
1e73ca2451e435ca6aa6d6703310750a,2026-03-20 08:12:05,00202507001060,Off Grid,00073.08,00012.29,238.7,50.0,402.6,325.6,2160,1909,0.0,0,0,0,238.7,50.0,5340,5306,48,230.0,47.8,48.0,230.0,47.8,50.0,11000,11000,48.0,57.6,57.6,Pylon,2.0,70.0,Appliance,Utility Solar Bat,Solar + Utility,6,53.0,413,5,0.0,Load on,5.8,Line Mode,934200,0,00202507000200,OG-001,offgrid
23b9220dac58ee5c32cd16552ad4608f,2026-03-20 08:17:06,00202507001060,Off Grid,00073.08,00012.29,239.1,49.9,402.6,336.5,2259,2041,0.0,0,0,0,239.1,49.9,5402,5402,49,230.0,47.8,48.0,230.0,47.8,50.0,11000,11000,48.0,57.6,57.6,Pylon,2.0,70.0,Appliance,Utility Solar Bat,Solar + Utility,6,53.0,413,5,0.0,Load on,6.0,Line Mode,937000,0,00202507000200,OG-001,offgrid
0e608dda5e88c84f1f81085b814fcdf0,2026-03-20 08:27:01,00202507001060,Off Grid,00073.08,00012.29,238.2,50.0,397.2,341.2,2400,2198,0.0,0,0,0,238.2,50.0,5564,5514,50,230.0,47.8,48.0,230.0,47.8,50.0,11000,11000,48.0,57.6,57.6,Pylon,2.0,70.0,Appliance,Utility Solar Bat,Solar + Utility,6,53.0,407,6,0.0,Load on,6.4,Line Mode,937000,0,00202507000200,OG-001,offgrid
09fd716ebb466ed0556bd37f8782c870,2026-03-20 08:31:56,00202507001060,Off Grid,00073.08,00012.29,242.7,50.0,395.4,339.5,2496,2268,0.0,0,0,0,242.7,50.0,5533,5457,50,230.0,47.8,48.0,230.0,47.8,50.0,11000,11000,48.0,57.6,57.6,Pylon,2.0,70.0,Appliance,Utility Solar Bat,Solar + Utility,6,53.0,405,6,0.0,Load on,6.6,Line Mode,937000,0,00202507000200,OG-001,offgrid
171a1e7144221120351f837630d9fb7c,2026-03-20 08:36:52,00202507001060,Off Grid,00073.08,00012.29,237.0,50.0,394.1,351.5,2635,2453,0.0,0,0,0,237.0,50.0,6991,6908,63,230.0,47.8,48.0,230.0,47.8,50.0,11000,11000,48.0,57.6,57.6,Pylon,2.0,70.0,Appliance,Utility Solar Bat,Solar + Utility,6,53.0,403,6,0.0,Load on,6.9,Line Mode,937000,0,00202507000200,OG-001,offgrid
50f27165a87c39bc54bfbc0d7ba76298,2026-03-20 08:41:48,00202507001060,Off Grid,00073.08,00012.29,243.4,50.1,293.8,300.5,2208,2309,0.0,0,0,0,243.4,50.1,5425,5395,49,230.0,47.8,48.0,230.0,47.8,50.0,11000,11000,48.0,57.6,57.6,Pylon,2.0,70.0,Appliance,Utility Solar Bat,Solar + Utility,6,53.0,381,7,0.0,Load on,7.6,Line Mode,937000,0,00202507000200,OG-001,offgrid
21461cfaa25b5fb7159ee7dfdf54d2b4,2026-03-20 08:46:46,00202507001060,Off Grid,00073.08,00012.29,246.8,50.0,415.6,369.9,2720,2637,0.0,0,0,0,246.8,50.0,5873,5815,53,230.0,47.8,48.0,230.0,47.8,50.0,11000,11000,48.0,57.6,57.6,Pylon,2.0,70.0,Appliance,Utility Solar Bat,Solar + Utility,6,53.0,445,6,0.0,Load on,7.1,Line Mode,937000,0,00202507000200,OG-001,offgrid
322ca73fc1de3855656d19ca26486f7e,2026-03-20 08:56:43,00202507001060,Off Grid,00073.08,00012.29,247.1,50.0,413.2,394.9,2816,2428,0.0,0,0,0,247.1,50.0,5631,5587,51,230.0,47.8,48.0,230.0,47.8,50.0,11000,11000,48.0,57.6,57.6,Pylon,2.0,70.0,Appliance,Utility Solar Bat,Solar + Utility,6,53.0,443,6,0.0,Load on,6.1,Line Mode,937000,0,00202507000200,OG-001,offgrid
1ab6c6a0e067748d04dba53cfe4f367c,2026-03-20 09:06:42,00202507001060,Off Grid,00073.08,00012.29,247.0,50.0,421.4,412.2,2824,2434,0.0,0,0,0,247.0,50.0,5682,5682,51,230.0,47.8,48.0,230.0,47.8,50.0,11000,11000,48.0,57.6,57.6,Pylon,2.0,70.0,Appliance,Utility Solar Bat,Solar + Utility,6,53.0,451,6,0.0,Load on,5.9,Line Mode,937000,0,00202507000200,OG-001,offgrid
5f5941b8c8d02c9e5f2e6e9035ce4840,2026-03-20 09:11:40,00202507001060,Off Grid,00073.08,00012.29,231.9,50.0,387.6,410.5,953,2592,0.0,0,0,0,231.9,50.0,5412,5373,49,230.0,47.8,48.0,230.0,47.8,50.0,11000,11000,48.0,57.6,57.6,Pylon,2.0,70.0,Appliance,Utility Solar Bat,Solar + Utility,6,53.0,412,2,0.0,Load on,6.3,Line Mode,937000,0,00202507000200,OG-001,offgrid
00404544b266d88302933c5e0f28e2d5,2026-03-20 09:21:35,00202507001060,Off Grid,00073.08,00012.29,249.2,50.0,414.4,409.2,2979,2360,0.0,0,0,0,249.2,50.0,5781,5747,52,230.0,47.8,48.0,230.0,47.8,50.0,11000,11000,48.0,57.6,57.6,Pylon,2.0,70.0,Appliance,Utility Solar Bat,Solar + Utility,6,53.0,445,7,0.0,Load on,5.7,Line Mode,941400,0,00202507000200,OG-001,offgrid
163e695ef328b14069c7c27c39607991,2026-03-20 09:26:32,00202507001060,Off Grid,00073.08,00012.29,249.9,50.0,418.8,419.8,2953,2414,0.0,0,0,0,249.9,50.0,5843,5752,53,230.0,47.8,48.0,230.0,47.8,50.0,11000,11000,48.0,57.6,57.6,Pylon,2.0,70.0,Appliance,Utility Solar Bat,Solar + Utility,6,53.0,452,7,0.0,Load on,5.7,Line Mode,941400,0,00202507000200,OG-001,offgrid
0eddf63ae5e17680489f40647628cddf,2026-03-20 09:36:27,00202507001060,Off Grid,00073.08,00012.29,250.2,49.9,433.5,432.0,2424,2540,0.0,0,0,0,250.2,49.9,5554,5500,50,230.0,47.8,48.0,230.0,47.8,50.0,11000,11000,48.0,57.6,57.6,Pylon,2.0,70.0,Appliance,Utility Solar Bat,Solar + Utility,6,53.0,443,5,0.0,Load on,5.8,Line Mode,941400,0,00202507000200,OG-001,offgrid
69eabd82cc31e2f924dc58a237996d04,2026-03-20 09:41:25,00202507001060,Off Grid,00073.08,00012.29,245.9,50.0,421.4,416.3,2846,2855,0.0,0,0,0,245.9,50.0,6076,6053,55,230.0,47.8,48.0,230.0,47.8,50.0,11000,11000,48.0,57.6,57.6,Pylon,2.0,70.0,Appliance,Utility Solar Bat,Solar + Utility,6,53.0,451,6,0.0,Load on,6.8,Line Mode,941400,0,00202507000200,OG-001,offgrid
6900bae7556acc413b8d826fa9f9841d,2026-03-20 09:46:24,00202507001060,Off Grid,00073.08,00012.29,226.7,50.0,383.9,381.7,895,904,0.0,0,0,0,226.7,50.0,5964,5964,54,230.0,47.8,48.0,230.0,47.8,50.0,11000,11000,48.0,57.6,57.6,Pylon,2.0,70.0,Appliance,Utility Solar Bat,Solar + Utility,6,53.0,394,2,0.0,Load on,2.3,Line Mode,941400,0,00202507000200,OG-001,offgrid
5d8c4cf9c7d90ba7563de11c25ec72aa,2026-03-20 09:51:21,00202507001060,Off Grid,00073.08,00012.29,230.0,49.9,389.2,394.8,1191,1158,0.0,0,0,0,230.0,49.9,5890,5890,53,230.0,47.8,48.0,230.0,47.8,50.0,11000,11000,48.0,57.6,57.6,Pylon,2.0,70.0,Appliance,Utility Solar Bat,Solar + Utility,6,53.0,405,3,0.0,Load on,2.9,Line Mode,941400,0,00202507000200,OG-001,offgrid
732766ed8a9c49371e97d8dfc09ab470,2026-03-20 10:16:09,00202507001060,Off Grid,00073.08,00012.29,232.0,49.9,385.4,393.2,996,967,0.0,0,0,0,232.0,49.9,5312,5303,48,230.0,47.8,48.0,230.0,47.8,50.0,11000,11000,48.0,57.6,57.6,Pylon,2.0,70.0,Appliance,Utility Solar Bat,Solar + Utility,6,53.0,403,2,0.0,Load on,2.4,Line Mode,945300,0,00202507000200,OG-001,offgrid
467300f5db869d5b5d8a18b3e5bd651e,2026-03-20 10:31:03,00202507001060,Off Grid,00073.08,00012.29,249.7,50.0,429.7,429.4,3204,3379,0.0,0,0,0,249.7,50.0,7250,7191,65,230.0,47.8,48.0,230.0,47.8,50.0,11000,11000,48.0,57.6,57.6,Pylon,2.0,70.0,Appliance,Utility Solar Bat,Solar + Utility,6,53.0,460,7,0.0,Load on,7.8,Line Mode,945300,0,00202507000200,OG-001,offgrid
404ecf786dade7de56789b2c88c8d44d,2026-03-20 10:45:53,00202507001060,Off Grid,00073.08,00012.29,233.9,50.0,379.2,383.9,891,879,0.0,0,0,0,233.9,50.0,4467,4409,40,230.0,47.8,48.0,230.0,47.8,50.0,11000,11000,48.0,57.6,57.6,Pylon,2.0,70.0,Appliance,Utility Solar Bat,Solar + Utility,6,53.0,393,2,0.0,Load on,2.2,Line Mode,945300,0,00202507000200,OG-001,offgrid
1d829940ff315156409b675a2c340b5e,2026-03-20 11:10:46,00202507001060,Off Grid,00073.08,00012.29,251.3,50.1,460.3,460.7,66,84,0.0,0,0,0,0.0,0.0,0,0,0,230.0,47.8,48.0,230.0,47.8,50.0,11000,11000,48.0,57.6,57.6,Pylon,2.0,70.0,Appliance,Utility Solar Bat,Solar + Utility,6,53.0,464,0,0.0,Load off,0.1,Fault Mode,947000,08,00202507000200,OG-001,offgrid
5412794acce87ae229432232b8c9cd4c,2026-03-20 11:15:42,00202507001060,Off Grid,00073.08,00012.29,250.5,49.9,451.8,451.6,66,83,0.0,0,0,0,0.0,0.0,0,0,0,230.0,47.8,48.0,230.0,47.8,50.0,11000,11000,48.0,57.6,57.6,Pylon,2.0,70.0,Appliance,Utility Solar Bat,Solar + Utility,6,53.0,456,0,0.0,Load off,0.1,Fault Mode,947000,08,00202507000200,OG-001,offgrid
2ac9a8a6dff8707d2cc96a22339f8c1f,2026-03-20 11:20:42,00202507001060,Off Grid,00073.08,00012.29,251.7,50.0,445.0,444.5,66,80,0.0,0,0,0,0.0,0.0,0,0,0,230.0,47.8,48.0,230.0,47.8,50.0,11000,11000,48.0,57.6,57.6,Pylon,2.0,70.0,Appliance,Utility Solar Bat,Solar + Utility,6,53.0,449,0,0.0,Load off,0.1,Fault Mode,947000,08,00202507000200,OG-001,offgrid
002f51a11567d9896381f72e03e11a59,2026-03-20 11:30:37,00202507001060,Off Grid,00073.08,00012.29,251.0,50.1,439.5,438.4,65,81,0.0,0,0,0,0.0,0.0,0,0,0,230.0,47.8,48.0,230.0,47.8,50.0,11000,11000,48.0,57.6,57.6,Pylon,2.0,70.0,Appliance,Utility Solar Bat,Solar + Utility,6,53.0,443,0,0.0,Load off,0.1,Fault Mode,947000,08,00202507000200,OG-001,offgrid
2524e190277d1db669d260f0ed9ee7de,2026-03-20 11:35:34,00202507001060,Off Grid,00073.08,00012.29,236.0,50.1,441.9,440.0,65,80,0.0,0,0,0,0.0,0.0,0,0,0,230.0,47.8,48.0,230.0,47.8,50.0,11000,11000,48.0,57.6,57.6,Pylon,2.0,70.0,Appliance,Utility Solar Bat,Solar + Utility,6,53.0,448,0,0.0,Load off,0.1,Fault Mode,947000,08,00202507000200,OG-001,offgrid
65556528005d08ba6b5cc026c247c5c1,2026-03-20 11:40:33,00202507001060,Off Grid,00073.08,00012.29,245.4,50.1,447.0,445.9,66,82,0.0,0,0,0,0.0,0.0,0,0,0,230.0,47.8,48.0,230.0,47.8,50.0,11000,11000,48.0,57.6,57.6,Pylon,2.0,70.0,Appliance,Utility Solar Bat,Solar + Utility,6,53.0,451,0,0.0,Load off,0.1,Fault Mode,947000,08,00202507000200,OG-001,offgrid
4514cdb412a26f8149abd2b02d453421,2026-03-20 11:45:31,00202507001060,Off Grid,00073.08,00012.29,249.1,50.1,444.1,443.2,66,82,0.0,0,0,0,0.0,0.0,0,0,0,230.0,47.8,48.0,230.0,47.8,50.0,11000,11000,48.0,57.6,57.6,Pylon,2.0,70.0,Appliance,Utility Solar Bat,Solar + Utility,6,53.0,448,0,0.0,Load off,0.1,Fault Mode,947000,08,00202507000200,OG-001,offgrid
7b993e321d6af7eb14a7d36956e1dcd9,2026-03-20 11:50:29,00202507001060,Off Grid,00073.08,00012.29,236.8,49.9,435.0,440.1,64,81,0.0,0,0,0,0.0,0.0,0,0,0,230.0,47.8,48.0,230.0,47.8,50.0,11000,11000,48.0,57.6,57.6,Pylon,2.0,70.0,Appliance,Utility Solar Bat,Solar + Utility,6,53.0,439,0,0.0,Load off,0.1,Fault Mode,947000,08,00202507000200,OG-001,offgrid
7fd1bb46120af4f1586535404f1a793b,2026-03-20 11:55:28,00202507001060,Off Grid,00073.08,00012.29,232.1,49.9,438.4,437.3,65,80,0.0,0,0,0,0.0,0.0,0,0,0,230.0,47.8,48.0,230.0,47.8,50.0,11000,11000,48.0,57.6,57.6,Pylon,2.0,70.0,Appliance,Utility Solar Bat,Solar + Utility,6,53.0,442,0,0.0,Load off,0.1,Fault Mode,947000,08,00202507000200,OG-001,offgrid
1e776e811180667068c65b914efc27e8,2026-03-20 12:05:25,00202507001060,Off Grid,00073.08,00012.29,240.8,50.0,448.5,447.3,67,83,0.0,0,0,0,0.0,0.0,0,0,0,230.0,47.8,48.0,230.0,47.8,50.0,11000,11000,48.0,57.6,57.6,Pylon,2.0,70.0,Appliance,Utility Solar Bat,Solar + Utility,6,53.0,452,0,0.0,Load off,0.1,Fault Mode,947000,08,00202507000200,OG-001,offgrid
6d1c43d486bdfb5a32194ad902b103d4,2026-03-20 12:10:21,00202507001060,Off Grid,00073.08,00012.29,250.9,50.1,455.9,454.1,68,85,0.0,0,0,0,0.0,0.0,0,0,0,230.0,47.8,48.0,230.0,47.8,50.0,11000,11000,48.0,57.6,57.6,Pylon,2.0,70.0,Appliance,Utility Solar Bat,Solar + Utility,6,53.0,460,0,0.0,Load off,0.1,Fault Mode,947000,08,00202507000200,OG-001,offgrid
5149211e7a5ab9a358f1a0f175756765,2026-03-20 12:15:20,00202507001060,Off Grid,00073.08,00012.29,232.9,50.1,439.4,438.2,65,81,0.0,0,0,0,0.0,0.0,0,0,0,230.0,47.8,48.0,230.0,47.8,50.0,11000,11000,48.0,57.6,57.6,Pylon,2.0,70.0,Appliance,Utility Solar Bat,Solar + Utility,6,53.0,447,0,0.0,Load off,0.1,Fault Mode,947200,08,00202507000200,OG-001,offgrid
151c067af570a2d42502dbedc10409df,2026-03-20 12:20:20,00202507001060,Off Grid,00073.08,00012.29,235.8,50.1,450.0,448.5,67,83,0.0,0,0,0,0.0,0.0,0,0,0,230.0,47.8,48.0,230.0,47.8,50.0,11000,11000,48.0,57.6,57.6,Pylon,2.0,70.0,Appliance,Utility Solar Bat,Solar + Utility,6,53.0,454,0,0.0,Load off,0.1,Fault Mode,947200,08,00202507000200,OG-001,offgrid
2c9c276b8186642a4cf3a6d4dcb54f1a,2026-03-20 12:30:15,00202507001060,Off Grid,00073.08,00012.29,248.6,50.0,459.8,460.9,70,86,0.0,0,0,0,0.0,0.0,0,0,0,230.0,47.8,48.0,230.0,47.8,50.0,11000,11000,48.0,57.6,57.6,Pylon,2.0,70.0,Appliance,Utility Solar Bat,Solar + Utility,6,53.0,464,0,0.0,Load off,0.1,Fault Mode,947200,08,00202507000200,OG-001,offgrid
3f26ade55c8f02fb65a686f938aa6e59,2026-03-20 12:35:13,00202507001060,Off Grid,00073.08,00012.29,251.0,49.8,455.9,454.4,68,85,0.0,0,0,0,0.0,0.0,0,0,0,230.0,47.8,48.0,230.0,47.8,50.0,11000,11000,48.0,57.6,57.6,Pylon,2.0,70.0,Appliance,Utility Solar Bat,Solar + Utility,6,53.0,460,0,0.0,Load off,0.1,Fault Mode,947200,08,00202507000200,OG-001,offgrid
38ceb3b993d249de625225c8acebaf7a,2026-03-20 12:40:11,00202507001060,Off Grid,00073.08,00012.29,239.3,49.9,441.3,439.7,66,81,0.0,0,0,0,0.0,0.0,0,0,0,230.0,47.8,48.0,230.0,47.8,50.0,11000,11000,48.0,57.6,57.6,Pylon,2.0,70.0,Appliance,Utility Solar Bat,Solar + Utility,6,53.0,445,0,0.0,Load off,0.1,Fault Mode,947200,08,00202507000200,OG-001,offgrid
10a791ef8f491dbe543a4805a46505da,2026-03-20 12:50:08,00202507001060,Off Grid,00073.08,00012.29,242.9,50.0,442.9,442.2,67,81,0.0,0,0,0,0.0,0.0,0,0,0,230.0,47.8,48.0,230.0,47.8,50.0,11000,11000,48.0,57.6,57.6,Pylon,2.0,70.0,Appliance,Utility Solar Bat,Solar + Utility,6,53.0,447,0,0.0,Load off,0.1,Fault Mode,947200,08,00202507000200,OG-001,offgrid
3fbf7b3d7a646d1036b5a2241a3a6333,2026-03-20 12:55:05,00202507001060,Off Grid,00073.08,00012.29,248.3,49.9,453.4,452.6,68,85,0.0,0,0,0,0.0,0.0,0,0,0,230.0,47.8,48.0,230.0,47.8,50.0,11000,11000,48.0,57.6,57.6,Pylon,2.0,70.0,Appliance,Utility Solar Bat,Solar + Utility,6,53.0,457,0,0.0,Load off,0.1,Fault Mode,947200,08,00202507000200,OG-001,offgrid
6c7ef7e522b7e6ea3e5a298fd23baa3c,2026-03-20 13:00:01,00202507001060,Off Grid,00073.08,00012.29,247.2,50.1,448.7,447.8,68,82,0.0,0,0,0,0.0,0.0,0,0,0,230.0,47.8,48.0,230.0,47.8,50.0,11000,11000,48.0,57.6,57.6,Pylon,2.0,70.0,Appliance,Utility Solar Bat,Solar + Utility,6,53.0,453,0,0.0,Load off,0.1,Fault Mode,947200,08,00202507000200,OG-001,offgrid
0241c81bdfcc5e317bdb15d0fae247ae,2026-03-20 13:09:59,00202507001060,Off Grid,00073.08,00012.29,244.8,50.1,450.9,449.8,68,83,0.0,0,0,0,0.0,0.0,0,0,0,230.0,47.8,48.0,230.0,47.8,50.0,11000,11000,48.0,57.6,57.6,Pylon,2.0,70.0,Appliance,Utility Solar Bat,Solar + Utility,6,53.0,455,0,0.0,Load off,0.1,Fault Mode,947200,08,00202507000200,OG-001,offgrid
3bbdd8c88c3ee1517840a8e5279b00b6,2026-03-20 13:19:56,00202507001060,Off Grid,00073.08,00012.29,240.5,50.0,435.7,436.3,68,80,0.0,0,0,0,0.0,0.0,0,0,0,230.0,47.8,48.0,230.0,47.8,50.0,11000,11000,48.0,57.6,57.6,Pylon,2.0,70.0,Appliance,Utility Solar Bat,Solar + Utility,6,53.0,440,0,0.0,Load off,0.1,Fault Mode,947300,08,00202507000200,OG-001,offgrid
74565360ebac6ad30de7399038482ba6,2026-03-20 13:29:57,00202507001060,Off Grid,00073.08,00012.29,244.2,50.1,452.5,452.6,69,84,0.0,0,0,0,0.0,0.0,0,0,0,230.0,47.8,48.0,230.0,47.8,50.0,11000,11000,48.0,57.6,57.6,Pylon,2.0,70.0,Appliance,Utility Solar Bat,Solar + Utility,6,53.0,457,0,0.0,Load off,0.1,Fault Mode,947300,08,00202507000200,OG-001,offgrid
4aa77f43c86a3c807f7766e6f37c633e,2026-03-20 13:39:50,00202507001060,Off Grid,00073.08,00012.29,238.6,50.0,464.1,464.3,71,87,0.0,0,0,0,0.0,0.0,0,0,0,230.0,47.8,48.0,230.0,47.8,50.0,11000,11000,48.0,57.6,57.6,Pylon,2.0,70.0,Appliance,Utility Solar Bat,Solar + Utility,6,53.0,468,0,0.0,Load off,0.1,Fault Mode,947300,08,00202507000200,OG-001,offgrid
06c53fe23281ce070c063e59775a2a5c,2026-03-20 13:44:48,00202507001060,Off Grid,00073.08,00012.29,248.3,50.0,467.6,467.9,72,88,0.0,0,0,0,0.0,0.0,0,0,0,230.0,47.8,48.0,230.0,47.8,50.0,11000,11000,48.0,57.6,57.6,Pylon,2.0,70.0,Appliance,Utility Solar Bat,Solar + Utility,6,53.0,472,0,0.0,Load off,0.1,Fault Mode,947300,08,00202507000200,OG-001,offgrid
5288c56b481a52bd209a9d438e0b067d,2026-03-20 13:49:44,00202507001060,Off Grid,00073.08,00012.29,252.6,49.9,468.7,468.7,72,89,0.0,0,0,0,0.0,0.0,0,0,0,230.0,47.8,48.0,230.0,47.8,50.0,11000,11000,48.0,57.6,57.6,Pylon,2.0,70.0,Appliance,Utility Solar Bat,Solar + Utility,6,53.0,473,0,0.0,Load off,0.1,Fault Mode,947300,08,00202507000200,OG-001,offgrid
49f3781f02a06ad15bd09aaf6a8631d5,2026-03-20 13:59:40,00202507001060,Off Grid,00073.08,00012.29,253.4,50.0,454.4,455.4,69,85,0.0,0,0,0,0.0,0.0,0,0,0,230.0,47.8,48.0,230.0,47.8,50.0,11000,11000,48.0,57.6,57.6,Pylon,2.0,70.0,Appliance,Utility Solar Bat,Solar + Utility,6,53.0,459,0,0.0,Load off,0.1,Fault Mode,947300,08,00202507000200,OG-001,offgrid
11b015a9a4c1bffd45987c785317b925,2026-03-20 14:04:38,00202507001060,Off Grid,00073.08,00012.29,253.0,50.0,450.7,453.1,69,85,0.0,0,0,0,0.0,0.0,0,0,0,230.0,47.8,48.0,230.0,47.8,50.0,11000,11000,48.0,57.6,57.6,Pylon,2.0,70.0,Appliance,Utility Solar Bat,Solar + Utility,6,53.0,457,0,0.0,Load off,0.1,Fault Mode,947300,08,00202507000200,OG-001,offgrid
768dffb364de7ed72aa01ce4e48e8ec3,2026-03-20 14:09:38,00202507001060,Off Grid,00073.08,00012.29,252.5,50.1,448.7,451.3,67,83,0.0,0,0,0,0.0,0.0,0,0,0,230.0,47.8,48.0,230.0,47.8,50.0,11000,11000,48.0,57.6,57.6,Pylon,2.0,70.0,Appliance,Utility Solar Bat,Solar + Utility,6,53.0,455,0,0.0,Load off,0.1,Fault Mode,947300,08,00202507000200,OG-001,offgrid
24c139d4a569034143840425286231d5,2026-03-20 14:14:40,00202507001060,Off Grid,00073.08,00012.29,248.9,50.0,447.3,447.9,66,82,0.0,0,0,0,0.0,0.0,0,0,0,230.0,47.8,48.0,230.0,47.8,50.0,11000,11000,48.0,57.6,57.6,Pylon,2.0,70.0,Appliance,Utility Solar Bat,Solar + Utility,6,53.0,452,0,0.0,Load off,0.1,Fault Mode,947300,08,00202507000200,OG-001,offgrid
583966c6bfa23b62098f37129a8b0aed,2026-03-20 14:19:38,00202507001060,Off Grid,00073.08,00012.29,247.0,49.9,445.1,444.7,68,83,0.0,0,0,0,0.0,0.0,0,0,0,230.0,47.8,48.0,230.0,47.8,50.0,11000,11000,48.0,57.6,57.6,Pylon,2.0,70.0,Appliance,Utility Solar Bat,Solar + Utility,6,53.0,450,0,0.0,Load off,0.1,Fault Mode,947500,08,00202507000200,OG-001,offgrid
538f85ddb6e191fd656f77972dcd3955,2026-03-20 14:29:33,00202507001060,Off Grid,00073.08,00012.29,248.4,50.0,452.6,451.5,69,84,0.0,0,0,0,0.0,0.0,0,0,0,230.0,47.8,48.0,230.0,47.8,50.0,11000,11000,48.0,57.6,57.6,Pylon,2.0,70.0,Appliance,Utility Solar Bat,Solar + Utility,6,53.0,457,0,0.0,Load off,0.1,Fault Mode,947500,08,00202507000200,OG-001,offgrid
76907fb355b890f8422b291e949d08f5,2026-03-20 14:34:29,00202507001060,Off Grid,00073.08,00012.29,246.4,49.8,448.7,447.9,68,84,0.0,0,0,0,0.0,0.0,0,0,0,230.0,47.8,48.0,230.0,47.8,50.0,11000,11000,48.0,57.6,57.6,Pylon,2.0,70.0,Appliance,Utility Solar Bat,Solar + Utility,6,53.0,453,0,0.0,Load off,0.1,Fault Mode,947500,08,00202507000200,OG-001,offgrid
6e8c4fe40a0d11ca27fba70bbdc04ba2,2026-03-20 14:39:27,00202507001060,Off Grid,00073.08,00012.29,245.3,49.7,449.3,448.8,69,82,0.0,0,0,0,0.0,0.0,0,0,0,230.0,47.8,48.0,230.0,47.8,50.0,11000,11000,48.0,57.6,57.6,Pylon,2.0,70.0,Appliance,Utility Solar Bat,Solar + Utility,6,53.0,453,0,0.0,Load off,0.1,Fault Mode,947500,08,00202507000200,OG-001,offgrid
20e7dd0fcb7820c6651261dc75f2797a,2026-03-20 14:44:24,00202507001060,Off Grid,00073.08,00012.29,245.2,49.8,449.4,449.5,69,84,0.0,0,0,0,0.0,0.0,0,0,0,230.0,47.8,48.0,230.0,47.8,50.0,11000,11000,48.0,57.6,57.6,Pylon,2.0,70.0,Appliance,Utility Solar Bat,Solar + Utility,6,53.0,454,0,0.0,Load off,0.1,Fault Mode,947500,08,00202507000200,OG-001,offgrid
1d8ec74805b16e6274afdf73d76d838d,2026-03-20 14:49:23,00202507001060,Off Grid,00073.08,00012.29,242.1,49.8,442.8,442.9,68,81,0.0,0,0,0,0.0,0.0,0,0,0,230.0,47.8,48.0,230.0,47.8,50.0,11000,11000,48.0,57.6,57.6,Pylon,2.0,70.0,Appliance,Utility Solar Bat,Solar + Utility,6,53.0,447,0,0.0,Load off,0.1,Fault Mode,947500,08,00202507000200,OG-001,offgrid
4316af48fd7015f86a603cf2dc9d7256,2026-03-20 14:54:22,00202507001060,Off Grid,00073.08,00012.29,239.6,50.0,427.3,427.9,65,79,0.0,0,0,0,0.0,0.0,0,0,0,230.0,47.8,48.0,230.0,47.8,50.0,11000,11000,48.0,57.6,57.6,Pylon,2.0,70.0,Appliance,Utility Solar Bat,Solar + Utility,6,53.0,431,0,0.0,Load off,0.1,Fault Mode,947500,08,00202507000200,OG-001,offgrid
5ac5f9cbd920a77d407aecd585d4540e,2026-03-20 14:59:20,00202507001060,Off Grid,00073.08,00012.29,237.5,49.8,419.1,419.5,64,76,0.0,0,0,0,0.0,0.0,0,0,0,230.0,47.8,48.0,230.0,47.8,50.0,11000,11000,48.0,57.6,57.6,Pylon,2.0,70.0,Appliance,Utility Solar Bat,Solar + Utility,6,53.0,423,0,0.0,Load off,0.1,Fault Mode,947500,08,00202507000200,OG-001,offgrid
4842322c33e8b02525305a2763986fbb,2026-03-20 15:04:17,00202507001060,Off Grid,00073.08,00012.29,236.0,49.9,431.0,431.3,64,79,0.0,0,0,0,0.0,0.0,0,0,0,230.0,47.8,48.0,230.0,47.8,50.0,11000,11000,48.0,57.6,57.6,Pylon,2.0,70.0,Appliance,Utility Solar Bat,Solar + Utility,6,53.0,435,0,0.0,Load off,0.1,Fault Mode,947500,08,00202507000200,OG-001,offgrid
17a71e2d81a57a7e498296567523bf66,2026-03-20 15:09:13,00202507001060,Off Grid,00073.08,00012.29,230.2,49.9,428.4,428.8,65,78,0.0,0,0,0,0.0,0.0,0,0,0,230.0,47.8,48.0,230.0,47.8,50.0,11000,11000,48.0,57.6,57.6,Pylon,2.0,70.0,Appliance,Utility Solar Bat,Solar + Utility,6,53.0,432,0,0.0,Load off,0.1,Fault Mode,947500,08,00202507000200,OG-001,offgrid
3f79cc0a06fb311516590d64476b81b9,2026-03-20 15:14:10,00202507001060,Off Grid,00073.08,00012.29,228.6,49.9,421.0,421.4,64,78,0.0,0,0,0,0.0,0.0,0,0,0,230.0,47.8,48.0,230.0,47.8,50.0,11000,11000,48.0,57.6,57.6,Pylon,2.0,70.0,Appliance,Utility Solar Bat,Solar + Utility,6,53.0,425,0,0.0,Load off,0.1,Fault Mode,947500,08,00202507000200,OG-001,offgrid
1ed594bdbe61284a75a17b8afcac053d,2026-03-20 15:19:08,00202507001060,Off Grid,00073.08,00012.29,225.9,50.1,421.6,421.9,66,78,0.0,0,0,0,0.0,0.0,0,0,0,230.0,47.8,48.0,230.0,47.8,50.0,11000,11000,48.0,57.6,57.6,Pylon,2.0,70.0,Appliance,Utility Solar Bat,Solar + Utility,6,53.0,425,0,0.0,Load off,0.1,Fault Mode,947600,08,00202507000200,OG-001,offgrid
6f4c29a025817af667ddffbe324b9cd8,2026-03-20 15:24:07,00202507001060,Off Grid,00073.08,00012.29,227.5,49.9,436.5,436.9,67,81,0.0,0,0,0,0.0,0.0,0,0,0,230.0,47.8,48.0,230.0,47.8,50.0,11000,11000,48.0,57.6,57.6,Pylon,2.0,70.0,Appliance,Utility Solar Bat,Solar + Utility,6,53.0,440,0,0.0,Load off,0.1,Fault Mode,947600,08,00202507000200,OG-001,offgrid
65b7cbadcfcbf225571ff3950758a570,2026-03-20 15:29:04,00202507001060,Off Grid,00073.08,00012.29,227.4,50.0,444.3,444.3,70,81,0.0,0,0,0,0.0,0.0,0,0,0,230.0,47.8,48.0,230.0,47.8,50.0,11000,11000,48.0,57.6,57.6,Pylon,2.0,70.0,Appliance,Utility Solar Bat,Solar + Utility,6,53.0,448,0,0.0,Load off,0.1,Fault Mode,947600,08,00202507000200,OG-001,offgrid
40e706f59456b6b21cbee3dd9cb35aee,2026-03-20 15:34:02,00202507001060,Off Grid,00073.08,00012.29,228.5,50.1,431.6,431.7,68,81,0.0,0,0,0,0.0,0.0,0,0,0,230.0,47.8,48.0,230.0,47.8,50.0,11000,11000,48.0,57.6,57.6,Pylon,2.0,70.0,Appliance,Utility Solar Bat,Solar + Utility,6,53.0,435,0,0.0,Load off,0.1,Fault Mode,947600,08,00202507000200,OG-001,offgrid
647dfd841ef7ad1b440431e22cdd9ff1,2026-03-20 15:39:01,00202507001060,Off Grid,00073.08,00012.29,227.6,50.1,417.5,417.9,65,76,0.0,0,0,0,0.0,0.0,0,0,0,230.0,47.8,48.0,230.0,47.8,50.0,11000,11000,48.0,57.6,57.6,Pylon,2.0,70.0,Appliance,Utility Solar Bat,Solar + Utility,6,53.0,421,0,0.0,Load off,0.1,Fault Mode,947600,08,00202507000200,OG-001,offgrid
401128c9780c31085e7e391d6f80fb14,2026-03-20 15:48:57,00202507001060,Off Grid,00073.08,00012.29,223.4,49.9,399.1,399.2,62,73,0.0,0,0,0,0.0,0.0,0,0,0,230.0,47.8,48.0,230.0,47.8,50.0,11000,11000,48.0,57.6,57.6,Pylon,2.0,70.0,Appliance,Utility Solar Bat,Solar + Utility,6,53.0,403,0,0.0,Load off,0.1,Fault Mode,947600,08,00202507000200,OG-001,offgrid
00ab24a8b8bac14434cc2ed7eccbc206,2026-03-20 15:53:54,00202507001060,Off Grid,00073.08,00012.29,222.2,50.0,375.7,376.1,60,69,0.0,0,0,0,0.0,0.0,0,0,0,230.0,47.8,48.0,230.0,47.8,50.0,11000,11000,48.0,57.6,57.6,Pylon,2.0,70.0,Appliance,Utility Solar Bat,Solar + Utility,6,53.0,379,0,0.0,Load off,0.1,Fault Mode,947600,08,00202507000200,OG-001,offgrid
10090e58ac05a9d91641078c1d8ef6a9,2026-03-20 15:58:53,00202507001060,Off Grid,00073.08,00012.29,235.5,49.8,344.8,344.9,55,62,0.0,0,0,0,0.0,0.0,0,0,0,230.0,47.8,48.0,230.0,47.8,50.0,11000,11000,48.0,57.6,57.6,Pylon,2.0,70.0,Appliance,Utility Solar Bat,Solar + Utility,6,53.0,348,0,0.0,Load off,0.1,Fault Mode,947600,08,00202507000200,OG-001,offgrid
2c6d799249028f1d7e4097d68f2269ce,2026-03-20 16:03:52,00202507001060,Off Grid,00073.08,00012.29,236.6,49.8,343.0,343.4,54,62,0.0,0,0,0,0.0,0.0,0,0,0,230.0,47.8,48.0,230.0,47.8,50.0,11000,11000,48.0,57.6,57.6,Pylon,2.0,70.0,Appliance,Utility Solar Bat,Solar + Utility,6,53.0,346,0,0.0,Load off,0.1,Fault Mode,947600,08,00202507000200,OG-001,offgrid
62a7963167cd70e97799a2b221e20bd8,2026-03-20 16:08:50,00202507001060,Off Grid,00073.08,00012.29,225.0,49.8,356.8,357.3,55,65,0.0,0,0,0,0.0,0.0,0,0,0,230.0,47.8,48.0,230.0,47.8,50.0,11000,11000,48.0,57.6,57.6,Pylon,2.0,70.0,Appliance,Utility Solar Bat,Solar + Utility,6,53.0,361,0,0.0,Load off,0.1,Fault Mode,947600,08,00202507000200,OG-001,offgrid
1fe80833952d4df15289dc63ff29f0ad,2026-03-20 16:13:48,00202507001060,Off Grid,00073.08,00012.29,217.9,50.0,370.1,370.8,57,68,0.0,0,0,0,0.0,0.0,0,0,0,230.0,47.8,48.0,230.0,47.8,50.0,11000,11000,48.0,57.6,57.6,Pylon,2.0,70.0,Appliance,Utility Solar Bat,Solar + Utility,6,53.0,374,0,0.0,Load off,0.1,Fault Mode,947600,08,00202507000200,OG-001,offgrid
0fbdcdcd16fe03f01de76983396f2e8e,2026-03-20 16:18:45,00202507001060,Off Grid,00073.08,00012.29,231.5,50.0,381.7,381.9,60,70,0.0,0,0,0,0.0,0.0,0,0,0,230.0,47.8,48.0,230.0,47.8,50.0,11000,11000,48.0,57.6,57.6,Pylon,2.0,70.0,Appliance,Utility Solar Bat,Solar + Utility,6,53.0,385,0,0.0,Load off,0.1,Fault Mode,947700,08,00202507000200,OG-001,offgrid
4dbc312a43b2cf9b4a7d8342433fc40a,2026-03-20 16:23:44,00202507001060,Off Grid,00073.08,00012.29,234.7,50.0,385.5,385.8,61,71,0.0,0,0,0,0.0,0.0,0,0,0,230.0,47.8,48.0,230.0,47.8,50.0,11000,11000,48.0,57.6,57.6,Pylon,2.0,70.0,Appliance,Utility Solar Bat,Solar + Utility,6,53.0,389,0,0.0,Load off,0.1,Fault Mode,947700,08,00202507000200,OG-001,offgrid
23496540c38b2153569b9c234ee14845,2026-03-20 16:28:40,00202507001060,Off Grid,00073.08,00012.29,234.9,50.0,402.3,402.9,63,75,0.0,0,0,0,0.0,0.0,0,0,0,230.0,47.8,48.0,230.0,47.8,50.0,11000,11000,48.0,57.6,57.6,Pylon,2.0,70.0,Appliance,Utility Solar Bat,Solar + Utility,6,53.0,406,0,0.0,Load off,0.1,Fault Mode,947700,08,00202507000200,OG-001,offgrid
23441b2c3c6a5b34064928ae41a45a0d,2026-03-20 16:33:38,00202507001060,Off Grid,00073.08,00012.29,225.4,50.0,396.4,396.9,62,73,0.0,0,0,0,0.0,0.0,0,0,0,230.0,47.8,48.0,230.0,47.8,50.0,11000,11000,48.0,57.6,57.6,Pylon,2.0,70.0,Appliance,Utility Solar Bat,Solar + Utility,6,53.0,400,0,0.0,Load off,0.1,Fault Mode,947700,08,00202507000200,OG-001,offgrid
1e1b30afefb9b97f2aa77ae93150aa93,2026-03-20 16:38:34,00202507001060,Off Grid,00073.08,00012.29,222.8,49.9,403.3,403.8,63,75,0.0,0,0,0,0.0,0.0,0,0,0,230.0,47.8,48.0,230.0,47.8,50.0,11000,11000,48.0,57.6,57.6,Pylon,2.0,70.0,Appliance,Utility Solar Bat,Solar + Utility,6,53.0,407,0,0.0,Load off,0.1,Fault Mode,947700,08,00202507000200,OG-001,offgrid
2cfba465476577df58203bb75c22151d,2026-03-20 16:43:33,00202507001060,Off Grid,00073.08,00012.29,224.5,50.0,398.9,399.2,63,75,0.0,0,0,0,0.0,0.0,0,0,0,230.0,47.8,48.0,230.0,47.8,50.0,11000,11000,48.0,57.6,57.6,Pylon,2.0,70.0,Appliance,Utility Solar Bat,Solar + Utility,6,53.0,403,0,0.0,Load off,0.1,Fault Mode,947700,08,00202507000200,OG-001,offgrid
39662242227567ad66b5cdc79ab46756,2026-03-20 16:53:29,00202507001060,Off Grid,00073.08,00012.29,225.0,50.0,408.5,408.9,63,76,0.0,0,0,0,0.0,0.0,0,0,0,230.0,47.8,48.0,230.0,47.8,50.0,11000,11000,48.0,57.6,57.6,Pylon,2.0,70.0,Appliance,Utility Solar Bat,Solar + Utility,6,53.0,412,0,0.0,Load off,0.1,Fault Mode,947700,08,00202507000200,OG-001,offgrid
6da88b1977080e10733bd2b1f7d00924,2026-03-20 17:03:27,00202507001060,Off Grid,00073.08,00012.29,226.0,49.8,345.2,346.2,54,63,0.0,0,0,0,0.0,0.0,0,0,0,230.0,47.8,48.0,230.0,47.8,50.0,11000,11000,48.0,57.6,57.6,Pylon,2.0,70.0,Appliance,Utility Solar Bat,Solar + Utility,6,53.0,349,0,0.0,Load off,0.1,Fault Mode,947700,08,00202507000200,OG-001,offgrid
669214fc723b2e597a8b6fa5ff239fd0,2026-03-20 17:13:24,00202507001060,Off Grid,00073.08,00012.29,224.0,50.0,378.2,378.6,58,70,0.0,0,0,0,0.0,0.0,0,0,0,230.0,47.8,48.0,230.0,47.8,50.0,11000,11000,48.0,57.6,57.6,Pylon,2.0,70.0,Appliance,Utility Solar Bat,Solar + Utility,6,53.0,382,0,0.0,Load off,0.1,Fault Mode,947700,08,00202507000200,OG-001,offgrid
39e255ecf5b90cb7480213f343954d6a,2026-03-20 17:18:21,00202507001060,Off Grid,00073.08,00012.29,216.7,50.0,385.1,385.7,60,72,0.0,0,0,0,0.0,0.0,0,0,0,230.0,47.8,48.0,230.0,47.8,50.0,11000,11000,48.0,57.6,57.6,Pylon,2.0,70.0,Appliance,Utility Solar Bat,Solar + Utility,6,53.0,389,0,0.0,Load off,0.1,Fault Mode,947900,08,00202507000200,OG-001,offgrid
1bd066e98112772d43ba6222691754b4,2026-03-20 17:23:18,00202507001060,Off Grid,00073.08,00012.29,215.0,50.0,391.9,392.4,61,74,0.0,0,0,0,0.0,0.0,0,0,0,230.0,47.8,48.0,230.0,47.8,50.0,11000,11000,48.0,57.6,57.6,Pylon,2.0,70.0,Appliance,Utility Solar Bat,Solar + Utility,6,53.0,396,0,0.0,Load off,0.1,Fault Mode,947900,08,00202507000200,OG-001,offgrid
11ed1102d67fe00937c4bc750f5f6298,2026-03-20 17:28:13,00202507001060,Off Grid,00073.08,00012.29,231.3,49.9,382.7,383.2,60,70,0.0,0,0,0,0.0,0.0,0,0,0,230.0,47.8,48.0,230.0,47.8,50.0,11000,11000,48.0,57.6,57.6,Pylon,2.0,70.0,Appliance,Utility Solar Bat,Solar + Utility,6,53.0,387,0,0.0,Load off,0.1,Fault Mode,947900,08,00202507000200,OG-001,offgrid
0004ad1ec6613f09302b676b8eb272db,2026-03-20 17:33:13,00202507001060,Off Grid,00073.08,00012.29,231.5,50.0,412.8,412.8,66,76,0.0,0,0,0,0.0,0.0,0,0,0,230.0,47.8,48.0,230.0,47.8,50.0,11000,11000,48.0,57.6,57.6,Pylon,2.0,70.0,Appliance,Utility Solar Bat,Solar + Utility,6,53.0,416,0,0.0,Load off,0.1,Fault Mode,947900,08,00202507000200,OG-001,offgrid
62be4d79d64234bb2fe0990814811767,2026-03-20 17:43:11,00202507001060,Off Grid,00073.08,00012.29,219.6,49.9,334.6,335.2,52,61,0.0,0,0,0,0.0,0.0,0,0,0,230.0,47.8,48.0,230.0,47.8,50.0,11000,11000,48.0,57.6,57.6,Pylon,2.0,70.0,Appliance,Utility Solar Bat,Solar + Utility,6,53.0,338,0,0.0,Load off,0.1,Fault Mode,947900,08,00202507000200,OG-001,offgrid
246ced90ac2233ee174df68c295f2ced,2026-03-20 17:48:11,00202507001060,Off Grid,00073.08,00012.29,221.2,49.9,294.0,295.3,46,53,0.0,0,0,0,0.0,0.0,0,0,0,230.0,47.8,48.0,230.0,47.8,50.0,11000,11000,48.0,57.6,57.6,Pylon,2.0,70.0,Appliance,Utility Solar Bat,Solar + Utility,6,53.0,299,0,0.0,Load off,0.1,Fault Mode,947900,08,00202507000200,OG-001,offgrid
4f1394b98d4347fe139474ddb23ce68e,2026-03-20 17:53:09,00202507001060,Off Grid,00073.08,00012.29,217.5,50.0,0.0,0.0,0,0,0.0,0,0,0,217.5,50.0,4355,4355,39,230.0,47.8,48.0,230.0,47.8,50.0,11000,11000,48.0,57.6,57.6,Pylon,2.0,70.0,Appliance,Utility Solar Bat,Solar + Utility,6,53.0,350,0,0.0,Load on,0.0,Line Mode,947900,0,00202507000200,OG-001,offgrid
4f55987756e94ecf2ab5b3cd5224613a,2026-03-20 17:58:04,00202507001060,Off Grid,00073.08,00012.29,222.5,49.9,0.0,0.0,0,0,0.0,0,0,0,222.5,49.9,3204,3140,29,230.0,47.8,48.0,230.0,47.8,50.0,11000,11000,48.0,57.6,57.6,Pylon,2.0,70.0,Appliance,Utility Solar Bat,Solar + Utility,6,53.0,346,0,0.0,Load on,0.0,Line Mode,947900,0,00202507000200,OG-001,offgrid
4aea849bba78646039351d179e846efb,2026-03-20 18:03:01,00202507001060,Off Grid,00073.08,00012.29,222.9,49.9,0.0,98.1,0,0,0.0,0,0,0,222.9,49.9,3165,3143,28,230.0,47.8,48.0,230.0,47.8,50.0,11000,11000,48.0,57.6,57.6,Pylon,2.0,70.0,Appliance,Utility Solar Bat,Solar + Utility,6,53.0,350,0,0.0,Load on,0.0,Line Mode,947900,0,00202507000200,OG-001,offgrid
192f8451e895d31203f78302675dc8c4,2026-03-20 18:08:00,00202507001060,Off Grid,00073.08,00012.29,227.7,49.9,0.0,0.0,0,0,0.0,0,0,0,227.7,49.9,3176,3176,28,230.0,47.8,48.0,230.0,47.8,50.0,11000,11000,48.0,57.6,57.6,Pylon,2.0,70.0,Appliance,Utility Solar Bat,Solar + Utility,6,53.0,359,0,0.0,Load on,0.0,Line Mode,947900,0,00202507000200,OG-001,offgrid
586d64baf1465b3e08fba000889236e0,2026-03-20 18:12:56,00202507001060,Off Grid,00073.08,00012.29,227.4,49.9,64.9,0.0,0,0,0.0,0,0,0,227.4,49.9,3227,3141,29,230.0,47.8,48.0,230.0,47.8,50.0,11000,11000,48.0,57.6,57.6,Pylon,2.0,70.0,Appliance,Utility Solar Bat,Solar + Utility,6,53.0,357,0,0.0,Load on,0.0,Line Mode,947900,0,00202507000200,OG-001,offgrid
25d3526b7de41ed934f7e05f43cfe8e2,2026-03-20 18:22:56,00202507001060,Off Grid,00073.08,00012.29,226.8,49.9,62.2,63.7,0,0,0.0,0,0,0,226.8,49.9,3243,3193,29,230.0,47.8,48.0,230.0,47.8,50.0,11000,11000,48.0,57.6,57.6,Pylon,2.0,70.0,Appliance,Utility Solar Bat,Solar + Utility,6,53.0,357,0,0.0,Load on,0.0,Line Mode,947900,0,00202507000200,OG-001,offgrid
105a4c7d7bbe3aff3ab98fb95e69f30c,2026-03-20 18:27:55,00202507001060,Off Grid,00073.08,00012.29,225.8,50.0,0.0,0.0,0,0,0.0,0,0,0,225.8,50.0,3296,3263,29,230.0,47.8,48.0,230.0,47.8,50.0,11000,11000,48.0,57.6,57.6,Pylon,2.0,70.0,Appliance,Utility Solar Bat,Solar + Utility,6,53.0,356,0,0.0,Load on,0.0,Line Mode,947900,0,00202507000200,OG-001,offgrid
3c230f17b36af37e569799f723697286,2026-03-20 18:37:48,00202507001060,Off Grid,00073.08,00012.29,228.1,50.0,0.0,0.0,0,0,0.0,0,0,0,228.1,50.0,3170,3111,28,230.0,47.8,48.0,230.0,47.8,50.0,11000,11000,48.0,57.6,57.6,Pylon,2.0,70.0,Appliance,Utility Solar Bat,Solar + Utility,6,53.0,359,0,0.0,Load on,0.0,Line Mode,947900,0,00202507000200,OG-001,offgrid
3bc4b995091ea69017bc81b83aca69ba,2026-03-20 18:47:42,00202507001060,Off Grid,00073.08,00012.29,228.5,50.0,0.0,0.0,0,0,0.0,0,0,0,228.5,50.0,3244,3186,29,230.0,47.8,48.0,230.0,47.8,50.0,11000,11000,48.0,57.6,57.6,Pylon,2.0,70.0,Appliance,Utility Solar Bat,Solar + Utility,6,53.0,359,0,0.0,Load on,0.0,Line Mode,947900,0,00202507000200,OG-001,offgrid
75ae88b3279c66e3732b008b45b6599d,2026-03-20 18:52:45,00202507001060,Off Grid,00073.08,00012.29,227.6,50.0,0.0,0.0,0,0,0.0,0,0,0,227.6,50.0,3452,3452,31,230.0,47.8,48.0,230.0,47.8,50.0,11000,11000,48.0,57.6,57.6,Pylon,2.0,70.0,Appliance,Utility Solar Bat,Solar + Utility,6,53.0,358,0,0.0,Load on,0.0,Line Mode,947900,0,00202507000200,OG-001,offgrid
20dfaaa89f53bcb229e07259830c740a,2026-03-20 19:02:30,00202507001060,Off Grid,00073.08,00012.29,226.9,50.0,0.0,0.0,0,0,0.0,0,0,0,226.9,50.0,3220,3179,29,230.0,47.8,48.0,230.0,47.8,50.0,11000,11000,48.0,57.6,57.6,Pylon,2.0,70.0,Appliance,Utility Solar Bat,Solar + Utility,6,53.0,358,0,0.0,Load on,0.0,Line Mode,947900,0,00202507000200,OG-001,offgrid
3144905cce333b7b67377cb956a49124,2026-03-20 19:07:24,00202507001060,Off Grid,00073.08,00012.29,229.1,50.0,0.0,0.0,0,0,0.0,0,0,0,229.1,50.0,3278,3239,29,230.0,47.8,48.0,230.0,47.8,50.0,11000,11000,48.0,57.6,57.6,Pylon,2.0,70.0,Appliance,Utility Solar Bat,Solar + Utility,6,53.0,361,0,0.0,Load on,0.0,Line Mode,947900,0,00202507000200,OG-001,offgrid
719b270049b9163027c7e77d1b58448a,2026-03-20 19:12:18,00202507001060,Off Grid,00073.08,00012.29,227.0,50.1,0.0,0.0,0,0,0.0,0,0,0,227.0,50.1,3280,3216,29,230.0,47.8,48.0,230.0,47.8,50.0,11000,11000,48.0,57.6,57.6,Pylon,2.0,70.0,Appliance,Utility Solar Bat,Solar + Utility,6,53.0,357,0,0.0,Load on,0.0,Line Mode,947900,0,00202507000200,OG-001,offgrid
0f3aeb7de5da68170d49ec0a3def739f,2026-03-20 19:22:04,00202507001060,Off Grid,00073.08,00012.29,226.5,49.8,0.0,0.0,0,0,0.0,0,0,0,226.5,49.8,3294,3294,29,230.0,47.8,48.0,230.0,47.8,50.0,11000,11000,48.0,57.6,57.6,Pylon,2.0,70.0,Appliance,Utility Solar Bat,Solar + Utility,6,53.0,356,0,0.0,Load on,0.0,Line Mode,947900,0,00202507000200,OG-001,offgrid
46160a12d267f6db5fb40fba5f56073b,2026-03-20 19:31:46,00202507001060,Off Grid,00073.08,00012.29,228.9,50.0,0.0,0.0,0,0,0.0,0,0,0,228.9,50.0,3227,3179,29,230.0,47.8,48.0,230.0,47.8,50.0,11000,11000,48.0,57.6,57.6,Pylon,2.0,70.0,Appliance,Utility Solar Bat,Solar + Utility,6,53.0,359,0,0.0,Load on,0.0,Line Mode,947900,0,00202507000200,OG-001,offgrid
320ce220a7eb99c74a0d17eb6acf4d26,2026-03-20 19:36:36,00202507001060,Off Grid,00073.08,00012.29,228.5,50.1,0.0,0.0,0,0,0.0,0,0,0,228.5,50.1,3244,3208,29,230.0,47.8,48.0,230.0,47.8,50.0,11000,11000,48.0,57.6,57.6,Pylon,2.0,70.0,Appliance,Utility Solar Bat,Solar + Utility,6,53.0,358,0,0.0,Load on,0.0,Line Mode,947900,0,00202507000200,OG-001,offgrid
693e5781f73b407a749bae575da848ef,2026-03-20 19:41:28,00202507001060,Off Grid,00073.08,00012.29,225.1,50.0,0.0,0.0,0,0,0.0,0,0,0,225.1,50.0,3263,3155,29,230.0,47.8,48.0,230.0,47.8,50.0,11000,11000,48.0,57.6,57.6,Pylon,2.0,70.0,Appliance,Utility Solar Bat,Solar + Utility,6,53.0,355,0,0.0,Load on,0.0,Line Mode,947900,0,00202507000200,OG-001,offgrid
234ee8f1c7f86dca79e87db47f9fad8a,2026-03-20 19:46:20,00202507001060,Off Grid,00073.08,00012.29,227.9,49.9,0.0,0.0,0,0,0.0,0,0,0,227.9,49.9,3210,3079,29,230.0,47.8,48.0,230.0,47.8,50.0,11000,11000,48.0,57.6,57.6,Pylon,2.0,70.0,Appliance,Utility Solar Bat,Solar + Utility,6,53.0,358,0,0.0,Load on,0.0,Line Mode,947900,0,00202507000200,OG-001,offgrid
74695e2e6f7312de5381ee6d25752fc8,2026-03-20 19:51:11,00202507001060,Off Grid,00073.08,00012.29,230.2,49.9,72.1,0.0,0,0,0.0,0,0,0,230.2,49.9,3176,3116,28,230.0,47.8,48.0,230.0,47.8,50.0,11000,11000,48.0,57.6,57.6,Pylon,2.0,70.0,Appliance,Utility Solar Bat,Solar + Utility,6,53.0,361,0,0.0,Load on,0.0,Line Mode,947900,0,00202507000200,OG-001,offgrid
265989330e735f46074ed1599deaac9b,2026-03-20 19:56:06,00202507001060,Off Grid,00073.08,00012.29,229.7,50.0,68.7,0.0,0,0,0.0,0,0,0,229.7,50.0,3230,3164,29,230.0,47.8,48.0,230.0,47.8,50.0,11000,11000,48.0,57.6,57.6,Pylon,2.0,70.0,Appliance,Utility Solar Bat,Solar + Utility,6,53.0,361,0,0.0,Load on,0.0,Line Mode,947900,0,00202507000200,OG-001,offgrid
14d7b0ac03211039096ea5005413eb6b,2026-03-20 20:05:52,00202507001060,Off Grid,00073.08,00012.29,229.8,50.0,0.0,62.1,0,0,0.0,0,0,0,229.8,50.0,3194,3158,29,230.0,47.8,48.0,230.0,47.8,50.0,11000,11000,48.0,57.6,57.6,Pylon,2.0,70.0,Appliance,Utility Solar Bat,Solar + Utility,6,53.0,361,0,0.0,Load on,0.0,Line Mode,947900,0,00202507000200,OG-001,offgrid
444d85a52d6dd99066a537f13f2b2eac,2026-03-20 20:15:35,00202507001060,Off Grid,00073.08,00012.29,228.7,50.1,64.7,67.9,0,0,0.0,0,0,0,228.7,50.1,3247,3196,29,230.0,47.8,48.0,230.0,47.8,50.0,11000,11000,48.0,57.6,57.6,Pylon,2.0,70.0,Appliance,Utility Solar Bat,Solar + Utility,6,53.0,360,0,0.0,Load on,0.0,Line Mode,947900,0,00202507000200,OG-001,offgrid
4680865f3f9aca1967d09302c90322eb,2026-03-20 20:25:20,00202507001060,Off Grid,00073.08,00012.29,227.6,50.0,65.9,0.0,0,0,0.0,0,0,0,227.6,50.0,3729,3709,33,230.0,47.8,48.0,230.0,47.8,50.0,11000,11000,48.0,57.6,57.6,Pylon,2.0,70.0,Appliance,Utility Solar Bat,Solar + Utility,6,53.0,358,0,0.0,Load on,0.0,Line Mode,947900,0,00202507000200,OG-001,offgrid
3c1e42f8bfb9ec8746434cebfa43face,2026-03-20 20:30:13,00202507001060,Off Grid,00073.08,00012.29,231.5,50.1,64.4,66.8,0,0,0.0,0,0,0,231.5,50.1,3232,3178,29,230.0,47.8,48.0,230.0,47.8,50.0,11000,11000,48.0,57.6,57.6,Pylon,2.0,70.0,Appliance,Utility Solar Bat,Solar + Utility,6,53.0,363,0,0.0,Load on,0.0,Line Mode,947900,0,00202507000200,OG-001,offgrid
2050b646d6ad7a8a0cb397acc9fd7a38,2026-03-20 20:35:04,00202507001060,Off Grid,00073.08,00012.29,231.3,50.1,0.0,62.6,0,0,0.0,0,0,0,231.3,50.1,3219,3122,29,230.0,47.8,48.0,230.0,47.8,50.0,11000,11000,48.0,57.6,57.6,Pylon,2.0,70.0,Appliance,Utility Solar Bat,Solar + Utility,6,53.0,363,0,0.0,Load on,0.0,Line Mode,947900,0,00202507000200,OG-001,offgrid
368ac8d5135cf2c32a9203f9762137d0,2026-03-20 20:39:57,00202507001060,Off Grid,00073.08,00012.29,230.7,49.9,64.4,66.9,0,0,0.0,0,0,0,230.7,49.9,3231,3152,29,230.0,47.8,48.0,230.0,47.8,50.0,11000,11000,48.0,57.6,57.6,Pylon,2.0,70.0,Appliance,Utility Solar Bat,Solar + Utility,6,53.0,363,0,0.0,Load on,0.0,Line Mode,947900,0,00202507000200,OG-001,offgrid
49329ff67c72c2b50c4718bd7f653a52,2026-03-20 20:44:50,00202507001060,Off Grid,00073.08,00012.29,228.5,50.0,66.0,0.0,0,0,0.0,0,0,0,228.5,50.0,3231,3181,29,230.0,47.8,48.0,230.0,47.8,50.0,11000,11000,48.0,57.6,57.6,Pylon,2.0,70.0,Appliance,Utility Solar Bat,Solar + Utility,6,53.0,359,0,0.0,Load on,0.0,Line Mode,947900,0,00202507000200,OG-001,offgrid
3cf64249e7c4b1557a290926ec35900e,2026-03-20 20:49:42,00202507001060,Off Grid,00073.08,00012.29,229.3,50.0,64.7,65.9,0,0,0.0,0,0,0,229.3,50.0,3187,3133,28,230.0,47.8,48.0,230.0,47.8,50.0,11000,11000,48.0,57.6,57.6,Pylon,2.0,70.0,Appliance,Utility Solar Bat,Solar + Utility,6,53.0,361,0,0.0,Load on,0.0,Line Mode,947900,0,00202507000200,OG-001,offgrid
67a65933659367b51ca94da728dd53f3,2026-03-20 20:54:33,00202507001060,Off Grid,00073.08,00012.29,231.1,50.2,63.8,65.4,0,0,0.0,0,0,0,231.1,50.2,3180,3135,28,230.0,47.8,48.0,230.0,47.8,50.0,11000,11000,48.0,57.6,57.6,Pylon,2.0,70.0,Appliance,Utility Solar Bat,Solar + Utility,6,53.0,363,0,0.0,Load on,0.0,Line Mode,947900,0,00202507000200,OG-001,offgrid
11ccce79db49d86d154346b02c537174,2026-03-20 20:59:26,00202507001060,Off Grid,00073.08,00012.29,231.5,49.9,62.2,64.0,0,0,0.0,0,0,0,231.5,49.9,3148,3139,28,230.0,47.8,48.0,230.0,47.8,50.0,11000,11000,48.0,57.6,57.6,Pylon,2.0,70.0,Appliance,Utility Solar Bat,Solar + Utility,6,53.0,364,0,0.0,Load on,0.0,Line Mode,947900,0,00202507000200,OG-001,offgrid
35e3bb0a89efb96300337bd00a5a1617,2026-03-20 21:04:19,00202507001060,Off Grid,00073.08,00012.29,228.4,50.0,0.0,60.9,0,0,0.0,0,0,0,228.4,50.0,3632,3632,33,230.0,47.8,48.0,230.0,47.8,50.0,11000,11000,48.0,57.6,57.6,Pylon,2.0,70.0,Appliance,Utility Solar Bat,Solar + Utility,6,53.0,359,0,0.0,Load on,0.0,Line Mode,947900,0,00202507000200,OG-001,offgrid
3f2fec5ddc405a05509bb041888dfa17,2026-03-20 21:09:11,00202507001060,Off Grid,00073.08,00012.29,224.1,50.0,0.0,0.0,0,0,0.0,0,0,0,224.1,50.0,4530,4530,41,230.0,47.8,48.0,230.0,47.8,50.0,11000,11000,48.0,57.6,57.6,Pylon,2.0,70.0,Appliance,Utility Solar Bat,Solar + Utility,6,53.0,353,0,0.0,Load on,0.0,Line Mode,947900,0,00202507000200,OG-001,offgrid
598e5464f8173d203f2b10ec36508431,2026-03-20 21:14:04,00202507001060,Off Grid,00073.08,00012.29,232.8,50.0,0.0,0.0,0,0,0.0,0,0,0,232.8,50.0,3170,3156,28,230.0,47.8,48.0,230.0,47.8,50.0,11000,11000,48.0,57.6,57.6,Pylon,2.0,70.0,Appliance,Utility Solar Bat,Solar + Utility,6,53.0,365,0,0.0,Load on,0.0,Line Mode,947900,0,00202507000200,OG-001,offgrid
508982e16b010c0a7b7c3de01a73e1a9,2026-03-20 21:18:58,00202507001060,Off Grid,00073.08,00012.29,230.5,50.0,0.0,0.0,0,0,0.0,0,0,0,230.5,50.0,3180,3118,28,230.0,47.8,48.0,230.0,47.8,50.0,11000,11000,48.0,57.6,57.6,Pylon,2.0,70.0,Appliance,Utility Solar Bat,Solar + Utility,6,53.0,362,0,0.0,Load on,0.0,Line Mode,947900,0,00202507000200,OG-001,offgrid
5d9ee76387adfb4a34e4a2e8fef4431e,2026-03-20 21:23:51,00202507001060,Off Grid,00073.08,00012.29,231.1,50.0,0.0,0.0,0,0,0.0,0,0,0,231.1,50.0,3160,3104,28,230.0,47.8,48.0,230.0,47.8,50.0,11000,11000,48.0,57.6,57.6,Pylon,2.0,70.0,Appliance,Utility Solar Bat,Solar + Utility,6,53.0,364,0,0.0,Load on,0.0,Line Mode,947900,0,00202507000200,OG-001,offgrid
7bd82c435db90f6104b2daa6b23984de,2026-03-20 21:28:43,00202507001060,Off Grid,00073.08,00012.29,232.4,50.0,0.0,0.0,0,0,0.0,0,0,0,232.4,50.0,3181,3112,28,230.0,47.8,48.0,230.0,47.8,50.0,11000,11000,48.0,57.6,57.6,Pylon,2.0,70.0,Appliance,Utility Solar Bat,Solar + Utility,6,53.0,365,0,0.0,Load on,0.0,Line Mode,947900,0,00202507000200,OG-001,offgrid
6526c9bd5e07e7cb78a1003497bb4608,2026-03-20 21:33:37,00202507001060,Off Grid,00073.08,00012.29,233.0,50.0,65.7,0.0,0,0,0.0,0,0,0,233.0,50.0,3168,3072,28,230.0,47.8,48.0,230.0,47.8,50.0,11000,11000,48.0,57.6,57.6,Pylon,2.0,70.0,Appliance,Utility Solar Bat,Solar + Utility,6,53.0,366,0,0.0,Load on,0.0,Line Mode,947900,0,00202507000200,OG-001,offgrid
72717c6504ae372052a084b65e34441c,2026-03-20 21:38:29,00202507001060,Off Grid,00073.08,00012.29,229.5,50.0,0.0,0.0,0,0,0.0,0,0,0,229.5,50.0,3179,3138,28,230.0,47.8,48.0,230.0,47.8,50.0,11000,11000,48.0,57.6,57.6,Pylon,2.0,70.0,Appliance,Utility Solar Bat,Solar + Utility,6,53.0,361,0,0.0,Load on,0.0,Line Mode,947900,0,00202507000200,OG-001,offgrid
06c646870db3b2b2082d9ed6955a5357,2026-03-20 21:43:22,00202507001060,Off Grid,00073.08,00012.29,230.6,49.9,0.0,64.6,0,0,0.0,0,0,0,230.6,49.9,3185,3143,28,230.0,47.8,48.0,230.0,47.8,50.0,11000,11000,48.0,57.6,57.6,Pylon,2.0,70.0,Appliance,Utility Solar Bat,Solar + Utility,6,53.0,362,0,0.0,Load on,0.0,Line Mode,947900,0,00202507000200,OG-001,offgrid
5fc0a1c661f44fa6653a6dd4e05028e6,2026-03-20 21:48:14,00202507001060,Off Grid,00073.08,00012.29,229.7,49.9,65.9,68.1,0,0,0.0,0,0,0,229.7,49.9,3215,3168,29,230.0,47.8,48.0,230.0,47.8,50.0,11000,11000,48.0,57.6,57.6,Pylon,2.0,70.0,Appliance,Utility Solar Bat,Solar + Utility,6,53.0,361,0,0.0,Load on,0.0,Line Mode,947900,0,00202507000200,OG-001,offgrid
349cfe0a6ac281317e4ffb60b1f1ae46,2026-03-20 21:53:05,00202507001060,Off Grid,00073.08,00012.29,228.4,49.9,0.0,63.1,0,0,0.0,0,0,0,228.4,49.9,3268,3118,29,230.0,47.8,48.0,230.0,47.8,50.0,11000,11000,48.0,57.6,57.6,Pylon,2.0,70.0,Appliance,Utility Solar Bat,Solar + Utility,6,53.0,360,0,0.0,Load on,0.0,Line Mode,947900,0,00202507000200,OG-001,offgrid
5155edd23274e6a67d3ae818a66cb120,2026-03-20 21:57:58,00202507001060,Off Grid,00073.08,00012.29,228.4,50.0,60.1,61.8,0,0,0.0,0,0,0,228.4,50.0,3220,3140,29,230.0,47.8,48.0,230.0,47.8,50.0,11000,11000,48.0,57.6,57.6,Pylon,2.0,70.0,Appliance,Utility Solar Bat,Solar + Utility,6,53.0,359,0,0.0,Load on,0.0,Line Mode,947900,0,00202507000200,OG-001,offgrid
1384567abcb209d730723500dad54ee5,2026-03-20 22:02:50,00202507001060,Off Grid,00073.08,00012.29,229.9,50.0,0.0,60.7,0,0,0.0,0,0,0,229.9,50.0,3205,3205,29,230.0,47.8,48.0,230.0,47.8,50.0,11000,11000,48.0,57.6,57.6,Pylon,2.0,70.0,Appliance,Utility Solar Bat,Solar + Utility,6,53.0,361,0,0.0,Load on,0.0,Line Mode,947900,0,00202507000200,OG-001,offgrid
110019bdfc9d758d7118da181e174513,2026-03-20 22:07:43,00202507001060,Off Grid,00073.08,00012.29,229.6,50.0,0.0,0.0,0,0,0.0,0,0,0,229.6,50.0,3152,3095,28,230.0,47.8,48.0,230.0,47.8,50.0,11000,11000,48.0,57.6,57.6,Pylon,2.0,70.0,Appliance,Utility Solar Bat,Solar + Utility,6,53.0,360,0,0.0,Load on,0.0,Line Mode,947900,0,00202507000200,OG-001,offgrid
598d2a0af9c781567a404b672f3edcbd,2026-03-20 22:12:35,00202507001060,Off Grid,00073.08,00012.29,229.2,50.0,0.0,0.0,0,0,0.0,0,0,0,229.2,50.0,3190,3155,29,230.0,47.8,48.0,230.0,47.8,50.0,11000,11000,48.0,57.6,57.6,Pylon,2.0,70.0,Appliance,Utility Solar Bat,Solar + Utility,6,53.0,360,0,0.0,Load on,0.0,Line Mode,947900,0,00202507000200,OG-001,offgrid
74207dec0f9908bb707cd31cae8fc156,2026-03-20 22:17:27,00202507001060,Off Grid,00073.08,00012.29,228.7,50.0,0.0,0.0,0,0,0.0,0,0,0,228.7,50.0,3261,3217,29,230.0,47.8,48.0,230.0,47.8,50.0,11000,11000,48.0,57.6,57.6,Pylon,2.0,70.0,Appliance,Utility Solar Bat,Solar + Utility,6,53.0,360,0,0.0,Load on,0.0,Line Mode,947900,0,00202507000200,OG-001,offgrid
674304beb5ae767b0534886d7d6f3d9d,2026-03-20 22:22:19,00202507001060,Off Grid,00073.08,00012.29,228.8,49.9,0.0,0.0,0,0,0.0,0,0,0,228.8,49.9,3111,3034,28,230.0,47.8,48.0,230.0,47.8,50.0,11000,11000,48.0,57.6,57.6,Pylon,2.0,70.0,Appliance,Utility Solar Bat,Solar + Utility,6,53.0,361,0,0.0,Load on,0.0,Line Mode,947900,0,00202507000200,OG-001,offgrid
683ffd078ea75c3f4faa4ebcdbf2fa0e,2026-03-20 22:27:11,00202507001060,Off Grid,00073.08,00012.29,227.9,49.8,0.0,0.0,0,0,0.0,0,0,0,227.9,49.8,3187,3157,28,230.0,47.8,48.0,230.0,47.8,50.0,11000,11000,48.0,57.6,57.6,Pylon,2.0,70.0,Appliance,Utility Solar Bat,Solar + Utility,6,53.0,358,0,0.0,Load on,0.0,Line Mode,947900,0,00202507000200,OG-001,offgrid
12f290c3a567e0bf42454266b2357e6d,2026-03-20 22:32:03,00202507001060,Off Grid,00073.08,00012.29,227.4,50.0,0.0,0.0,0,0,0.0,0,0,0,227.4,50.0,3729,3679,33,230.0,47.8,48.0,230.0,47.8,50.0,11000,11000,48.0,57.6,57.6,Pylon,2.0,70.0,Appliance,Utility Solar Bat,Solar + Utility,6,53.0,358,0,0.0,Load on,0.0,Line Mode,947900,0,00202507000200,OG-001,offgrid
7fdbc73dc286f3ed1b5afc40236eec39,2026-03-20 22:36:55,00202507001060,Off Grid,00073.08,00012.29,226.7,49.9,0.0,0.0,0,0,0.0,0,0,0,226.7,49.9,3724,3724,33,230.0,47.8,48.0,230.0,47.8,50.0,11000,11000,48.0,57.6,57.6,Pylon,2.0,70.0,Appliance,Utility Solar Bat,Solar + Utility,6,53.0,355,0,0.0,Load on,0.0,Line Mode,947900,0,00202507000200,OG-001,offgrid
59d0aca71df4f20a7092740850a7199b,2026-03-20 22:41:48,00202507001060,Off Grid,00073.08,00012.29,222.1,50.0,0.0,0.0,0,0,0.0,0,0,0,222.1,50.0,3955,3913,35,230.0,47.8,48.0,230.0,47.8,50.0,11000,11000,48.0,57.6,57.6,Pylon,2.0,70.0,Appliance,Utility Solar Bat,Solar + Utility,6,53.0,350,0,0.0,Load on,0.0,Line Mode,947900,0,00202507000200,OG-001,offgrid
277b57bf0d1166c10d8c2b5d1dd36d0c,2026-03-20 22:46:41,00202507001060,Off Grid,00073.08,00012.29,219.3,50.0,0.0,0.0,0,0,0.0,0,0,0,219.3,50.0,4202,4201,38,230.0,47.8,48.0,230.0,47.8,50.0,11000,11000,48.0,57.6,57.6,Pylon,2.0,70.0,Appliance,Utility Solar Bat,Solar + Utility,6,53.0,350,0,0.0,Load on,0.0,Line Mode,947900,0,00202507000200,OG-001,offgrid
421220a1e7e064ca2d1248a54e2f13ea,2026-03-20 22:51:34,00202507001060,Off Grid,00073.08,00012.29,228.5,50.0,0.0,0.0,0,0,0.0,0,0,0,228.5,50.0,3267,3186,29,230.0,47.8,48.0,230.0,47.8,50.0,11000,11000,48.0,57.6,57.6,Pylon,2.0,70.0,Appliance,Utility Solar Bat,Solar + Utility,6,53.0,359,0,0.0,Load on,0.0,Line Mode,947900,0,00202507000200,OG-001,offgrid
60ded1607465911741af2b261d90ac07,2026-03-20 22:56:27,00202507001060,Off Grid,00073.08,00012.29,220.1,49.9,0.0,0.0,0,0,0.0,0,0,0,220.1,49.9,4481,4463,40,230.0,47.8,48.0,230.0,47.8,50.0,11000,11000,48.0,57.6,57.6,Pylon,2.0,70.0,Appliance,Utility Solar Bat,Solar + Utility,6,53.0,350,0,0.0,Load on,0.0,Line Mode,947900,0,00202507000200,OG-001,offgrid
57c97eff56f2e6c06aaee071d3f56de5,2026-03-20 23:01:20,00202507001060,Off Grid,00073.08,00012.29,228.8,49.9,0.0,0.0,0,0,0.0,0,0,0,228.8,49.9,3271,3235,29,230.0,47.8,48.0,230.0,47.8,50.0,11000,11000,48.0,57.6,57.6,Pylon,2.0,70.0,Appliance,Utility Solar Bat,Solar + Utility,6,53.0,359,0,0.0,Load on,0.0,Line Mode,947900,0,00202507000200,OG-001,offgrid
2fb2a55656ea859a1e98f4122dfbc502,2026-03-20 23:06:11,00202507001060,Off Grid,00073.08,00012.29,228.9,49.9,0.0,0.0,0,0,0.0,0,0,0,228.9,49.9,3240,3198,29,230.0,47.8,48.0,230.0,47.8,50.0,11000,11000,48.0,57.6,57.6,Pylon,2.0,70.0,Appliance,Utility Solar Bat,Solar + Utility,6,53.0,360,0,0.0,Load on,0.0,Line Mode,947900,0,00202507000200,OG-001,offgrid
3f1b5c6b9816316e7ef5be58b4c5a9a4,2026-03-20 23:11:03,00202507001060,Off Grid,00073.08,00012.29,227.7,50.0,0.0,0.0,0,0,0.0,0,0,0,227.7,50.0,3233,3213,29,230.0,47.8,48.0,230.0,47.8,50.0,11000,11000,48.0,57.6,57.6,Pylon,2.0,70.0,Appliance,Utility Solar Bat,Solar + Utility,6,53.0,358,0,0.0,Load on,0.0,Line Mode,947900,0,00202507000200,OG-001,offgrid
6d8c45f02f65c19355569acbca101df3,2026-03-20 23:20:49,00202507001060,Off Grid,00073.08,00012.29,228.7,49.9,0.0,0.0,0,0,0.0,0,0,0,228.7,49.9,3224,3193,29,230.0,47.8,48.0,230.0,47.8,50.0,11000,11000,48.0,57.6,57.6,Pylon,2.0,70.0,Appliance,Utility Solar Bat,Solar + Utility,6,53.0,359,0,0.0,Load on,0.0,Line Mode,947900,0,00202507000200,OG-001,offgrid
09ec8113c3b5afcc14c3f8193e54fee8,2026-03-20 23:25:39,00202507001060,Off Grid,00073.08,00012.29,224.3,49.9,0.0,0.0,0,0,0.0,0,0,0,224.3,49.9,3645,3625,33,230.0,47.8,48.0,230.0,47.8,50.0,11000,11000,48.0,57.6,57.6,Pylon,2.0,70.0,Appliance,Utility Solar Bat,Solar + Utility,6,53.0,354,0,0.0,Load on,0.0,Line Mode,947900,0,00202507000200,OG-001,offgrid
41909b2e7405389a427c4e3b452e9667,2026-03-20 23:30:32,00202507001060,Off Grid,00073.08,00012.29,228.6,49.8,0.0,0.0,0,0,0.0,0,0,0,228.6,49.8,3220,3145,29,230.0,47.8,48.0,230.0,47.8,50.0,11000,11000,48.0,57.6,57.6,Pylon,2.0,70.0,Appliance,Utility Solar Bat,Solar + Utility,6,53.0,359,0,0.0,Load on,0.0,Line Mode,947900,0,00202507000200,OG-001,offgrid
44efead1c0b6665a57ca7f42204b2c2c,2026-03-20 23:35:25,00202507001060,Off Grid,00073.08,00012.29,227.2,49.9,0.0,60.1,0,0,0.0,0,0,0,227.2,49.9,3180,3121,28,230.0,47.8,48.0,230.0,47.8,50.0,11000,11000,48.0,57.6,57.6,Pylon,2.0,70.0,Appliance,Utility Solar Bat,Solar + Utility,6,53.0,358,0,0.0,Load on,0.0,Line Mode,947900,0,00202507000200,OG-001,offgrid
3078411ce0a2c3102784d6edaec90055,2026-03-20 23:40:19,00202507001060,Off Grid,00073.08,00012.29,228.4,49.8,66.5,0.0,0,0,0.0,0,0,0,228.4,49.8,3197,3152,29,230.0,47.8,48.0,230.0,47.8,50.0,11000,11000,48.0,57.6,57.6,Pylon,2.0,70.0,Appliance,Utility Solar Bat,Solar + Utility,6,53.0,359,0,0.0,Load on,0.0,Line Mode,947900,0,00202507000200,OG-001,offgrid
1bb0ea664351c0e85fba3c5d24a5293c,2026-03-20 23:45:13,00202507001060,Off Grid,00073.08,00012.29,230.0,49.8,61.3,62.6,0,0,0.0,0,0,0,230.0,49.8,3243,3196,29,230.0,47.8,48.0,230.0,47.8,50.0,11000,11000,48.0,57.6,57.6,Pylon,2.0,70.0,Appliance,Utility Solar Bat,Solar + Utility,6,53.0,361,0,0.0,Load on,0.0,Line Mode,947900,0,00202507000200,OG-001,offgrid
4d9c9eb9d6a9229c28efbfb5c9ed8047,2026-03-20 23:54:54,00202507001060,Off Grid,00073.08,00012.29,231.0,50.0,0.0,0.0,0,0,0.0,0,0,0,231.0,50.0,3257,3203,29,230.0,47.8,48.0,230.0,47.8,50.0,11000,11000,48.0,57.6,57.6,Pylon,2.0,70.0,Appliance,Utility Solar Bat,Solar + Utility,6,53.0,363,0,0.0,Load on,0.0,Line Mode,947900,0,00202507000200,OG-001,offgrid
61fa71130f7c027e598203207d52d00c,2026-03-21 00:04:40,00202507001060,Off Grid,00073.08,00012.29,226.1,50.1,0.0,0.0,0,0,0.0,0,0,0,226.1,50.1,4499,4461,40,230.0,47.8,48.0,230.0,47.8,50.0,11000,11000,48.0,57.6,57.6,Pylon,2.0,70.0,Appliance,Utility Solar Bat,Solar + Utility,6,53.0,356,0,0.0,Load on,0.0,Line Mode,947900,0,00202507000200,OG-001,offgrid
59e3000fd3f36dd219bcdeae1af539d1,2026-03-21 00:09:33,00202507001060,Off Grid,00073.08,00012.29,233.1,50.0,0.0,0.0,0,0,0.0,0,0,0,233.1,50.0,3131,3060,28,230.0,47.8,48.0,230.0,47.8,50.0,11000,11000,48.0,57.6,57.6,Pylon,2.0,70.0,Appliance,Utility Solar Bat,Solar + Utility,6,53.0,366,0,0.0,Load on,0.0,Line Mode,947900,0,00202507000200,OG-001,offgrid
674279799f905f1b7095e7a0d7418db6,2026-03-21 00:14:26,00202507001060,Off Grid,00073.08,00012.29,231.6,49.9,0.0,0.0,0,0,0.0,0,0,0,231.6,49.9,3246,3190,29,230.0,47.8,48.0,230.0,47.8,50.0,11000,11000,48.0,57.6,57.6,Pylon,2.0,70.0,Appliance,Utility Solar Bat,Solar + Utility,6,53.0,364,0,0.0,Load on,0.0,Line Mode,947900,0,00202507000200,OG-001,offgrid
62fc5f26027d40a91f2bb21cf310297f,2026-03-21 00:19:17,00202507001060,Off Grid,00073.08,00012.29,232.4,49.9,0.0,0.0,0,0,0.0,0,0,0,232.4,49.9,3300,3230,30,230.0,47.8,48.0,230.0,47.8,50.0,11000,11000,48.0,57.6,57.6,Pylon,2.0,70.0,Appliance,Utility Solar Bat,Solar + Utility,6,53.0,364,0,0.0,Load on,0.0,Line Mode,947900,0,00202507000200,OG-001,offgrid
6f6e9cb1e36bb9070d1bbad18a237cbe,2026-03-21 00:24:14,00202507001060,Off Grid,00073.08,00012.29,233.0,49.9,0.0,0.0,0,0,0.0,0,0,0,233.0,49.9,3201,3151,29,230.0,47.8,48.0,230.0,47.8,50.0,11000,11000,48.0,57.6,57.6,Pylon,2.0,70.0,Appliance,Utility Solar Bat,Solar + Utility,6,53.0,366,0,0.0,Load on,0.0,Line Mode,947900,0,00202507000200,OG-001,offgrid
4332e95f292efb5f09174b441d2160b6,2026-03-21 00:33:59,00202507001060,Off Grid,00073.08,00012.29,232.4,49.8,0.0,0.0,0,0,0.0,0,0,0,232.4,49.8,3244,3082,29,230.0,47.8,48.0,230.0,47.8,50.0,11000,11000,48.0,57.6,57.6,Pylon,2.0,70.0,Appliance,Utility Solar Bat,Solar + Utility,6,53.0,366,0,0.0,Load on,0.0,Line Mode,947900,0,00202507000200,OG-001,offgrid
04b9d4a6d6f8a5112ef32c6750166274,2026-03-21 00:38:51,00202507001060,Off Grid,00073.08,00012.29,233.5,49.9,0.0,0.0,0,0,0.0,0,0,0,233.5,49.9,3098,3061,28,230.0,47.8,48.0,230.0,47.8,50.0,11000,11000,48.0,57.6,57.6,Pylon,2.0,70.0,Appliance,Utility Solar Bat,Solar + Utility,6,53.0,366,0,0.0,Load on,0.0,Line Mode,947900,0,00202507000200,OG-001,offgrid
53d940f258fda1081c0d80469daf1ab3,2026-03-21 00:43:44,00202507001060,Off Grid,00073.08,00012.29,234.7,49.9,0.0,0.0,0,0,0.0,0,0,0,234.7,49.9,3135,3024,28,230.0,47.8,48.0,230.0,47.8,50.0,11000,11000,48.0,57.6,57.6,Pylon,2.0,70.0,Appliance,Utility Solar Bat,Solar + Utility,6,53.0,368,0,0.0,Load on,0.0,Line Mode,947900,0,00202507000200,OG-001,offgrid
22265e9195007021064d437e5995fa7e,2026-03-21 00:48:36,00202507001060,Off Grid,00073.08,00012.29,235.4,50.0,0.0,0.0,0,0,0.0,0,0,0,235.4,50.0,3032,2996,27,230.0,47.8,48.0,230.0,47.8,50.0,11000,11000,48.0,57.6,57.6,Pylon,2.0,70.0,Appliance,Utility Solar Bat,Solar + Utility,6,53.0,369,0,0.0,Load on,0.0,Line Mode,947900,0,00202507000200,OG-001,offgrid
541c449be1b6730f4c3afd76c8413709,2026-03-21 00:53:28,00202507001060,Off Grid,00073.08,00012.29,234.9,50.0,0.0,0.0,0,0,0.0,0,0,0,234.9,50.0,3102,3054,28,230.0,47.8,48.0,230.0,47.8,50.0,11000,11000,48.0,57.6,57.6,Pylon,2.0,70.0,Appliance,Utility Solar Bat,Solar + Utility,6,53.0,369,0,0.0,Load on,0.0,Line Mode,947900,0,00202507000200,OG-001,offgrid
11c47b5ae5d79dac6550d3ce4ae81422,2026-03-21 00:58:19,00202507001060,Off Grid,00073.08,00012.29,234.0,49.9,0.0,0.0,0,0,0.0,0,0,0,234.0,49.9,3135,3080,28,230.0,47.8,48.0,230.0,47.8,50.0,11000,11000,48.0,57.6,57.6,Pylon,2.0,70.0,Appliance,Utility Solar Bat,Solar + Utility,6,53.0,367,0,0.0,Load on,0.0,Line Mode,947900,0,00202507000200,OG-001,offgrid
46bf6f721a35a29504a2b1dea50f914e,2026-03-21 01:08:05,00202507001060,Off Grid,00073.08,00012.29,233.7,49.9,0.0,0.0,0,0,0.0,0,0,0,233.7,49.9,3225,3179,29,230.0,47.8,48.0,230.0,47.8,50.0,11000,11000,48.0,57.6,57.6,Pylon,2.0,70.0,Appliance,Utility Solar Bat,Solar + Utility,6,53.0,367,0,0.0,Load on,0.0,Line Mode,947900,0,00202507000200,OG-001,offgrid
5b1e864f21fabc4a527dcb91c2574e4f,2026-03-21 01:12:59,00202507001060,Off Grid,00073.08,00012.29,235.2,49.8,0.0,0.0,0,0,0.0,0,0,0,235.2,49.8,3151,3088,28,230.0,47.8,48.0,230.0,47.8,50.0,11000,11000,48.0,57.6,57.6,Pylon,2.0,70.0,Appliance,Utility Solar Bat,Solar + Utility,6,53.0,369,0,0.0,Load on,0.0,Line Mode,947900,0,00202507000200,OG-001,offgrid
4c84d9943d85f2f71dbbd83f7cbc9771,2026-03-21 01:22:44,00202507001060,Off Grid,00073.08,00012.29,234.7,50.0,0.0,0.0,0,0,0.0,0,0,0,234.7,50.0,3121,3027,28,230.0,47.8,48.0,230.0,47.8,50.0,11000,11000,48.0,57.6,57.6,Pylon,2.0,70.0,Appliance,Utility Solar Bat,Solar + Utility,6,53.0,368,0,0.0,Load on,0.0,Line Mode,947900,0,00202507000200,OG-001,offgrid
0d5ef0ed35762754377a654ae2e2b7f0,2026-03-21 01:27:36,00202507001060,Off Grid,00073.08,00012.29,227.6,49.9,0.0,0.0,0,0,0.0,0,0,0,227.6,49.9,3647,3647,33,230.0,47.8,48.0,230.0,47.8,50.0,11000,11000,48.0,57.6,57.6,Pylon,2.0,70.0,Appliance,Utility Solar Bat,Solar + Utility,6,53.0,358,0,0.0,Load on,0.0,Line Mode,947900,0,00202507000200,OG-001,offgrid
2ed17ad33ab68e1c0168ffeda2240d79,2026-03-21 01:32:28,00202507001060,Off Grid,00073.08,00012.29,220.8,49.9,0.0,0.0,0,0,0.0,0,0,0,220.8,49.9,4923,4891,44,230.0,47.8,48.0,230.0,47.8,50.0,11000,11000,48.0,57.6,57.6,Pylon,2.0,70.0,Appliance,Utility Solar Bat,Solar + Utility,6,53.0,350,0,0.0,Load on,0.0,Line Mode,947900,0,00202507000200,OG-001,offgrid
4dc6c2a9119202407085973245844727,2026-03-21 01:37:19,00202507001060,Off Grid,00073.08,00012.29,227.5,49.8,0.0,0.0,0,0,0.0,0,0,0,227.5,49.8,3588,3569,32,230.0,47.8,48.0,230.0,47.8,50.0,11000,11000,48.0,57.6,57.6,Pylon,2.0,70.0,Appliance,Utility Solar Bat,Solar + Utility,6,53.0,358,0,0.0,Load on,0.0,Line Mode,947900,0,00202507000200,OG-001,offgrid
288baf83116171f40e7e7d121529264d,2026-03-21 01:42:10,00202507001060,Off Grid,00073.08,00012.29,228.1,49.9,0.0,0.0,0,0,0.0,0,0,0,228.1,49.9,3613,3570,32,230.0,47.8,48.0,230.0,47.8,50.0,11000,11000,48.0,57.6,57.6,Pylon,2.0,70.0,Appliance,Utility Solar Bat,Solar + Utility,6,53.0,358,0,0.0,Load on,0.0,Line Mode,947900,0,00202507000200,OG-001,offgrid
62195756aa1e56b63c41b8c937f50cdb,2026-03-21 01:47:04,00202507001060,Off Grid,00073.08,00012.29,229.2,50.0,0.0,0.0,0,0,0.0,0,0,0,229.2,50.0,3575,3537,32,230.0,47.8,48.0,230.0,47.8,50.0,11000,11000,48.0,57.6,57.6,Pylon,2.0,70.0,Appliance,Utility Solar Bat,Solar + Utility,6,53.0,360,0,0.0,Load on,0.0,Line Mode,947900,0,00202507000200,OG-001,offgrid
494f996f7ef75412216af03b7ebc540b,2026-03-21 01:51:57,00202507001060,Off Grid,00073.08,00012.29,229.7,50.0,0.0,0.0,0,0,0.0,0,0,0,229.7,50.0,3583,3531,32,230.0,47.8,48.0,230.0,47.8,50.0,11000,11000,48.0,57.6,57.6,Pylon,2.0,70.0,Appliance,Utility Solar Bat,Solar + Utility,6,53.0,360,0,0.0,Load on,0.0,Line Mode,947900,0,00202507000200,OG-001,offgrid
2167486993073d2e02a08706af00c41f,2026-03-21 01:56:51,00202507001060,Off Grid,00073.08,00012.29,230.9,50.0,0.0,0.0,0,0,0.0,0,0,0,230.9,50.0,3606,3606,32,230.0,47.8,48.0,230.0,47.8,50.0,11000,11000,48.0,57.6,57.6,Pylon,2.0,70.0,Appliance,Utility Solar Bat,Solar + Utility,6,53.0,362,0,0.0,Load on,0.0,Line Mode,947900,0,00202507000200,OG-001,offgrid
5317f86381bb4245452889fd235ef3e4,2026-03-21 02:01:44,00202507001060,Off Grid,00073.08,00012.29,230.6,49.9,0.0,0.0,0,0,0.0,0,0,0,230.6,49.9,3643,3606,33,230.0,47.8,48.0,230.0,47.8,50.0,11000,11000,48.0,57.6,57.6,Pylon,2.0,70.0,Appliance,Utility Solar Bat,Solar + Utility,6,53.0,362,0,0.0,Load on,0.0,Line Mode,947900,0,00202507000200,OG-001,offgrid
45ebbed8dee63ed95c39889e056248ee,2026-03-21 02:06:38,00202507001060,Off Grid,00073.08,00012.29,229.6,50.0,0.0,0.0,0,0,0.0,0,0,0,229.6,50.0,3711,3682,33,230.0,47.8,48.0,230.0,47.8,50.0,11000,11000,48.0,57.6,57.6,Pylon,2.0,70.0,Appliance,Utility Solar Bat,Solar + Utility,6,53.0,361,0,0.0,Load on,0.0,Line Mode,947900,0,00202507000200,OG-001,offgrid
7f4b27f58de0f2a17baaab84644d4eb8,2026-03-21 02:11:30,00202507001060,Off Grid,00073.08,00012.29,230.0,49.9,0.0,0.0,0,0,0.0,0,0,0,230.0,49.9,3657,3642,33,230.0,47.8,48.0,230.0,47.8,50.0,11000,11000,48.0,57.6,57.6,Pylon,2.0,70.0,Appliance,Utility Solar Bat,Solar + Utility,6,53.0,361,0,0.0,Load on,0.0,Line Mode,947900,0,00202507000200,OG-001,offgrid
4a073562c6ad590906afdbdb04ca02fd,2026-03-21 02:16:21,00202507001060,Off Grid,00073.08,00012.29,229.9,50.0,0.0,0.0,0,0,0.0,0,0,0,229.9,50.0,3654,3654,33,230.0,47.8,48.0,230.0,47.8,50.0,11000,11000,48.0,57.6,57.6,Pylon,2.0,70.0,Appliance,Utility Solar Bat,Solar + Utility,6,53.0,361,0,0.0,Load on,0.0,Line Mode,947900,0,00202507000200,OG-001,offgrid
3e19a539dccfae146d9691894ab4d92e,2026-03-21 02:21:12,00202507001060,Off Grid,00073.08,00012.29,233.4,50.0,0.0,0.0,0,0,0.0,0,0,0,233.4,50.0,3153,3107,28,230.0,47.8,48.0,230.0,47.8,50.0,11000,11000,48.0,57.6,57.6,Pylon,2.0,70.0,Appliance,Utility Solar Bat,Solar + Utility,6,53.0,367,0,0.0,Load on,0.0,Line Mode,947900,0,00202507000200,OG-001,offgrid
576da0804c0675d57c2443d3c0706655,2026-03-21 02:26:03,00202507001060,Off Grid,00073.08,00012.29,233.1,50.0,0.0,0.0,0,0,0.0,0,0,0,233.1,50.0,3146,3031,28,230.0,47.8,48.0,230.0,47.8,50.0,11000,11000,48.0,57.6,57.6,Pylon,2.0,70.0,Appliance,Utility Solar Bat,Solar + Utility,6,53.0,365,0,0.0,Load on,0.0,Line Mode,947900,0,00202507000200,OG-001,offgrid
1cc91dce912920b871cde4c81d9dfca0,2026-03-21 02:30:57,00202507001060,Off Grid,00073.08,00012.29,233.6,50.0,0.0,0.0,0,0,0.0,0,0,0,233.6,50.0,3068,3068,27,230.0,47.8,48.0,230.0,47.8,50.0,11000,11000,48.0,57.6,57.6,Pylon,2.0,70.0,Appliance,Utility Solar Bat,Solar + Utility,6,53.0,367,0,0.0,Load on,0.0,Line Mode,947900,0,00202507000200,OG-001,offgrid
0c34fa4939b925ee3656554d47638117,2026-03-21 02:35:49,00202507001060,Off Grid,00073.08,00012.29,233.6,49.9,0.0,0.0,0,0,0.0,0,0,0,233.6,49.9,3130,3068,28,230.0,47.8,48.0,230.0,47.8,50.0,11000,11000,48.0,57.6,57.6,Pylon,2.0,70.0,Appliance,Utility Solar Bat,Solar + Utility,6,53.0,365,0,0.0,Load on,0.0,Line Mode,947900,0,00202507000200,OG-001,offgrid
64b8227597eff3b734f5bfbab0e3b3f6,2026-03-21 02:40:43,00202507001060,Off Grid,00073.08,00012.29,233.5,49.9,0.0,0.0,0,0,0.0,0,0,0,233.5,49.9,3130,3111,28,230.0,47.8,48.0,230.0,47.8,50.0,11000,11000,48.0,57.6,57.6,Pylon,2.0,70.0,Appliance,Utility Solar Bat,Solar + Utility,6,53.0,366,0,0.0,Load on,0.0,Line Mode,947900,0,00202507000200,OG-001,offgrid
7113dbe5228d43fb704732746b217179,2026-03-21 02:45:37,00202507001060,Off Grid,00073.08,00012.29,233.5,49.9,0.0,0.0,0,0,0.0,0,0,0,233.5,49.9,3078,3036,27,230.0,47.8,48.0,230.0,47.8,50.0,11000,11000,48.0,57.6,57.6,Pylon,2.0,70.0,Appliance,Utility Solar Bat,Solar + Utility,6,53.0,367,0,0.0,Load on,0.0,Line Mode,947900,0,00202507000200,OG-001,offgrid
713ae78c44dabded2f7f4b65e126d822,2026-03-21 02:50:32,00202507001060,Off Grid,00073.08,00012.29,227.4,49.9,0.0,0.0,0,0,0.0,0,0,0,227.4,49.9,4457,4426,40,230.0,47.8,48.0,230.0,47.8,50.0,11000,11000,48.0,57.6,57.6,Pylon,2.0,70.0,Appliance,Utility Solar Bat,Solar + Utility,6,53.0,358,0,0.0,Load on,0.0,Line Mode,947900,0,00202507000200,OG-001,offgrid
1b2f9448839823b559a781e1602ec788,2026-03-21 03:00:15,00202507001060,Off Grid,00073.08,00012.29,235.4,50.0,0.0,0.0,0,0,0.0,0,0,0,235.4,50.0,3130,3084,28,230.0,47.8,48.0,230.0,47.8,50.0,11000,11000,48.0,57.6,57.6,Pylon,2.0,70.0,Appliance,Utility Solar Bat,Solar + Utility,6,53.0,370,0,0.0,Load on,0.0,Line Mode,947900,0,00202507000200,OG-001,offgrid
1f23ba49e6935a8e06f495fc071e7e5e,2026-03-21 03:05:08,00202507001060,Off Grid,00073.08,00012.29,234.6,49.9,0.0,0.0,0,0,0.0,0,0,0,234.6,49.9,3092,3030,28,230.0,47.8,48.0,230.0,47.8,50.0,11000,11000,48.0,57.6,57.6,Pylon,2.0,70.0,Appliance,Utility Solar Bat,Solar + Utility,6,53.0,369,0,0.0,Load on,0.0,Line Mode,947900,0,00202507000200,OG-001,offgrid
0eaf7414af7aea675afa47982a0dbd4b,2026-03-21 03:09:59,00202507001060,Off Grid,00073.08,00012.29,235.2,49.9,0.0,0.0,0,0,0.0,0,0,0,235.2,49.9,3034,2980,27,230.0,47.8,48.0,230.0,47.8,50.0,11000,11000,48.0,57.6,57.6,Pylon,2.0,70.0,Appliance,Utility Solar Bat,Solar + Utility,6,53.0,368,0,0.0,Load on,0.0,Line Mode,947900,0,00202507000200,OG-001,offgrid
584ee9b8a19cf86128b797984e653326,2026-03-21 03:14:51,00202507001060,Off Grid,00073.08,00012.29,233.9,50.0,0.0,0.0,0,0,0.0,0,0,0,233.9,50.0,3110,3037,28,230.0,47.8,48.0,230.0,47.8,50.0,11000,11000,48.0,57.6,57.6,Pylon,2.0,70.0,Appliance,Utility Solar Bat,Solar + Utility,6,53.0,368,0,0.0,Load on,0.0,Line Mode,947900,0,00202507000200,OG-001,offgrid
3f66de056e880ac9483e834e4fbcb2bc,2026-03-21 03:19:44,00202507001060,Off Grid,00073.08,00012.29,233.3,49.9,0.0,0.0,0,0,0.0,0,0,0,233.3,49.9,3126,3083,28,230.0,47.8,48.0,230.0,47.8,50.0,11000,11000,48.0,57.6,57.6,Pylon,2.0,70.0,Appliance,Utility Solar Bat,Solar + Utility,6,53.0,367,0,0.0,Load on,0.0,Line Mode,947900,0,00202507000200,OG-001,offgrid
08eabe32d07e410a54a61286fe5e5988,2026-03-21 03:24:36,00202507001060,Off Grid,00073.08,00012.29,234.1,49.9,0.0,0.0,0,0,0.0,0,0,0,234.1,49.9,3116,3068,28,230.0,47.8,48.0,230.0,47.8,50.0,11000,11000,48.0,57.6,57.6,Pylon,2.0,70.0,Appliance,Utility Solar Bat,Solar + Utility,6,53.0,367,0,0.0,Load on,0.0,Line Mode,947900,0,00202507000200,OG-001,offgrid
3a9613e66609ca26095df5654ad49b2c,2026-03-21 03:29:27,00202507001060,Off Grid,00073.08,00012.29,234.1,49.9,0.0,0.0,0,0,0.0,0,0,0,234.1,49.9,3118,3063,28,230.0,47.8,48.0,230.0,47.8,50.0,11000,11000,48.0,57.6,57.6,Pylon,2.0,70.0,Appliance,Utility Solar Bat,Solar + Utility,6,53.0,368,0,0.0,Load on,0.0,Line Mode,947900,0,00202507000200,OG-001,offgrid
3411e69ba631f7102e5e10e2f2c38854,2026-03-21 03:34:20,00202507001060,Off Grid,00073.08,00012.29,233.4,50.0,0.0,0.0,0,0,0.0,0,0,0,233.4,50.0,3583,3569,32,230.0,47.8,48.0,230.0,47.8,50.0,11000,11000,48.0,57.6,57.6,Pylon,2.0,70.0,Appliance,Utility Solar Bat,Solar + Utility,6,53.0,366,0,0.0,Load on,0.0,Line Mode,947900,0,00202507000200,OG-001,offgrid
7eacdfbdb59bc2e43b42d50d9ffa1d3d,2026-03-21 03:39:12,00202507001060,Off Grid,00073.08,00012.29,236.0,50.0,0.0,0.0,0,0,0.0,0,0,0,236.0,50.0,3068,3007,27,230.0,47.8,48.0,230.0,47.8,50.0,11000,11000,48.0,57.6,57.6,Pylon,2.0,70.0,Appliance,Utility Solar Bat,Solar + Utility,6,53.0,370,0,0.0,Load on,0.0,Line Mode,947900,0,00202507000200,OG-001,offgrid
076aa0b52a88c2472b14cb1ba4cc45f5,2026-03-21 03:44:05,00202507001060,Off Grid,00073.08,00012.29,236.0,50.0,0.0,0.0,0,0,0.0,0,0,0,236.0,50.0,3068,2976,27,230.0,47.8,48.0,230.0,47.8,50.0,11000,11000,48.0,57.6,57.6,Pylon,2.0,70.0,Appliance,Utility Solar Bat,Solar + Utility,6,53.0,371,0,0.0,Load on,0.0,Line Mode,947900,0,00202507000200,OG-001,offgrid
450325f040237c8011365e7d242fa2d3,2026-03-21 03:48:57,00202507001060,Off Grid,00073.08,00012.29,235.3,50.0,0.0,0.0,0,0,0.0,0,0,0,235.3,50.0,3082,3032,28,230.0,47.8,48.0,230.0,47.8,50.0,11000,11000,48.0,57.6,57.6,Pylon,2.0,70.0,Appliance,Utility Solar Bat,Solar + Utility,6,53.0,369,0,0.0,Load on,0.0,Line Mode,947900,0,00202507000200,OG-001,offgrid
5b8740109477471f07dd823f73bb7e26,2026-03-21 03:53:49,00202507001060,Off Grid,00073.08,00012.29,234.5,49.9,0.0,0.0,0,0,0.0,0,0,0,234.5,49.9,3124,3090,28,230.0,47.8,48.0,230.0,47.8,50.0,11000,11000,48.0,57.6,57.6,Pylon,2.0,70.0,Appliance,Utility Solar Bat,Solar + Utility,6,53.0,369,0,0.0,Load on,0.0,Line Mode,947900,0,00202507000200,OG-001,offgrid
5a2cd2bf4c58686c724d2d8653ed6cea,2026-03-21 03:58:40,00202507001060,Off Grid,00073.08,00012.29,234.2,49.9,0.0,0.0,0,0,0.0,0,0,0,234.2,49.9,3044,3001,27,230.0,47.8,48.0,230.0,47.8,50.0,11000,11000,48.0,57.6,57.6,Pylon,2.0,70.0,Appliance,Utility Solar Bat,Solar + Utility,6,53.0,367,0,0.0,Load on,0.0,Line Mode,947900,0,00202507000200,OG-001,offgrid
05c651fa9b5543d35b7459eec7ea70e2,2026-03-21 04:03:33,00202507001060,Off Grid,00073.08,00012.29,234.1,49.8,0.0,0.0,0,0,0.0,0,0,0,234.1,49.8,3043,2987,27,230.0,47.8,48.0,230.0,47.8,50.0,11000,11000,48.0,57.6,57.6,Pylon,2.0,70.0,Appliance,Utility Solar Bat,Solar + Utility,6,53.0,367,0,0.0,Load on,0.0,Line Mode,947900,0,00202507000200,OG-001,offgrid
0c8421e24dcfd55d44ad8f3e992ae3a5,2026-03-21 04:08:25,00202507001060,Off Grid,00073.08,00012.29,232.4,49.8,0.0,0.0,0,0,0.0,0,0,0,232.4,49.8,3003,2954,27,230.0,47.8,48.0,230.0,47.8,50.0,11000,11000,48.0,57.6,57.6,Pylon,2.0,70.0,Appliance,Utility Solar Bat,Solar + Utility,6,53.0,365,0,0.0,Load on,0.0,Line Mode,947900,0,00202507000200,OG-001,offgrid
1b4e9becd9f9198e2089dbcec9d09b60,2026-03-21 04:13:17,00202507001060,Off Grid,00073.08,00012.29,235.1,49.8,0.0,0.0,0,0,0.0,0,0,0,235.1,49.8,2999,2997,27,230.0,47.8,48.0,230.0,47.8,50.0,11000,11000,48.0,57.6,57.6,Pylon,2.0,70.0,Appliance,Utility Solar Bat,Solar + Utility,6,53.0,369,0,0.0,Load on,0.0,Line Mode,947900,0,00202507000200,OG-001,offgrid
768ef6ff6d3de27076b2111a7ff4b0a2,2026-03-21 04:18:10,00202507001060,Off Grid,00073.08,00012.29,225.0,49.9,0.0,0.0,0,0,0.0,0,0,0,225.0,49.9,4388,4272,39,230.0,47.8,48.0,230.0,47.8,50.0,11000,11000,48.0,57.6,57.6,Pylon,2.0,70.0,Appliance,Utility Solar Bat,Solar + Utility,6,53.0,353,0,0.0,Load on,0.0,Line Mode,947900,0,00202507000200,OG-001,offgrid
359ffc5d1208ae7e798f5a08bd3da707,2026-03-21 04:23:03,00202507001060,Off Grid,00073.08,00012.29,236.2,49.9,0.0,0.0,0,0,0.0,0,0,0,236.2,49.9,3066,3015,27,230.0,47.8,48.0,230.0,47.8,50.0,11000,11000,48.0,57.6,57.6,Pylon,2.0,70.0,Appliance,Utility Solar Bat,Solar + Utility,6,53.0,371,0,0.0,Load on,0.0,Line Mode,947900,0,00202507000200,OG-001,offgrid
37bde1e5d72434d86d3e9f6ef27d45d8,2026-03-21 04:27:58,00202507001060,Off Grid,00073.08,00012.29,234.0,49.9,0.0,0.0,0,0,0.0,0,0,0,234.0,49.9,3048,2989,27,230.0,47.8,48.0,230.0,47.8,50.0,11000,11000,48.0,57.6,57.6,Pylon,2.0,70.0,Appliance,Utility Solar Bat,Solar + Utility,6,53.0,368,0,0.0,Load on,0.0,Line Mode,947900,0,00202507000200,OG-001,offgrid
2714304bb826474d31833b5cae4bbf04,2026-03-21 04:32:50,00202507001060,Off Grid,00073.08,00012.29,235.4,49.9,0.0,0.0,0,0,0.0,0,0,0,235.4,49.9,3013,3005,27,230.0,47.8,48.0,230.0,47.8,50.0,11000,11000,48.0,57.6,57.6,Pylon,2.0,70.0,Appliance,Utility Solar Bat,Solar + Utility,6,53.0,370,0,0.0,Load on,0.0,Line Mode,947900,0,00202507000200,OG-001,offgrid
5d632c47fda36638286116d73abb7ef1,2026-03-21 04:42:33,00202507001060,Off Grid,00073.08,00012.29,234.8,49.9,0.0,0.0,0,0,0.0,0,0,0,234.8,49.9,3100,3100,28,230.0,47.8,48.0,230.0,47.8,50.0,11000,11000,48.0,57.6,57.6,Pylon,2.0,70.0,Appliance,Utility Solar Bat,Solar + Utility,6,53.0,368,0,0.0,Load on,0.0,Line Mode,947900,0,00202507000200,OG-001,offgrid
34206ecd17371b810443e434dd5af1db,2026-03-21 04:47:25,00202507001060,Off Grid,00073.08,00012.29,234.5,49.9,0.0,0.0,0,0,0.0,0,0,0,234.5,49.9,3146,3146,28,230.0,47.8,48.0,230.0,47.8,50.0,11000,11000,48.0,57.6,57.6,Pylon,2.0,70.0,Appliance,Utility Solar Bat,Solar + Utility,6,53.0,368,0,0.0,Load on,0.0,Line Mode,947900,0,00202507000200,OG-001,offgrid
3e56a0f9e585093b68528e2f47e7c61e,2026-03-21 04:52:19,00202507001060,Off Grid,00073.08,00012.29,234.3,50.0,0.0,0.0,0,0,0.0,0,0,0,234.3,50.0,3113,3049,28,230.0,47.8,48.0,230.0,47.8,50.0,11000,11000,48.0,57.6,57.6,Pylon,2.0,70.0,Appliance,Utility Solar Bat,Solar + Utility,6,53.0,368,0,0.0,Load on,0.0,Line Mode,947900,0,00202507000200,OG-001,offgrid
0aedd328ed9209486924e91b37ca0a87,2026-03-21 04:57:10,00202507001060,Off Grid,00073.08,00012.29,234.8,50.0,0.0,0.0,0,0,0.0,0,0,0,234.8,50.0,3079,3033,27,230.0,47.8,48.0,230.0,47.8,50.0,11000,11000,48.0,57.6,57.6,Pylon,2.0,70.0,Appliance,Utility Solar Bat,Solar + Utility,6,53.0,370,0,0.0,Load on,0.0,Line Mode,947900,0,00202507000200,OG-001,offgrid
61ae946a8190b6814260fa88e528e6c3,2026-03-21 05:02:03,00202507001060,Off Grid,00073.08,00012.29,233.2,50.0,0.0,0.0,0,0,0.0,0,0,0,233.2,50.0,3031,2963,27,230.0,47.8,48.0,230.0,47.8,50.0,11000,11000,48.0,57.6,57.6,Pylon,2.0,70.0,Appliance,Utility Solar Bat,Solar + Utility,6,53.0,366,0,0.0,Load on,0.0,Line Mode,947900,0,00202507000200,OG-001,offgrid
235a8a630356b7063c584352d7f5685f,2026-03-21 05:06:55,00202507001060,Off Grid,00073.08,00012.29,235.6,49.9,0.0,0.0,0,0,0.0,0,0,0,235.6,49.9,2968,2871,26,230.0,47.8,48.0,230.0,47.8,50.0,11000,11000,48.0,57.6,57.6,Pylon,2.0,70.0,Appliance,Utility Solar Bat,Solar + Utility,6,53.0,369,0,0.0,Load on,0.0,Line Mode,947900,0,00202507000200,OG-001,offgrid
159e73b903b3be0d4257fd516cc644a6,2026-03-21 05:16:40,00202507001060,Off Grid,00073.08,00012.29,230.8,50.0,0.0,0.0,0,0,0.0,0,0,0,230.8,50.0,3485,3452,31,230.0,47.8,48.0,230.0,47.8,50.0,11000,11000,48.0,57.6,57.6,Pylon,2.0,70.0,Appliance,Utility Solar Bat,Solar + Utility,6,53.0,362,0,0.0,Load on,0.0,Line Mode,947900,0,00202507000200,OG-001,offgrid
0fae2505aadf491703945fdb37c3141d,2026-03-21 05:21:34,00202507001060,Off Grid,00073.08,00012.29,230.9,49.9,0.0,0.0,0,0,0.0,0,0,0,230.9,49.9,3463,3424,31,230.0,47.8,48.0,230.0,47.8,50.0,11000,11000,48.0,57.6,57.6,Pylon,2.0,70.0,Appliance,Utility Solar Bat,Solar + Utility,6,53.0,362,0,0.0,Load on,0.0,Line Mode,947900,0,00202507000200,OG-001,offgrid
1dc7f3714c4407777b3cd152f2be07b1,2026-03-21 05:26:25,00202507001060,Off Grid,00073.08,00012.29,230.0,49.9,0.0,0.0,0,0,0.0,0,0,0,230.0,49.9,3549,3499,32,230.0,47.8,48.0,230.0,47.8,50.0,11000,11000,48.0,57.6,57.6,Pylon,2.0,70.0,Appliance,Utility Solar Bat,Solar + Utility,6,53.0,361,0,0.0,Load on,0.0,Line Mode,947900,0,00202507000200,OG-001,offgrid
73d9cc159f32287b0cf97d3cbab016d2,2026-03-21 05:31:16,00202507001060,Off Grid,00073.08,00012.29,230.0,49.9,0.0,88.3,0,0,0.0,0,0,0,230.0,49.9,3519,3467,31,230.0,47.8,48.0,230.0,47.8,50.0,11000,11000,48.0,57.6,57.6,Pylon,2.0,70.0,Appliance,Utility Solar Bat,Solar + Utility,6,53.0,360,0,0.0,Load on,0.0,Line Mode,947900,0,00202507000200,OG-001,offgrid
0690eabff59ae2e8418de81332051e2e,2026-03-21 05:36:08,00202507001060,Off Grid,00073.08,00012.29,230.6,49.8,0.0,0.0,0,0,0.0,0,0,0,230.6,49.8,3598,3538,32,230.0,47.8,48.0,230.0,47.8,50.0,11000,11000,48.0,57.6,57.6,Pylon,2.0,70.0,Appliance,Utility Solar Bat,Solar + Utility,6,53.0,368,0,0.0,Load on,0.0,Line Mode,947900,0,00202507000200,OG-001,offgrid
4b731ef1a9930f9e76f4291582a0f309,2026-03-21 05:41:01,00202507001060,Off Grid,00073.08,00012.29,222.6,50.0,0.0,0.0,0,0,0.0,0,0,0,222.6,50.0,4855,4855,44,230.0,47.8,48.0,230.0,47.8,50.0,11000,11000,48.0,57.6,57.6,Pylon,2.0,70.0,Appliance,Utility Solar Bat,Solar + Utility,6,53.0,350,0,0.0,Load on,0.0,Line Mode,947900,0,00202507000200,OG-001,offgrid
496d872cc802bf0d071d93b6a90aa49f,2026-03-21 05:45:52,00202507001060,Off Grid,00073.08,00012.29,228.3,50.1,0.0,0.0,0,0,0.0,0,0,0,228.3,50.1,3603,3552,32,230.0,47.8,48.0,230.0,47.8,50.0,11000,11000,48.0,57.6,57.6,Pylon,2.0,70.0,Appliance,Utility Solar Bat,Solar + Utility,6,53.0,359,0,0.0,Load on,0.0,Line Mode,947900,0,00202507000200,OG-001,offgrid
6dd3952aa0419d2e0394eb5e65d3dbfe,2026-03-21 05:50:44,00202507001060,Off Grid,00073.08,00012.29,231.2,50.0,0.0,0.0,0,0,0.0,0,0,0,231.2,50.0,2982,2954,27,230.0,47.8,48.0,230.0,47.8,50.0,11000,11000,48.0,57.6,57.6,Pylon,2.0,70.0,Appliance,Utility Solar Bat,Solar + Utility,6,53.0,363,0,0.0,Load on,0.0,Line Mode,947900,0,00202507000200,OG-001,offgrid
6cc610bc4475119e429bbf82d51d8d3e,2026-03-21 05:55:37,00202507001060,Off Grid,00073.08,00012.29,232.5,49.8,84.6,82.4,12,14,0.0,0,0,0,232.5,49.8,3013,2959,27,230.0,47.8,48.0,230.0,47.8,50.0,11000,11000,48.0,57.6,57.6,Pylon,2.0,70.0,Appliance,Utility Solar Bat,Solar + Utility,6,53.0,365,0,0.0,Load on,0.1,Line Mode,947900,0,00202507000200,OG-001,offgrid
10c10764aca657a44c1071ec6afe2f0b,2026-03-21 06:00:28,00202507001060,Off Grid,00073.08,00012.29,231.8,49.9,89.9,89.9,13,27,0.0,0,0,0,231.8,49.9,3013,2968,27,230.0,47.8,48.0,230.0,47.8,50.0,11000,11000,48.0,57.6,57.6,Pylon,2.0,70.0,Appliance,Utility Solar Bat,Solar + Utility,6,53.0,364,0,0.0,Load on,0.3,Line Mode,947900,0,00202507000200,OG-001,offgrid
482c8efbf5d8e828197a118caeae9103,2026-03-21 06:05:20,00202507001060,Off Grid,00073.08,00012.29,231.4,49.9,90.0,89.9,19,32,0.0,0,0,0,231.4,49.9,2985,2980,27,230.0,47.8,48.0,230.0,47.8,50.0,11000,11000,48.0,57.6,57.6,Pylon,2.0,70.0,Appliance,Utility Solar Bat,Solar + Utility,6,53.0,364,0,0.0,Load on,0.3,Line Mode,947900,0,00202507000200,OG-001,offgrid
594152576b3bb1a743fde7efbedeba05,2026-03-21 06:10:13,00202507001060,Off Grid,00073.08,00012.29,231.6,49.8,90.0,90.0,25,38,0.0,0,0,0,231.6,49.8,3023,3014,27,230.0,47.8,48.0,230.0,47.8,50.0,11000,11000,48.0,57.6,57.6,Pylon,2.0,70.0,Appliance,Utility Solar Bat,Solar + Utility,6,53.0,362,0,0.0,Load on,0.4,Line Mode,947900,0,00202507000200,OG-001,offgrid
3842ecb16873bde34213f17468ec05b5,2026-03-21 06:15:05,00202507001060,Off Grid,00073.08,00012.29,231.1,50.0,89.9,91.0,36,50,0.0,0,0,0,231.1,50.0,3050,3023,27,230.0,47.8,48.0,230.0,47.8,50.0,11000,11000,48.0,57.6,57.6,Pylon,2.0,70.0,Appliance,Utility Solar Bat,Solar + Utility,6,53.0,363,0,0.0,Load on,0.5,Line Mode,948000,0,00202507000200,OG-001,offgrid
0292e35776268f3031994be1f81f2a4c,2026-03-21 06:19:57,00202507001060,Off Grid,00073.08,00012.29,231.1,49.9,90.0,91.0,44,57,0.0,0,0,0,231.1,49.9,3073,3000,27,230.0,47.8,48.0,230.0,47.8,50.0,11000,11000,48.0,57.6,57.6,Pylon,2.0,70.0,Appliance,Utility Solar Bat,Solar + Utility,6,53.0,363,0,0.0,Load on,0.6,Line Mode,948000,0,00202507000200,OG-001,offgrid
34866e00d0cf216762a38172683aadf4,2026-03-21 06:24:48,00202507001060,Off Grid,00073.08,00012.29,232.9,50.0,98.8,99.0,62,78,0.0,0,0,0,232.9,50.0,3075,3075,27,230.0,47.8,48.0,230.0,47.8,50.0,11000,11000,48.0,57.6,57.6,Pylon,2.0,70.0,Appliance,Utility Solar Bat,Solar + Utility,6,53.0,365,0,0.0,Load on,0.7,Line Mode,948000,0,00202507000200,OG-001,offgrid
7d2f306a61b6c9c62cc62bfe94f90078,2026-03-21 06:29:40,00202507001060,Off Grid,00073.08,00012.29,232.2,50.0,99.3,100.2,112,113,0.0,0,0,0,232.2,50.0,3065,3051,27,230.0,47.8,48.0,230.0,47.8,50.0,11000,11000,48.0,57.6,57.6,Pylon,2.0,70.0,Appliance,Utility Solar Bat,Solar + Utility,6,53.0,364,1,0.0,Load on,1.1,Line Mode,948000,0,00202507000200,OG-001,offgrid
6c7b354c24cac46c0b6809c9b09c46e4,2026-03-21 06:34:32,00202507001060,Off Grid,00073.08,00012.29,232.9,49.9,98.6,102.7,126,126,0.0,0,0,0,232.9,49.9,3050,3049,27,230.0,47.8,48.0,230.0,47.8,50.0,11000,11000,48.0,57.6,57.6,Pylon,2.0,70.0,Appliance,Utility Solar Bat,Solar + Utility,6,53.0,365,1,0.0,Load on,1.2,Line Mode,948000,0,00202507000200,OG-001,offgrid
0bbbaff6d5f0b67d7b873683ae6c487c,2026-03-21 06:39:24,00202507001060,Off Grid,00073.08,00012.29,231.9,50.0,95.6,101.9,97,85,0.0,0,0,0,231.9,50.0,2991,2953,27,230.0,47.8,48.0,230.0,47.8,50.0,11000,11000,48.0,57.6,57.6,Pylon,2.0,70.0,Appliance,Utility Solar Bat,Solar + Utility,6,53.0,364,1,0.0,Load on,0.8,Line Mode,948000,0,00202507000200,OG-001,offgrid
79ae57a63cffcce44bf1ebc6cc314be7,2026-03-21 06:44:16,00202507001060,Off Grid,00073.08,00012.29,232.6,50.0,93.0,96.9,74,80,0.0,0,0,0,232.6,50.0,2977,2935,27,230.0,47.8,48.0,230.0,47.8,50.0,11000,11000,48.0,57.6,57.6,Pylon,2.0,70.0,Appliance,Utility Solar Bat,Solar + Utility,6,53.0,366,0,0.0,Load on,0.8,Line Mode,948000,0,00202507000200,OG-001,offgrid
31f5075bb20338170a6863bd6869cacb,2026-03-21 06:54:04,00202507001060,Off Grid,00073.08,00012.29,232.9,50.0,97.4,99.7,96,114,0.0,0,0,0,232.9,50.0,2887,2865,26,230.0,47.8,48.0,230.0,47.8,50.0,11000,11000,48.0,57.6,57.6,Pylon,2.0,70.0,Appliance,Utility Solar Bat,Solar + Utility,6,53.0,366,0,0.0,Load on,1.1,Line Mode,948000,0,00202507000200,OG-001,offgrid
22b1e8377367605e75d498f65dd67ddc,2026-03-21 06:58:57,00202507001060,Off Grid,00073.08,00012.29,234.6,50.1,95.5,101.9,128,119,0.0,0,0,0,234.6,50.1,2815,2745,25,230.0,47.8,48.0,230.0,47.8,50.0,11000,11000,48.0,57.6,57.6,Pylon,2.0,70.0,Appliance,Utility Solar Bat,Solar + Utility,6,53.0,368,1,0.0,Load on,1.1,Line Mode,948000,0,00202507000200,OG-001,offgrid
667aac898fc0e0a7425b28f2c9695b58,2026-03-21 07:03:49,00202507001060,Off Grid,00073.08,00012.29,233.0,50.1,95.8,98.3,110,126,0.0,0,0,0,233.0,50.1,2796,2749,25,230.0,47.8,48.0,230.0,47.8,50.0,11000,11000,48.0,57.6,57.6,Pylon,2.0,70.0,Appliance,Utility Solar Bat,Solar + Utility,6,53.0,366,1,0.0,Load on,1.2,Line Mode,948000,0,00202507000200,OG-001,offgrid
0b557d92c903b562434ae4c630b609be,2026-03-21 07:07:53,00202507001060,Off Grid,00073.08,00012.29,233.5,50.1,97.7,99.4,103,121,0.0,0,0,0,233.5,50.1,2869,2819,26,230.0,47.8,48.0,230.0,47.8,50.0,11000,11000,48.0,57.6,57.6,Pylon,2.0,70.0,Appliance,Utility Solar Bat,Solar + Utility,6,53.0,366,1,0.0,Load on,1.2,Line Mode,948000,0,00202507000200,OG-001,offgrid
03a458e62d95515f2ed37f6dc167f915,2026-03-21 07:12:51,00202507001060,Off Grid,00073.08,00012.29,229.1,50.1,99.3,102.1,90,110,0.0,0,0,0,229.1,50.1,2867,2797,26,230.0,47.8,48.0,230.0,47.8,50.0,11000,11000,48.0,57.6,57.6,Pylon,2.0,70.0,Appliance,Utility Solar Bat,Solar + Utility,6,53.0,359,0,0.0,Load on,1.0,Line Mode,948000,0,00202507000200,OG-001,offgrid
639c565b88a5aa30588395e6e9f2add1,2026-03-21 07:22:51,00202507001060,Off Grid,00073.08,00012.29,226.6,49.9,100.0,103.9,81,69,0.0,0,0,0,226.6,49.9,3387,3387,30,230.0,47.8,48.0,230.0,47.8,50.0,11000,11000,48.0,57.6,57.6,Pylon,2.0,70.0,Appliance,Utility Solar Bat,Solar + Utility,6,53.0,358,0,0.0,Load on,0.6,Line Mode,948200,0,00202507000200,OG-001,offgrid
1c9e7e293b47909b12d25ba660495869,2026-03-21 07:27:49,00202507001060,Off Grid,00073.08,00012.29,230.5,50.0,99.0,101.2,84,85,0.0,0,0,0,230.5,50.0,3019,2866,27,230.0,47.8,48.0,230.0,47.8,50.0,11000,11000,48.0,57.6,57.6,Pylon,2.0,70.0,Appliance,Utility Solar Bat,Solar + Utility,6,53.0,362,0,0.0,Load on,0.8,Line Mode,948200,0,00202507000200,OG-001,offgrid
1e4c53621c374b9f3cc906d504fe1358,2026-03-21 07:32:49,00202507001060,Off Grid,00073.08,00012.29,227.9,49.9,99.1,100.9,76,80,0.0,0,0,0,227.9,49.9,2905,2905,26,230.0,47.8,48.0,230.0,47.8,50.0,11000,11000,48.0,57.6,57.6,Pylon,2.0,70.0,Appliance,Utility Solar Bat,Solar + Utility,6,53.0,359,0,0.0,Load on,0.7,Line Mode,948200,0,00202507000200,OG-001,offgrid
0b3f56ab77e9c71b4c7c6e045680cc6a,2026-03-21 07:37:49,00202507001060,Off Grid,00073.08,00012.29,227.3,49.8,98.3,101.6,86,102,0.0,0,0,0,227.3,49.8,2909,2872,26,230.0,47.8,48.0,230.0,47.8,50.0,11000,11000,48.0,57.6,57.6,Pylon,2.0,70.0,Appliance,Utility Solar Bat,Solar + Utility,6,53.0,358,0,0.0,Load on,1.0,Line Mode,948200,0,00202507000200,OG-001,offgrid
4b890d6297a8c4c15b00463be975f053,2026-03-21 07:42:51,00202507001060,Off Grid,00073.08,00012.29,231.2,49.9,97.4,99.6,94,113,0.0,0,0,0,231.2,49.9,2815,2798,25,230.0,47.8,48.0,230.0,47.8,50.0,11000,11000,48.0,57.6,57.6,Pylon,2.0,70.0,Appliance,Utility Solar Bat,Solar + Utility,6,53.0,363,0,0.0,Load on,1.1,Line Mode,948200,0,00202507000200,OG-001,offgrid
779a2c87c30c83276769d11b192c23ff,2026-03-21 07:47:56,00202507001060,Off Grid,00073.08,00012.29,233.3,49.8,390.4,389.8,582,572,0.0,0,0,0,233.3,49.8,2986,2951,27,230.0,47.8,48.0,230.0,47.8,50.0,11000,11000,48.0,57.6,57.6,Pylon,2.0,70.0,Appliance,Utility Solar Bat,Solar + Utility,6,53.0,402,1,0.0,Load on,1.4,Line Mode,948200,0,00202507000200,OG-001,offgrid
1a847a4e3a4f932b73198bc80dfb812f,2026-03-21 07:52:58,00202507001060,Off Grid,00073.08,00012.29,242.3,49.8,425.3,404.5,934,1001,0.0,0,0,0,242.3,49.8,2859,2809,25,230.0,47.8,48.0,230.0,47.8,50.0,11000,11000,48.0,57.6,57.6,Pylon,2.0,70.0,Appliance,Utility Solar Bat,Solar + Utility,6,53.0,435,2,0.0,Load on,2.4,Line Mode,948200,0,00202507000200,OG-001,offgrid
4db986c09645eda158369adc9ee64eaf,2026-03-21 07:57:59,00202507001060,Off Grid,00073.08,00012.29,243.7,49.8,435.7,423.5,1496,1449,0.0,0,0,0,243.7,49.8,3265,3190,29,230.0,47.8,48.0,230.0,47.8,50.0,11000,11000,48.0,57.6,57.6,Pylon,2.0,70.0,Appliance,Utility Solar Bat,Solar + Utility,6,53.0,466,3,0.0,Load on,3.4,Line Mode,948200,0,00202507000200,OG-001,offgrid
028ed98aecea43ee45b364ddce9eecbb,2026-03-21 08:02:59,00202507001060,Off Grid,00073.08,00012.29,241.6,49.8,401.3,410.8,1372,1297,0.0,0,0,0,241.6,49.8,3189,3139,28,230.0,47.8,48.0,230.0,47.8,50.0,11000,11000,48.0,57.6,57.6,Pylon,2.0,70.0,Appliance,Utility Solar Bat,Solar + Utility,6,53.0,420,3,0.0,Load on,3.1,Line Mode,948200,0,00202507000200,OG-001,offgrid
0d95fe2954715670469c247584009dd0,2026-03-21 08:08:00,00202507001060,Off Grid,00073.08,00012.29,244.2,49.9,445.9,445.1,1453,1445,0.0,0,0,0,244.2,49.9,3272,3189,29,230.0,47.8,48.0,230.0,47.8,50.0,11000,11000,48.0,57.6,57.6,Pylon,2.0,70.0,Appliance,Utility Solar Bat,Solar + Utility,6,53.0,470,3,0.0,Load on,3.2,Line Mode,948200,0,00202507000200,OG-001,offgrid
4dfd1ab4f176a00915dd12d569ce2792,2026-03-21 08:12:58,00202507001060,Off Grid,00073.08,00012.29,237.6,50.0,402.5,372.6,927,932,0.0,0,0,0,237.6,50.0,3278,3215,29,230.0,47.8,48.0,230.0,47.8,50.0,11000,11000,48.0,57.6,57.6,Pylon,2.0,70.0,Appliance,Utility Solar Bat,Solar + Utility,6,53.0,413,2,0.0,Load on,2.5,Line Mode,948200,0,00202507000200,OG-001,offgrid
5bea8621f46ae79e32b5494d816de39b,2026-03-21 08:23:00,00202507001060,Off Grid,00073.08,00012.29,231.9,50.0,396.4,397.5,571,606,0.0,0,0,0,231.9,50.0,3084,3022,28,230.0,47.8,48.0,230.0,47.8,50.0,11000,11000,48.0,57.6,57.6,Pylon,2.0,70.0,Appliance,Utility Solar Bat,Solar + Utility,6,53.0,407,1,0.0,Load on,1.5,Line Mode,949300,0,00202507000200,OG-001,offgrid
5b0fe9a830e29f9b5d4a27be4e0868e0,2026-03-21 08:27:59,00202507001060,Off Grid,00073.08,00012.29,232.6,50.1,396.7,394.8,639,679,0.0,0,0,0,232.6,50.1,3093,3022,28,230.0,47.8,48.0,230.0,47.8,50.0,11000,11000,48.0,57.6,57.6,Pylon,2.0,70.0,Appliance,Utility Solar Bat,Solar + Utility,6,53.0,406,1,0.0,Load on,1.7,Line Mode,949300,0,00202507000200,OG-001,offgrid
31f3051fa22b91927c4b0d28d3c2ec4d,2026-03-21 08:33:01,00202507001060,Off Grid,00073.08,00012.29,238.4,49.8,399.1,397.3,930,943,0.0,0,0,0,238.4,49.8,3063,3063,27,230.0,47.8,48.0,230.0,47.8,50.0,11000,11000,48.0,57.6,57.6,Pylon,2.0,70.0,Appliance,Utility Solar Bat,Solar + Utility,6,53.0,409,2,0.0,Load on,2.3,Line Mode,949300,0,00202507000200,OG-001,offgrid
5f31069fc6bc672470b36942d9335c29,2026-03-21 08:38:00,00202507001060,Off Grid,00073.08,00012.29,239.6,49.8,409.4,407.5,1268,1279,0.0,0,0,0,239.6,49.8,3498,3444,31,230.0,47.8,48.0,230.0,47.8,50.0,11000,11000,48.0,57.6,57.6,Pylon,2.0,70.0,Appliance,Utility Solar Bat,Solar + Utility,6,53.0,419,3,0.0,Load on,3.1,Line Mode,949300,0,00202507000200,OG-001,offgrid
1802f132b49c8d3b573225cbbc14f831,2026-03-21 08:43:00,00202507001060,Off Grid,00073.08,00012.29,242.9,49.8,350.9,362.7,1393,1376,0.0,0,0,0,242.9,49.8,3181,3132,28,230.0,47.8,48.0,230.0,47.8,50.0,11000,11000,48.0,57.6,57.6,Pylon,2.0,70.0,Appliance,Utility Solar Bat,Solar + Utility,6,53.0,381,3,0.0,Load on,3.7,Line Mode,949300,0,00202507000200,OG-001,offgrid
6b455224204c0d32270c44fa1ab78ac6,2026-03-21 08:47:58,00202507001060,Off Grid,00073.08,00012.29,243.0,49.9,295.5,233.8,1146,965,0.0,0,0,0,243.0,49.9,2867,2843,26,230.0,47.8,48.0,230.0,47.8,50.0,11000,11000,48.0,57.6,57.6,Pylon,2.0,70.0,Appliance,Utility Solar Bat,Solar + Utility,6,53.0,381,3,0.0,Load on,4.1,Line Mode,949300,0,00202507000200,OG-001,offgrid
028b9bf34142656244d68db53b3fbeaa,2026-03-21 08:58:00,00202507001060,Off Grid,00073.08,00012.29,235.2,49.9,378.8,381.0,755,754,0.0,0,0,0,235.2,49.9,3018,3018,27,230.0,47.8,48.0,230.0,47.8,50.0,11000,11000,48.0,57.6,57.6,Pylon,2.0,70.0,Appliance,Utility Solar Bat,Solar + Utility,6,53.0,392,1,0.0,Load on,1.9,Line Mode,949300,0,00202507000200,OG-001,offgrid
28d6cb329e8fdfdc092b245f46588028,2026-03-21 09:02:59,00202507001060,Off Grid,00073.08,00012.29,233.9,49.8,385.5,389.9,821,811,0.0,0,0,0,233.9,49.8,3131,3131,28,230.0,47.8,48.0,230.0,47.8,50.0,11000,11000,48.0,57.6,57.6,Pylon,2.0,70.0,Appliance,Utility Solar Bat,Solar + Utility,6,53.0,400,2,0.0,Load on,2.0,Line Mode,949300,0,00202507000200,OG-001,offgrid
03d3dedf96e37a667037f63a08c355ec,2026-03-21 09:08:01,00202507001060,Off Grid,00073.08,00012.29,228.0,49.9,373.8,382.3,870,859,0.0,0,0,0,228.0,49.9,4389,4284,39,230.0,47.8,48.0,230.0,47.8,50.0,11000,11000,48.0,57.6,57.6,Pylon,2.0,70.0,Appliance,Utility Solar Bat,Solar + Utility,6,53.0,391,2,0.0,Load on,2.2,Line Mode,949300,0,00202507000200,OG-001,offgrid
1b261b804cdfa57360f5ad06423fa563,2026-03-21 09:13:02,00202507001060,Off Grid,00073.08,00012.29,235.0,49.9,382.3,390.1,956,931,0.0,0,0,0,235.0,49.9,2987,2964,27,230.0,47.8,48.0,230.0,47.8,50.0,11000,11000,48.0,57.6,57.6,Pylon,2.0,70.0,Appliance,Utility Solar Bat,Solar + Utility,6,53.0,401,2,0.0,Load on,2.3,Line Mode,949300,0,00202507000200,OG-001,offgrid
32e65d2bcb36cf3f47780b71cf221b8b,2026-03-21 09:18:01,00202507001060,Off Grid,00073.08,00012.29,241.7,50.0,389.2,409.5,1391,1302,0.0,0,0,0,241.7,50.0,3123,3123,28,230.0,47.8,48.0,230.0,47.8,50.0,11000,11000,48.0,57.6,57.6,Pylon,2.0,70.0,Appliance,Utility Solar Bat,Solar + Utility,6,53.0,418,3,0.0,Load on,3.1,Line Mode,951100,0,00202507000200,OG-001,offgrid
4b2bcc0ab8fc44ff66eaa6a672e65ed2,2026-03-21 09:22:59,00202507001060,Off Grid,00073.08,00012.29,248.9,50.0,461.8,460.4,1279,1530,0.0,0,0,0,248.9,50.0,3061,2938,27,230.0,47.8,48.0,230.0,47.8,50.0,11000,11000,48.0,57.6,57.6,Pylon,2.0,70.0,Appliance,Utility Solar Bat,Solar + Utility,6,53.0,470,2,0.0,Load on,3.3,Line Mode,951100,0,00202507000200,OG-001,offgrid
6a50558d0ba1ec9308dcfe6d7bbac16d,2026-03-21 09:28:00,00202507001060,Off Grid,00073.08,00012.29,249.0,50.1,436.5,434.1,1267,1516,0.0,0,0,0,249.0,50.1,3162,3095,28,230.0,47.8,48.0,230.0,47.8,50.0,11000,11000,48.0,57.6,57.6,Pylon,2.0,70.0,Appliance,Utility Solar Bat,Solar + Utility,6,53.0,466,2,0.0,Load on,3.4,Line Mode,951100,0,00202507000200,OG-001,offgrid
20ab33838c3428890d241d0e14ca1934,2026-03-21 09:33:00,00202507001060,Off Grid,00073.08,00012.29,238.5,50.0,386.6,392.3,1001,990,0.0,0,0,0,238.5,50.0,3601,3507,32,230.0,47.8,48.0,230.0,47.8,50.0,11000,11000,48.0,57.6,57.6,Pylon,2.0,70.0,Appliance,Utility Solar Bat,Solar + Utility,6,53.0,401,2,0.0,Load on,2.5,Line Mode,951100,0,00202507000200,OG-001,offgrid
3bef776b7f66f8a626eb7c7b7c33ff53,2026-03-21 09:43:02,00202507001060,Off Grid,00073.08,00012.29,239.0,50.1,388.0,389.5,1176,1174,0.0,0,0,0,239.0,50.1,3546,3520,32,230.0,47.8,48.0,230.0,47.8,50.0,11000,11000,48.0,57.6,57.6,Pylon,2.0,70.0,Appliance,Utility Solar Bat,Solar + Utility,6,53.0,408,3,0.0,Load on,3.0,Line Mode,951100,0,00202507000200,OG-001,offgrid
74f3e73f5caa046f5455051995101a92,2026-03-21 09:48:06,00202507001060,Off Grid,00073.08,00012.29,244.2,50.1,418.1,422.8,1660,1629,0.0,0,0,0,244.2,50.1,3712,3712,33,230.0,47.8,48.0,230.0,47.8,50.0,11000,11000,48.0,57.6,57.6,Pylon,2.0,70.0,Appliance,Utility Solar Bat,Solar + Utility,6,53.0,451,3,0.0,Load on,3.8,Line Mode,951100,0,00202507000200,OG-001,offgrid
20ea1808819e69654aa8f50c4e25cac7,2026-03-21 09:53:07,00202507001060,Off Grid,00073.08,00012.29,245.7,50.1,442.5,443.8,1564,1740,0.0,0,0,0,245.7,50.1,3662,3606,33,230.0,47.8,48.0,230.0,47.8,50.0,11000,11000,48.0,57.6,57.6,Pylon,2.0,70.0,Appliance,Utility Solar Bat,Solar + Utility,6,53.0,470,3,0.0,Load on,3.9,Line Mode,951100,0,00202507000200,OG-001,offgrid
42aa57a6ed6a88257a9611d727af797d,2026-03-21 09:58:09,00202507001060,Off Grid,00073.08,00012.29,247.2,50.0,440.0,441.7,1528,1697,0.0,0,0,0,247.2,50.0,3559,3509,32,230.0,47.8,48.0,230.0,47.8,50.0,11000,11000,48.0,57.6,57.6,Pylon,2.0,70.0,Appliance,Utility Solar Bat,Solar + Utility,6,53.0,470,3,0.0,Load on,3.8,Line Mode,951100,0,00202507000200,OG-001,offgrid
407f87031ab4fa7e7bcf50ee7def4eab,2026-03-21 10:03:10,00202507001060,Off Grid,00073.08,00012.29,249.4,50.0,431.4,433.2,1531,1679,0.0,0,0,0,249.4,50.0,3641,3570,33,230.0,47.8,48.0,230.0,47.8,50.0,11000,11000,48.0,57.6,57.6,Pylon,2.0,70.0,Appliance,Utility Solar Bat,Solar + Utility,6,53.0,463,3,0.0,Load on,3.8,Line Mode,951100,0,00202507000200,OG-001,offgrid
63b0f1fa2816233a6e47cc41e9cfb509,2026-03-21 10:13:06,00202507001060,Off Grid,00073.08,00012.29,248.8,49.8,442.6,446.6,1501,1672,0.0,0,0,0,248.8,49.8,3557,3396,32,230.0,47.8,48.0,230.0,47.8,50.0,11000,11000,48.0,57.6,57.6,Pylon,2.0,70.0,Appliance,Utility Solar Bat,Solar + Utility,6,53.0,470,3,0.0,Load on,3.7,Line Mode,951100,0,00202507000200,OG-001,offgrid
57663de688d2840d325112d827514d13,2026-03-21 10:18:05,00202507001060,Off Grid,00073.08,00012.29,249.3,50.0,435.1,438.7,1310,1468,0.0,0,0,0,249.3,50.0,3166,3035,28,230.0,47.8,48.0,230.0,47.8,50.0,11000,11000,48.0,57.6,57.6,Pylon,2.0,70.0,Appliance,Utility Solar Bat,Solar + Utility,6,53.0,469,3,0.0,Load on,3.3,Line Mode,953900,0,00202507000200,OG-001,offgrid
53c00370499d9462409c6194f78ab46b,2026-03-21 10:23:05,00202507001060,Off Grid,00073.08,00012.29,248.2,50.0,419.4,420.0,1368,1534,0.0,0,0,0,248.2,50.0,3226,3112,29,230.0,47.8,48.0,230.0,47.8,50.0,11000,11000,48.0,57.6,57.6,Pylon,2.0,70.0,Appliance,Utility Solar Bat,Solar + Utility,6,53.0,450,3,0.0,Load on,3.6,Line Mode,953900,0,00202507000200,OG-001,offgrid
74758949ae1b7f32198afeb244b5e148,2026-03-21 10:28:04,00202507001060,Off Grid,00073.08,00012.29,251.4,49.8,431.6,438.4,1352,1563,0.0,0,0,0,251.4,49.8,3243,3162,29,230.0,47.8,48.0,230.0,47.8,50.0,11000,11000,48.0,57.6,57.6,Pylon,2.0,70.0,Appliance,Utility Solar Bat,Solar + Utility,6,53.0,463,3,0.0,Load on,3.5,Line Mode,953900,0,00202507000200,OG-001,offgrid
578315ded1b7a2c90b0925ff6cc3bd32,2026-03-21 10:33:07,00202507001060,Off Grid,00073.08,00012.29,252.5,50.0,447.8,453.1,1365,1498,0.0,0,0,0,252.5,50.0,3232,3157,29,230.0,47.8,48.0,230.0,47.8,50.0,11000,11000,48.0,57.6,57.6,Pylon,2.0,70.0,Appliance,Utility Solar Bat,Solar + Utility,6,53.0,470,3,0.0,Load on,3.3,Line Mode,953900,0,00202507000200,OG-001,offgrid
142c35209d88525320981eee23fa992f,2026-03-21 10:38:07,00202507001060,Off Grid,00073.08,00012.29,250.4,50.0,420.3,422.3,1339,1509,0.0,0,0,0,250.4,50.0,3230,3143,29,230.0,47.8,48.0,230.0,47.8,50.0,11000,11000,48.0,57.6,57.6,Pylon,2.0,70.0,Appliance,Utility Solar Bat,Solar + Utility,6,53.0,451,3,0.0,Load on,3.5,Line Mode,953900,0,00202507000200,OG-001,offgrid
21087391ee49da2357094a2d257bbc48,2026-03-21 10:43:08,00202507001060,Off Grid,00073.08,00012.29,246.4,50.1,424.4,429.4,1464,1505,0.0,0,0,0,246.4,50.1,3498,3426,31,230.0,47.8,48.0,230.0,47.8,50.0,11000,11000,48.0,57.6,57.6,Pylon,2.0,70.0,Appliance,Utility Solar Bat,Solar + Utility,6,53.0,454,3,0.0,Load on,3.5,Line Mode,953900,0,00202507000200,OG-001,offgrid
57289d8510e948ec5721a0da51011083,2026-03-21 10:53:06,00202507001060,Off Grid,00073.08,00012.29,245.6,50.1,247.0,225.9,1023,972,0.0,0,0,0,245.6,50.1,2791,2755,25,230.0,47.8,48.0,230.0,47.8,50.0,11000,11000,48.0,57.6,57.6,Pylon,2.0,70.0,Appliance,Utility Solar Bat,Solar + Utility,6,53.0,385,4,0.0,Load on,4.3,Line Mode,953900,0,00202507000200,OG-001,offgrid
78fc446c1c5f03244f5d5253414a7d99,2026-03-21 10:58:06,00202507001060,Off Grid,00073.08,00012.29,243.7,50.1,389.7,395.2,1700,1687,0.0,0,0,0,243.7,50.1,3972,3915,36,230.0,47.8,48.0,230.0,47.8,50.0,11000,11000,48.0,57.6,57.6,Pylon,2.0,70.0,Appliance,Utility Solar Bat,Solar + Utility,6,53.0,405,4,0.0,Load on,4.2,Line Mode,953900,0,00202507000200,OG-001,offgrid
2235715fa003078a7a172151b7e49f3a,2026-03-21 11:03:07,00202507001060,Off Grid,00073.08,00012.29,245.7,49.9,437.2,438.2,871,1020,0.0,0,0,0,245.7,49.9,2216,2099,20,230.0,47.8,48.0,230.0,47.8,50.0,11000,11000,48.0,57.6,57.6,Pylon,2.0,70.0,Appliance,Utility Solar Bat,Solar + Utility,6,53.0,469,1,0.0,Load on,2.3,Line Mode,953900,0,00202507000200,OG-001,offgrid
22de69cab4fbc2e47d0f4e1605c40caa,2026-03-21 11:08:08,00202507001060,Off Grid,00073.08,00012.29,245.9,50.0,434.2,434.2,942,1076,0.0,0,0,0,245.9,50.0,2405,2257,21,230.0,47.8,48.0,230.0,47.8,50.0,11000,11000,48.0,57.6,57.6,Pylon,2.0,70.0,Appliance,Utility Solar Bat,Solar + Utility,6,53.0,464,2,0.0,Load on,2.4,Line Mode,953900,0,00202507000200,OG-001,offgrid
28220df97941a0b7555a6149758096f3,2026-03-21 11:13:11,00202507001060,Off Grid,00073.08,00012.29,245.8,49.9,431.2,431.6,923,1036,0.0,0,0,0,245.8,49.9,2359,2238,21,230.0,47.8,48.0,230.0,47.8,50.0,11000,11000,48.0,57.6,57.6,Pylon,2.0,70.0,Appliance,Utility Solar Bat,Solar + Utility,6,53.0,461,2,0.0,Load on,2.4,Line Mode,953900,0,00202507000200,OG-001,offgrid
10ff933c7b7bcf664fee9b61725e0583,2026-03-21 11:18:13,00202507001060,Off Grid,00073.08,00012.29,244.8,50.0,410.7,407.6,1039,1138,0.0,0,0,0,244.8,50.0,2602,2407,23,230.0,47.8,48.0,230.0,47.8,50.0,11000,11000,48.0,57.6,57.6,Pylon,2.0,70.0,Appliance,Utility Solar Bat,Solar + Utility,6,53.0,441,2,0.0,Load on,2.7,Line Mode,956600,0,00202507000200,OG-001,offgrid
549d15f06401716f475ed8876d5ada05,2026-03-21 11:23:14,00202507001060,Off Grid,00073.08,00012.29,243.0,50.1,382.1,383.6,714,752,0.0,0,0,0,243.0,50.1,2282,2132,20,230.0,47.8,48.0,230.0,47.8,50.0,11000,11000,48.0,57.6,57.6,Pylon,2.0,70.0,Appliance,Utility Solar Bat,Solar + Utility,6,53.0,391,1,0.0,Load on,1.9,Line Mode,956600,0,00202507000200,OG-001,offgrid
737fa65ca995e23d706aa606b55c1e47,2026-03-21 11:28:15,00202507001060,Off Grid,00073.08,00012.29,242.6,49.8,392.0,391.1,804,835,0.0,0,0,0,242.6,49.8,2037,2012,18,230.0,47.8,48.0,230.0,47.8,50.0,11000,11000,48.0,57.6,57.6,Pylon,2.0,70.0,Appliance,Utility Solar Bat,Solar + Utility,6,53.0,402,2,0.0,Load on,2.1,Line Mode,956600,0,00202507000200,OG-001,offgrid
7c0f86a5caf5cc397493cccb586ccdbf,2026-03-21 11:38:12,00202507001060,Off Grid,00073.08,00012.29,245.2,50.2,435.3,438.7,1208,1158,0.0,0,0,0,245.2,50.2,2722,2627,24,230.0,47.8,48.0,230.0,47.8,50.0,11000,11000,48.0,57.6,57.6,Pylon,2.0,70.0,Appliance,Utility Solar Bat,Solar + Utility,6,53.0,469,2,0.0,Load on,2.6,Line Mode,956600,0,00202507000200,OG-001,offgrid
09632d9c74c8617e075c5892524904ad,2026-03-21 11:43:11,00202507001060,Off Grid,00073.08,00012.29,244.3,50.0,439.1,441.6,1397,1372,0.0,0,0,0,244.3,50.0,3029,3020,27,230.0,47.8,48.0,230.0,47.8,50.0,11000,11000,48.0,57.6,57.6,Pylon,2.0,70.0,Appliance,Utility Solar Bat,Solar + Utility,6,53.0,470,3,0.0,Load on,3.1,Line Mode,956600,0,00202507000200,OG-001,offgrid
7d6ec8dd63853cf2280f4a27b95c669e,2026-03-21 11:48:09,00202507001060,Off Grid,00073.08,00012.29,249.2,50.1,432.3,435.3,1168,1128,0.0,0,0,0,249.2,50.1,2666,2497,24,230.0,47.8,48.0,230.0,47.8,50.0,11000,11000,48.0,57.6,57.6,Pylon,2.0,70.0,Appliance,Utility Solar Bat,Solar + Utility,6,53.0,465,2,0.0,Load on,2.5,Line Mode,956600,0,00202507000200,OG-001,offgrid
569c79de9eb2d33c4ae881861f96b02c,2026-03-21 11:53:06,00202507001060,Off Grid,00073.08,00012.29,246.1,50.0,431.3,433.8,1178,1128,0.0,0,0,0,246.1,50.0,2608,2464,23,230.0,47.8,48.0,230.0,47.8,50.0,11000,11000,48.0,57.6,57.6,Pylon,2.0,70.0,Appliance,Utility Solar Bat,Solar + Utility,6,53.0,464,2,0.0,Load on,2.6,Line Mode,956600,0,00202507000200,OG-001,offgrid
7bf2d1c9493301e478d8860bd335bab7,2026-03-21 11:58:03,00202507001060,Off Grid,00073.08,00012.29,245.6,50.1,237.3,253.7,787,830,0.0,0,0,0,245.6,50.1,2359,2327,21,230.0,47.8,48.0,230.0,47.8,50.0,11000,11000,48.0,57.6,57.6,Pylon,2.0,70.0,Appliance,Utility Solar Bat,Solar + Utility,6,53.0,386,3,0.0,Load on,3.2,Line Mode,956600,0,00202507000200,OG-001,offgrid
79b18adbd4573aca237c76eeb3ef4a9c,2026-03-21 12:03:03,00202507001060,Off Grid,00073.08,00012.29,247.1,50.0,420.0,416.1,1174,1294,0.0,0,0,0,247.1,50.0,2841,2698,25,230.0,47.8,48.0,230.0,47.8,50.0,11000,11000,48.0,57.6,57.6,Pylon,2.0,70.0,Appliance,Utility Solar Bat,Solar + Utility,6,53.0,450,2,0.0,Load on,3.1,Line Mode,956600,0,00202507000200,OG-001,offgrid
5379d83f538eec4f7b3d9214288099f6,2026-03-21 12:08:02,00202507001060,Off Grid,00073.08,00012.29,242.4,50.0,390.1,388.8,1003,1037,0.0,0,0,0,242.4,50.0,2685,2519,24,230.0,47.8,48.0,230.0,47.8,50.0,11000,11000,48.0,57.6,57.6,Pylon,2.0,70.0,Appliance,Utility Solar Bat,Solar + Utility,6,53.0,400,2,0.0,Load on,2.6,Line Mode,956600,0,00202507000200,OG-001,offgrid
65ce659b2e8c6b307ffff5c476314721,2026-03-21 12:17:59,00202507001060,Off Grid,00073.08,00012.29,248.0,50.1,466.9,461.9,1117,971,0.0,0,0,0,248.0,50.1,2380,2296,21,230.0,47.8,48.0,230.0,47.8,50.0,11000,11000,48.0,57.6,57.6,Pylon,2.0,70.0,Appliance,Utility Solar Bat,Solar + Utility,6,53.0,470,2,0.0,Load on,2.1,Line Mode,958600,0,00202507000200,OG-001,offgrid
0b4c8915e27c2ac231c1729b87a658dc,2026-03-21 12:22:59,00202507001060,Off Grid,00073.08,00012.29,245.7,50.1,446.2,448.2,1087,1203,0.0,0,0,0,245.7,50.1,2605,2528,23,230.0,47.8,48.0,230.0,47.8,50.0,11000,11000,48.0,57.6,57.6,Pylon,2.0,70.0,Appliance,Utility Solar Bat,Solar + Utility,6,53.0,470,2,0.0,Load on,2.6,Line Mode,958600,0,00202507000200,OG-001,offgrid
2bbe33dc2a2153ea77eaefeb70f390c1,2026-03-21 12:27:58,00202507001060,Off Grid,00073.08,00012.29,245.5,50.0,421.3,423.4,1052,1095,0.0,0,0,0,245.5,50.0,2533,2443,23,230.0,47.8,48.0,230.0,47.8,50.0,11000,11000,48.0,57.6,57.6,Pylon,2.0,70.0,Appliance,Utility Solar Bat,Solar + Utility,6,53.0,452,2,0.0,Load on,2.5,Line Mode,958600,0,00202507000200,OG-001,offgrid
6e9569fc164507ce22e7beebdd41bdb2,2026-03-21 12:32:58,00202507001060,Off Grid,00073.08,00012.29,243.1,49.8,413.6,414.8,1040,1117,0.0,0,0,0,243.1,49.8,2552,2430,23,230.0,47.8,48.0,230.0,47.8,50.0,11000,11000,48.0,57.6,57.6,Pylon,2.0,70.0,Appliance,Utility Solar Bat,Solar + Utility,6,53.0,444,2,0.0,Load on,2.6,Line Mode,958600,0,00202507000200,OG-001,offgrid
7b22a69bfe55011d60e20f9dde550027,2026-03-21 12:38:01,00202507001060,Off Grid,00073.08,00012.29,244.3,50.1,385.1,380.8,1098,1136,0.0,0,0,0,244.3,50.1,2698,2680,24,230.0,47.8,48.0,230.0,47.8,50.0,11000,11000,48.0,57.6,57.6,Pylon,2.0,70.0,Appliance,Utility Solar Bat,Solar + Utility,6,53.0,395,2,0.0,Load on,2.9,Line Mode,958600,0,00202507000200,OG-001,offgrid
73a548d2d6fceb7e28d7a8ca30999bd8,2026-03-21 12:42:59,00202507001060,Off Grid,00073.08,00012.29,246.8,50.1,415.3,418.9,1347,1423,0.0,0,0,0,246.8,50.1,3109,3017,28,230.0,47.8,48.0,230.0,47.8,50.0,11000,11000,48.0,57.6,57.6,Pylon,2.0,70.0,Appliance,Utility Solar Bat,Solar + Utility,6,53.0,449,3,0.0,Load on,3.3,Line Mode,958600,0,00202507000200,OG-001,offgrid
6a19c5a690e4302060a3f54d0a838e8a,2026-03-21 12:47:59,00202507001060,Off Grid,00073.08,00012.29,248.7,50.1,440.9,445.0,1090,1104,0.0,0,0,0,248.7,50.1,2530,2423,23,230.0,47.8,48.0,230.0,47.8,50.0,11000,11000,48.0,57.6,57.6,Pylon,2.0,70.0,Appliance,Utility Solar Bat,Solar + Utility,6,53.0,470,2,0.0,Load on,2.4,Line Mode,958600,0,00202507000200,OG-001,offgrid
22d22891facc7de930eef92aeeeeb3a2,2026-03-21 12:58:00,00202507001060,Off Grid,00073.08,00012.29,250.2,49.9,450.3,455.3,869,812,0.0,0,0,0,250.2,49.9,2001,1860,18,230.0,47.8,48.0,230.0,47.8,50.0,11000,11000,48.0,57.6,57.6,Pylon,2.0,70.0,Appliance,Utility Solar Bat,Solar + Utility,6,53.0,470,1,0.0,Load on,1.7,Line Mode,958600,0,00202507000200,OG-001,offgrid
01a0ee613ca3430e0195fdd907628241,2026-03-21 13:07:59,00202507001060,Off Grid,00073.08,00012.29,250.1,49.8,443.5,447.9,949,913,0.0,0,0,0,250.1,49.8,2100,2017,19,230.0,47.8,48.0,230.0,47.8,50.0,11000,11000,48.0,57.6,57.6,Pylon,2.0,70.0,Appliance,Utility Solar Bat,Solar + Utility,6,53.0,470,2,0.0,Load on,2.0,Line Mode,958600,0,00202507000200,OG-001,offgrid
64ba831f75e8e8ef36ed27c8d4e3fe16,2026-03-21 13:12:57,00202507001060,Off Grid,00073.08,00012.29,251.3,50.0,441.2,444.7,957,897,0.0,0,0,0,251.3,50.0,2214,2048,20,230.0,47.8,48.0,230.0,47.8,50.0,11000,11000,48.0,57.6,57.6,Pylon,2.0,70.0,Appliance,Utility Solar Bat,Solar + Utility,6,53.0,470,2,0.0,Load on,2.0,Line Mode,958600,0,00202507000200,OG-001,offgrid
7a551b86d5a9029c51d175ab05426b52,2026-03-21 13:17:58,00202507001060,Off Grid,00073.08,00012.29,249.6,50.0,434.2,437.5,967,922,0.0,0,0,0,249.6,50.0,2298,2086,20,230.0,47.8,48.0,230.0,47.8,50.0,11000,11000,48.0,57.6,57.6,Pylon,2.0,70.0,Appliance,Utility Solar Bat,Solar + Utility,6,53.0,467,2,0.0,Load on,2.1,Line Mode,960700,0,00202507000200,OG-001,offgrid
67b2e335904395154a89dd82f44bc27f,2026-03-21 13:22:58,00202507001060,Off Grid,00073.08,00012.29,248.9,50.1,435.3,440.9,874,776,0.0,0,0,0,248.9,50.1,1956,1956,17,230.0,47.8,48.0,230.0,47.8,50.0,11000,11000,48.0,57.6,57.6,Pylon,2.0,70.0,Appliance,Utility Solar Bat,Solar + Utility,6,53.0,470,2,0.0,Load on,1.7,Line Mode,960700,0,00202507000200,OG-001,offgrid
5542f29d1bf5eb2e3664d9f3efe0f8f5,2026-03-21 13:27:58,00202507001060,Off Grid,00073.08,00012.29,249.3,50.1,443.1,448.2,814,762,0.0,0,0,0,249.3,50.1,1893,1776,17,230.0,47.8,48.0,230.0,47.8,50.0,11000,11000,48.0,57.6,57.6,Pylon,2.0,70.0,Appliance,Utility Solar Bat,Solar + Utility,6,53.0,470,1,0.0,Load on,1.7,Line Mode,960700,0,00202507000200,OG-001,offgrid
5596149556c5957e3fd3f060aa01e856,2026-03-21 13:32:58,00202507001060,Off Grid,00073.08,00012.29,251.6,50.0,435.4,439.8,991,933,0.0,0,0,0,251.6,50.0,2239,2213,20,230.0,47.8,48.0,230.0,47.8,50.0,11000,11000,48.0,57.6,57.6,Pylon,2.0,70.0,Appliance,Utility Solar Bat,Solar + Utility,6,53.0,470,2,0.0,Load on,2.1,Line Mode,960700,0,00202507000200,OG-001,offgrid
7aeb9f2aefaa56cd60d9ec4e8fc4bc9b,2026-03-21 13:38:00,00202507001060,Off Grid,00073.08,00012.29,250.0,49.9,434.8,440.7,813,742,0.0,0,0,0,250.0,49.9,1825,1798,16,230.0,47.8,48.0,230.0,47.8,50.0,11000,11000,48.0,57.6,57.6,Pylon,2.0,70.0,Appliance,Utility Solar Bat,Solar + Utility,6,53.0,470,1,0.0,Load on,1.6,Line Mode,960700,0,00202507000200,OG-001,offgrid
6af11bd106a0f0c5359a5d3c869697a6,2026-03-21 13:47:58,00202507001060,Off Grid,00073.08,00012.29,246.9,50.0,420.1,426.0,1028,932,0.0,0,0,0,246.9,50.0,2312,2193,21,230.0,47.8,48.0,230.0,47.8,50.0,11000,11000,48.0,57.6,57.6,Pylon,2.0,70.0,Appliance,Utility Solar Bat,Solar + Utility,6,53.0,456,2,0.0,Load on,2.1,Line Mode,960700,0,00202507000200,OG-001,offgrid
3575b6d9d75e5bf07ff285746f1ef841,2026-03-21 13:52:56,00202507001060,Off Grid,00073.08,00012.29,244.1,50.0,407.0,416.0,1080,961,0.0,0,0,0,244.1,50.0,2465,2319,22,230.0,47.8,48.0,230.0,47.8,50.0,11000,11000,48.0,57.6,57.6,Pylon,2.0,70.0,Appliance,Utility Solar Bat,Solar + Utility,6,53.0,447,2,0.0,Load on,2.3,Line Mode,960700,0,00202507000200,OG-001,offgrid
04a16be21ef52b0c4d04af8d701d0967,2026-03-21 13:57:58,00202507001060,Off Grid,00073.08,00012.29,244.5,49.8,417.2,428.1,502,345,0.0,0,0,0,244.5,49.8,1124,1042,10,230.0,47.8,48.0,230.0,47.8,50.0,11000,11000,48.0,57.6,57.6,Pylon,2.0,70.0,Appliance,Utility Solar Bat,Solar + Utility,6,53.0,458,1,0.0,Load on,0.8,Line Mode,960700,0,00202507000200,OG-001,offgrid
2a1f7dff442f25e409e6eab2dc5efd7f,2026-03-21 14:03:01,00202507001060,Off Grid,00073.08,00012.29,242.4,50.0,387.1,384.9,623,639,0.0,0,0,0,242.4,50.0,2006,1922,18,230.0,47.8,48.0,230.0,47.8,50.0,11000,11000,48.0,57.6,57.6,Pylon,2.0,70.0,Appliance,Utility Solar Bat,Solar + Utility,6,53.0,400,1,0.0,Load on,1.6,Line Mode,960700,0,00202507000200,OG-001,offgrid
15a39b303c9f1ffa039a3f9d469b3634,2026-03-21 14:08:00,00202507001060,Off Grid,00073.08,00012.29,240.1,50.0,377.1,385.7,732,710,0.0,0,0,0,240.1,50.0,2280,2180,20,230.0,47.8,48.0,230.0,47.8,50.0,11000,11000,48.0,57.6,57.6,Pylon,2.0,70.0,Appliance,Utility Solar Bat,Solar + Utility,6,53.0,396,1,0.0,Load on,1.8,Line Mode,960700,0,00202507000200,OG-001,offgrid
7188c489b1f81f0f11c12cfe6b96c27c,2026-03-21 14:13:02,00202507001060,Off Grid,00073.08,00012.29,240.3,50.0,380.2,383.0,641,631,0.0,0,0,0,240.3,50.0,2181,2119,19,230.0,47.8,48.0,230.0,47.8,50.0,11000,11000,48.0,57.6,57.6,Pylon,2.0,70.0,Appliance,Utility Solar Bat,Solar + Utility,6,53.0,397,1,0.0,Load on,1.6,Line Mode,960700,0,00202507000200,OG-001,offgrid
308ab917bfde275c7368420a543e1371,2026-03-21 14:18:04,00202507001060,Off Grid,00073.08,00012.29,239.1,50.1,374.5,383.0,497,472,0.0,0,0,0,239.1,50.1,2392,2392,21,230.0,47.8,48.0,230.0,47.8,50.0,11000,11000,48.0,57.6,57.6,Pylon,2.0,70.0,Appliance,Utility Solar Bat,Solar + Utility,6,53.0,393,1,0.0,Load on,1.2,Line Mode,962200,0,00202507000200,OG-001,offgrid
490f8cfe2478409a215a081e769784c1,2026-03-21 14:23:01,00202507001060,Off Grid,00073.08,00012.29,237.1,50.0,383.5,388.5,433,409,0.0,0,0,0,237.1,50.0,2775,2775,25,230.0,47.8,48.0,230.0,47.8,50.0,11000,11000,48.0,57.6,57.6,Pylon,2.0,70.0,Appliance,Utility Solar Bat,Solar + Utility,6,53.0,400,1,0.0,Load on,1.0,Line Mode,962200,0,00202507000200,OG-001,offgrid
78eb93e4d92698be1cdd09f5d9b68967,2026-03-21 14:28:00,00202507001060,Off Grid,00073.08,00012.29,249.6,50.1,457.9,459.4,1111,1176,0.0,0,0,0,249.6,50.1,2580,2515,23,230.0,47.8,48.0,230.0,47.8,50.0,11000,11000,48.0,57.6,57.6,Pylon,2.0,70.0,Appliance,Utility Solar Bat,Solar + Utility,6,53.0,470,2,0.0,Load on,2.5,Line Mode,962200,0,00202507000200,OG-001,offgrid
55539b2953ad62202ee13b3f1e5984e9,2026-03-21 14:33:06,00202507001060,Off Grid,00073.08,00012.29,251.7,50.0,448.4,452.5,1098,1150,0.0,0,0,0,251.7,50.0,2657,2453,24,230.0,47.8,48.0,230.0,47.8,50.0,11000,11000,48.0,57.6,57.6,Pylon,2.0,70.0,Appliance,Utility Solar Bat,Solar + Utility,6,53.0,470,2,0.0,Load on,2.5,Line Mode,962200,0,00202507000200,OG-001,offgrid
391b15899b67c5e330ea06df12f60f85,2026-03-21 14:38:05,00202507001060,Off Grid,00073.08,00012.29,247.6,49.9,441.5,444.7,949,1038,0.0,0,0,0,247.6,49.9,2323,2243,21,230.0,47.8,48.0,230.0,47.8,50.0,11000,11000,48.0,57.6,57.6,Pylon,2.0,70.0,Appliance,Utility Solar Bat,Solar + Utility,6,53.0,469,2,0.0,Load on,2.3,Line Mode,962200,0,00202507000200,OG-001,offgrid
3679407bb377697b1c046e3bf90818c0,2026-03-21 14:43:04,00202507001060,Off Grid,00073.08,00012.29,249.2,50.0,426.3,424.2,975,1081,0.0,0,0,0,249.2,50.0,2442,2303,22,230.0,47.8,48.0,230.0,47.8,50.0,11000,11000,48.0,57.6,57.6,Pylon,2.0,70.0,Appliance,Utility Solar Bat,Solar + Utility,6,53.0,456,2,0.0,Load on,2.5,Line Mode,962200,0,00202507000200,OG-001,offgrid
0cd96ca52bb339a1473eff588e660f4e,2026-03-21 14:48:05,00202507001060,Off Grid,00073.08,00012.29,248.6,50.0,380.8,386.9,981,967,0.0,0,0,0,248.6,50.0,2534,2425,23,230.0,47.8,48.0,230.0,47.8,50.0,11000,11000,48.0,57.6,57.6,Pylon,2.0,70.0,Appliance,Utility Solar Bat,Solar + Utility,6,53.0,397,2,0.0,Load on,2.4,Line Mode,962200,0,00202507000200,OG-001,offgrid
49b2ab08d7d6785f02577e05483b6ca8,2026-03-21 14:53:05,00202507001060,Off Grid,00073.08,00012.29,243.6,49.9,377.3,386.0,925,911,0.0,0,0,0,243.6,49.9,2898,2891,26,230.0,47.8,48.0,230.0,47.8,50.0,11000,11000,48.0,57.6,57.6,Pylon,2.0,70.0,Appliance,Utility Solar Bat,Solar + Utility,6,53.0,396,2,0.0,Load on,2.3,Line Mode,962200,0,00202507000200,OG-001,offgrid
663dc271efdc43df0747f338005cdf3f,2026-03-21 14:58:06,00202507001060,Off Grid,00073.08,00012.29,241.2,50.0,375.4,392.2,1056,1074,0.0,0,0,0,241.2,50.0,3738,3660,33,230.0,47.8,48.0,230.0,47.8,50.0,11000,11000,48.0,57.6,57.6,Pylon,2.0,70.0,Appliance,Utility Solar Bat,Solar + Utility,6,53.0,394,2,0.0,Load on,2.7,Line Mode,962200,0,00202507000200,OG-001,offgrid
0ed2589cf47c45290d1caf7358b162fb,2026-03-21 15:03:06,00202507001060,Off Grid,00073.08,00012.29,245.3,50.0,431.9,432.6,1005,1104,0.0,0,0,0,245.3,50.0,2502,2430,22,230.0,47.8,48.0,230.0,47.8,50.0,11000,11000,48.0,57.6,57.6,Pylon,2.0,70.0,Appliance,Utility Solar Bat,Solar + Utility,6,53.0,463,2,0.0,Load on,2.5,Line Mode,962200,0,00202507000200,OG-001,offgrid
4fb18160f1e95f71052407fdf9428595,2026-03-21 15:08:05,00202507001060,Off Grid,00073.08,00012.29,252.1,49.9,456.5,456.3,887,975,0.0,0,0,0,252.1,49.9,2268,2049,20,230.0,47.8,48.0,230.0,47.8,50.0,11000,11000,48.0,57.6,57.6,Pylon,2.0,70.0,Appliance,Utility Solar Bat,Solar + Utility,6,53.0,470,1,0.0,Load on,2.1,Line Mode,962200,0,00202507000200,OG-001,offgrid
5b538108b17b47032ee34d42fbf657cd,2026-03-21 15:13:05,00202507001060,Off Grid,00073.08,00012.29,250.4,50.0,447.0,451.2,932,1036,0.0,0,0,0,250.4,50.0,2203,2103,20,230.0,47.8,48.0,230.0,47.8,50.0,11000,11000,48.0,57.6,57.6,Pylon,2.0,70.0,Appliance,Utility Solar Bat,Solar + Utility,6,53.0,470,2,0.0,Load on,2.2,Line Mode,962200,0,00202507000200,OG-001,offgrid
5f88d809f793c9552f9172907c08c3dc,2026-03-21 15:23:06,00202507001060,Off Grid,00073.08,00012.29,243.5,49.8,421.3,421.3,713,853,0.0,0,0,0,243.5,49.8,1851,1748,16,230.0,47.8,48.0,230.0,47.8,50.0,11000,11000,48.0,57.6,57.6,Pylon,2.0,70.0,Appliance,Utility Solar Bat,Solar + Utility,6,53.0,452,1,0.0,Load on,2.0,Line Mode,964100,0,00202507000200,OG-001,offgrid
668443f4382d7af2781026d7ca195cbc,2026-03-21 15:28:09,00202507001060,Off Grid,00073.08,00012.29,241.8,50.0,365.8,364.3,594,626,0.0,0,0,0,241.8,50.0,1986,1805,18,230.0,47.8,48.0,230.0,47.8,50.0,11000,11000,48.0,57.6,57.6,Pylon,2.0,70.0,Appliance,Utility Solar Bat,Solar + Utility,6,53.0,378,1,0.0,Load on,1.7,Line Mode,964100,0,00202507000200,OG-001,offgrid
731ee98927977355293319dfb8a8e202,2026-03-21 15:33:08,00202507001060,Off Grid,00073.08,00012.29,241.2,50.0,384.2,379.2,473,511,0.0,0,0,0,241.2,50.0,1905,1773,17,230.0,47.8,48.0,230.0,47.8,50.0,11000,11000,48.0,57.6,57.6,Pylon,2.0,70.0,Appliance,Utility Solar Bat,Solar + Utility,6,53.0,394,1,0.0,Load on,1.3,Line Mode,964100,0,00202507000200,OG-001,offgrid
24294b2f1257ccc81cdbca38ebbbabc1,2026-03-21 15:38:07,00202507001060,Off Grid,00073.08,00012.29,240.7,50.0,383.2,383.3,524,537,0.0,0,0,0,240.7,50.0,2190,2088,19,230.0,47.8,48.0,230.0,47.8,50.0,11000,11000,48.0,57.6,57.6,Pylon,2.0,70.0,Appliance,Utility Solar Bat,Solar + Utility,6,53.0,393,1,0.0,Load on,1.4,Line Mode,964100,0,00202507000200,OG-001,offgrid
487f4ea13fd286826f9a2fb6375a19ee,2026-03-21 15:43:06,00202507001060,Off Grid,00073.08,00012.29,238.2,50.0,366.7,367.6,378,404,0.0,0,0,0,238.2,50.0,1958,1888,17,230.0,47.8,48.0,230.0,47.8,50.0,11000,11000,48.0,57.6,57.6,Pylon,2.0,70.0,Appliance,Utility Solar Bat,Solar + Utility,6,53.0,376,1,0.0,Load on,1.0,Line Mode,964100,0,00202507000200,OG-001,offgrid
59a5a32c9a1f9d6f7c7603b344046e21,2026-03-21 15:48:08,00202507001060,Off Grid,00073.08,00012.29,240.4,50.0,385.2,380.8,407,449,0.0,0,0,0,240.4,50.0,1995,1910,18,230.0,47.8,48.0,230.0,47.8,50.0,11000,11000,48.0,57.6,57.6,Pylon,2.0,70.0,Appliance,Utility Solar Bat,Solar + Utility,6,53.0,395,1,0.0,Load on,1.1,Line Mode,964100,0,00202507000200,OG-001,offgrid
5d68334a46f7a2d417c4149ddc422e6a,2026-03-21 15:53:08,00202507001060,Off Grid,00073.08,00012.29,238.0,49.9,378.2,374.3,464,498,0.0,0,0,0,238.0,49.9,2283,2221,20,230.0,47.8,48.0,230.0,47.8,50.0,11000,11000,48.0,57.6,57.6,Pylon,2.0,70.0,Appliance,Utility Solar Bat,Solar + Utility,6,53.0,388,1,0.0,Load on,1.3,Line Mode,964100,0,00202507000200,OG-001,offgrid
5c7011e07c3c840366fd27c9a8455f22,2026-03-21 15:58:08,00202507001060,Off Grid,00073.08,00012.29,237.9,49.9,378.8,367.6,397,433,0.0,0,0,0,237.9,49.9,2324,2171,21,230.0,47.8,48.0,230.0,47.8,50.0,11000,11000,48.0,57.6,57.6,Pylon,2.0,70.0,Appliance,Utility Solar Bat,Solar + Utility,6,53.0,388,1,0.0,Load on,1.1,Line Mode,964100,0,00202507000200,OG-001,offgrid
63b2cfe609eec45153e3de19a7d53903,2026-03-21 16:03:06,00202507001060,Off Grid,00073.08,00012.29,231.7,49.9,355.9,361.1,336,320,0.0,0,0,0,231.7,49.9,2386,2374,21,230.0,47.8,48.0,230.0,47.8,50.0,11000,11000,48.0,57.6,57.6,Pylon,2.0,70.0,Appliance,Utility Solar Bat,Solar + Utility,6,53.0,370,0,0.0,Load on,0.8,Line Mode,964100,0,00202507000200,OG-001,offgrid
34dcef471621fdde5cdba702add75b88,2026-03-21 16:08:07,00202507001060,Off Grid,00073.08,00012.29,231.7,49.9,361.4,360.2,239,279,0.0,0,0,0,231.7,49.9,2797,2733,25,230.0,47.8,48.0,230.0,47.8,50.0,11000,11000,48.0,57.6,57.6,Pylon,2.0,70.0,Appliance,Utility Solar Bat,Solar + Utility,6,53.0,372,0,0.0,Load on,0.7,Line Mode,964100,0,00202507000200,OG-001,offgrid
51df590749dde8070abfff3beb97d7d8,2026-03-21 16:13:06,00202507001060,Off Grid,00073.08,00012.29,230.7,49.9,356.4,369.6,268,247,0.0,0,0,0,230.7,49.9,2883,2747,26,230.0,47.8,48.0,230.0,47.8,50.0,11000,11000,48.0,57.6,57.6,Pylon,2.0,70.0,Appliance,Utility Solar Bat,Solar + Utility,6,53.0,377,0,0.0,Load on,0.6,Line Mode,964100,0,00202507000200,OG-001,offgrid
420b92828a70e55240fa271214bc5f94,2026-03-21 16:23:06,00202507001060,Off Grid,00073.08,00012.29,242.5,49.8,242.0,265.4,867,901,0.0,0,0,0,242.5,49.8,2570,2434,23,230.0,47.8,48.0,230.0,47.8,50.0,11000,11000,48.0,57.6,57.6,Pylon,2.0,70.0,Appliance,Utility Solar Bat,Solar + Utility,6,53.0,380,3,0.0,Load on,3.3,Line Mode,965100,0,00202507000200,OG-001,offgrid
1bfb74da03923c6a281113e07e28feae,2026-03-21 16:28:08,00202507001060,Off Grid,00073.08,00012.29,245.2,49.8,430.1,427.5,1429,1536,0.0,0,0,0,245.2,49.8,3238,3238,29,230.0,47.8,48.0,230.0,47.8,50.0,11000,11000,48.0,57.6,57.6,Pylon,2.0,70.0,Appliance,Utility Solar Bat,Solar + Utility,6,53.0,460,3,0.0,Load on,3.5,Line Mode,965100,0,00202507000200,OG-001,offgrid
558c39c580d755e90487abd9ce981b67,2026-03-21 16:38:06,00202507001060,Off Grid,00073.08,00012.29,243.5,49.8,438.5,436.6,1116,1258,0.0,0,0,0,243.5,49.8,2633,2534,23,230.0,47.8,48.0,230.0,47.8,50.0,11000,11000,48.0,57.6,57.6,Pylon,2.0,70.0,Appliance,Utility Solar Bat,Solar + Utility,6,53.0,469,2,0.0,Load on,2.8,Line Mode,965100,0,00202507000200,OG-001,offgrid
385339a753eef1827e1e7f6bd8850f0c,2026-03-21 16:43:07,00202507001060,Off Grid,00073.08,00012.29,241.5,50.0,387.1,380.4,831,858,0.0,0,0,0,241.5,50.0,2753,2736,25,230.0,47.8,48.0,230.0,47.8,50.0,11000,11000,48.0,57.6,57.6,Pylon,2.0,70.0,Appliance,Utility Solar Bat,Solar + Utility,6,53.0,397,2,0.0,Load on,2.2,Line Mode,965100,0,00202507000200,OG-001,offgrid
6801de667fbf443e3165a37561897e7f,2026-03-21 16:48:06,00202507001060,Off Grid,00073.08,00012.29,241.1,49.9,366.4,374.5,935,955,0.0,0,0,0,241.1,49.9,2988,2966,27,230.0,47.8,48.0,230.0,47.8,50.0,11000,11000,48.0,57.6,57.6,Pylon,2.0,70.0,Appliance,Utility Solar Bat,Solar + Utility,6,53.0,378,2,0.0,Load on,2.5,Line Mode,965100,0,00202507000200,OG-001,offgrid
2eda6f1d09ce68da39f23286696df9d4,2026-03-21 16:53:06,00202507001060,Off Grid,00073.08,00012.29,238.4,49.9,371.5,369.0,488,501,0.0,0,0,0,238.4,49.9,2504,2358,22,230.0,47.8,48.0,230.0,47.8,50.0,11000,11000,48.0,57.6,57.6,Pylon,2.0,70.0,Appliance,Utility Solar Bat,Solar + Utility,6,53.0,383,1,0.0,Load on,1.3,Line Mode,965100,0,00202507000200,OG-001,offgrid
44f2c46af12d9e4e4e8636aedcc827e3,2026-03-21 16:58:03,00202507001060,Off Grid,00073.08,00012.29,229.2,49.7,380.5,379.8,406,443,0.0,0,0,0,229.2,49.7,3483,3458,31,230.0,47.8,48.0,230.0,47.8,50.0,11000,11000,48.0,57.6,57.6,Pylon,2.0,70.0,Appliance,Utility Solar Bat,Solar + Utility,6,53.0,391,1,0.0,Load on,1.1,Line Mode,965100,0,00202507000200,OG-001,offgrid
1b6701e3e82fb4cd733dd7da48d1cbbb,2026-03-21 17:03:06,00202507001060,Off Grid,00073.08,00012.29,236.7,49.9,373.6,376.3,379,420,0.0,0,0,0,236.7,49.9,2109,2009,19,230.0,47.8,48.0,230.0,47.8,50.0,11000,11000,48.0,57.6,57.6,Pylon,2.0,70.0,Appliance,Utility Solar Bat,Solar + Utility,6,53.0,383,1,0.0,Load on,1.1,Line Mode,965100,0,00202507000200,OG-001,offgrid
14facec8b05deb44628c01bf6e42305e,2026-03-21 17:08:06,00202507001060,Off Grid,00073.08,00012.29,238.1,49.9,381.7,388.2,508,477,0.0,0,0,0,238.1,49.9,2238,2176,20,230.0,47.8,48.0,230.0,47.8,50.0,11000,11000,48.0,57.6,57.6,Pylon,2.0,70.0,Appliance,Utility Solar Bat,Solar + Utility,6,53.0,399,1,0.0,Load on,1.2,Line Mode,965100,0,00202507000200,OG-001,offgrid
2158216d700a41d44d95a94be9f83c4f,2026-03-21 17:18:05,00202507001060,Off Grid,00073.08,00012.29,230.4,49.9,347.9,360.5,237,214,0.0,0,0,0,230.4,49.9,2580,2560,23,230.0,47.8,48.0,230.0,47.8,50.0,11000,11000,48.0,57.6,57.6,Pylon,2.0,70.0,Appliance,Utility Solar Bat,Solar + Utility,6,53.0,371,0,0.0,Load on,0.5,Line Mode,966500,0,00202507000200,OG-001,offgrid
4a88eac9c4ae69bb567a9d0964cb782e,2026-03-21 17:23:06,00202507001060,Off Grid,00073.08,00012.29,232.2,49.9,360.4,360.2,218,224,0.0,0,0,0,232.2,49.9,2297,2203,20,230.0,47.8,48.0,230.0,47.8,50.0,11000,11000,48.0,57.6,57.6,Pylon,2.0,70.0,Appliance,Utility Solar Bat,Solar + Utility,6,53.0,370,0,0.0,Load on,0.6,Line Mode,966500,0,00202507000200,OG-001,offgrid
3cfb25dea648d76e692f03b7dad9120e,2026-03-21 17:33:06,00202507001060,Off Grid,00073.08,00012.29,222.0,49.8,349.2,356.4,218,191,0.0,0,0,0,222.0,49.8,3147,3147,28,230.0,47.8,48.0,230.0,47.8,50.0,11000,11000,48.0,57.6,57.6,Pylon,2.0,70.0,Appliance,Utility Solar Bat,Solar + Utility,6,53.0,366,0,0.0,Load on,0.5,Line Mode,966500,0,00202507000200,OG-001,offgrid
6783b4eefdb50ccd1d8e5b8fced61f3d,2026-03-21 17:38:05,00202507001060,Off Grid,00073.08,00012.29,221.8,49.8,89.3,90.0,30,42,0.0,0,0,0,221.8,49.8,3170,3109,28,230.0,47.8,48.0,230.0,47.8,50.0,11000,11000,48.0,57.6,57.6,Pylon,2.0,70.0,Appliance,Utility Solar Bat,Solar + Utility,6,53.0,350,0,0.0,Load on,0.4,Line Mode,966500,0,00202507000200,OG-001,offgrid
586cbd9a02efd1f851d04eebfb28d77d,2026-03-21 17:43:06,00202507001060,Off Grid,00073.08,00012.29,225.5,49.9,90.0,89.9,18,31,0.0,0,0,0,225.5,49.9,2818,2801,25,230.0,47.8,48.0,230.0,47.8,50.0,11000,11000,48.0,57.6,57.6,Pylon,2.0,70.0,Appliance,Utility Solar Bat,Solar + Utility,6,53.0,353,0,0.0,Load on,0.3,Line Mode,966500,0,00202507000200,OG-001,offgrid
5644e3c62a05836a145feaee6924bd94,2026-03-21 17:48:06,00202507001060,Off Grid,00073.08,00012.29,222.1,49.9,88.1,90.2,12,20,0.0,0,0,0,222.1,49.9,3153,3118,28,230.0,47.8,48.0,230.0,47.8,50.0,11000,11000,48.0,57.6,57.6,Pylon,2.0,70.0,Appliance,Utility Solar Bat,Solar + Utility,6,53.0,350,0,0.0,Load on,0.2,Line Mode,966500,0,00202507000200,OG-001,offgrid
37a0aa4d4c9a0f3721bd72ca64761a28,2026-03-21 17:53:09,00202507001060,Off Grid,00073.08,00012.29,225.1,49.9,63.2,64.1,0,0,0.0,0,0,0,225.1,49.9,2791,2707,25,230.0,47.8,48.0,230.0,47.8,50.0,11000,11000,48.0,57.6,57.6,Pylon,2.0,70.0,Appliance,Utility Solar Bat,Solar + Utility,6,53.0,352,0,0.0,Load on,0.0,Line Mode,966700,0,00202507000200,OG-001,offgrid
3e063753e133f0a37ca69c1d9bfdcde1,2026-03-21 17:58:12,00202507001060,Off Grid,00073.08,00012.29,222.8,49.9,0.0,0.0,0,0,0.0,0,0,0,222.8,49.9,2829,2729,25,230.0,47.8,48.0,230.0,47.8,50.0,11000,11000,48.0,57.6,57.6,Pylon,2.0,70.0,Appliance,Utility Solar Bat,Solar + Utility,6,53.0,351,0,0.0,Load on,0.0,Line Mode,966700,0,00202507000200,OG-001,offgrid
700f0398ea9e11b8331e1e0e915d1a27,2026-03-21 18:03:14,00202507001060,Off Grid,00073.08,00012.29,216.1,49.8,0.0,0.0,0,0,0.0,0,0,0,216.1,49.8,3161,3161,28,230.0,47.8,48.0,230.0,47.8,50.0,11000,11000,48.0,57.6,57.6,Pylon,2.0,70.0,Appliance,Utility Solar Bat,Solar + Utility,6,53.0,350,0,0.0,Load on,0.0,Line Mode,966700,0,00202507000200,OG-001,offgrid
6edfa5c856c281fc18164a27da9f563e,2026-03-21 18:08:15,00202507001060,Off Grid,00073.08,00012.29,224.2,49.8,0.0,88.4,0,0,0.0,0,0,0,224.2,49.8,2975,2898,27,230.0,47.8,48.0,230.0,47.8,50.0,11000,11000,48.0,57.6,57.6,Pylon,2.0,70.0,Appliance,Utility Solar Bat,Solar + Utility,6,53.0,346,0,0.0,Load on,0.0,Line Mode,966700,0,00202507000200,OG-001,offgrid
7db11763b39eee6f16ecbd1a4a3f9c2b,2026-03-21 18:13:16,00202507001060,Off Grid,00073.08,00012.29,223.3,49.9,0.0,0.0,0,0,0.0,0,0,0,223.3,49.9,2992,2977,27,230.0,47.8,48.0,230.0,47.8,50.0,11000,11000,48.0,57.6,57.6,Pylon,2.0,70.0,Appliance,Utility Solar Bat,Solar + Utility,6,53.0,345,0,0.0,Load on,0.0,Line Mode,966700,0,00202507000200,OG-001,offgrid
28fe9f414bfa902d08377d3eb7c735eb,2026-03-21 18:18:15,00202507001060,Off Grid,00073.08,00012.29,223.6,50.0,0.0,0.0,0,0,0.0,0,0,0,223.6,50.0,2929,2892,26,230.0,47.8,48.0,230.0,47.8,50.0,11000,11000,48.0,57.6,57.6,Pylon,2.0,70.0,Appliance,Utility Solar Bat,Solar + Utility,6,53.0,352,0,0.0,Load on,0.0,Line Mode,966700,0,00202507000200,OG-001,offgrid
511740be2eb0c17518f58c38844f619c,2026-03-21 18:23:15,00202507001060,Off Grid,00073.08,00012.29,223.8,50.0,0.0,0.0,0,0,0.0,0,0,0,223.8,50.0,3197,3162,29,230.0,47.8,48.0,230.0,47.8,50.0,11000,11000,48.0,57.6,57.6,Pylon,2.0,70.0,Appliance,Utility Solar Bat,Solar + Utility,6,53.0,352,0,0.0,Load on,0.0,Line Mode,966700,0,00202507000200,OG-001,offgrid
4fe4e891ac2b283f7dca037909af6845,2026-03-21 18:28:14,00202507001060,Off Grid,00073.08,00012.29,226.9,49.9,0.0,0.0,0,0,0.0,0,0,0,226.9,49.9,3136,3079,28,230.0,47.8,48.0,230.0,47.8,50.0,11000,11000,48.0,57.6,57.6,Pylon,2.0,70.0,Appliance,Utility Solar Bat,Solar + Utility,6,53.0,357,0,0.0,Load on,0.0,Line Mode,966700,0,00202507000200,OG-001,offgrid
65793a60cff79dd02b32c0f3dd7e2dfc,2026-03-21 18:38:15,00202507001060,Off Grid,00073.08,00012.29,224.1,50.0,0.0,0.0,0,0,0.0,0,0,0,224.1,50.0,3137,3083,28,230.0,47.8,48.0,230.0,47.8,50.0,11000,11000,48.0,57.6,57.6,Pylon,2.0,70.0,Appliance,Utility Solar Bat,Solar + Utility,6,53.0,353,0,0.0,Load on,0.0,Line Mode,966700,0,00202507000200,OG-001,offgrid
2523472a3852c0b86b1a8dca7ae431f8,2026-03-21 18:43:17,00202507001060,Off Grid,00073.08,00012.29,219.9,50.0,0.0,0.0,0,0,0.0,0,0,0,219.9,50.0,4441,4406,40,230.0,47.8,48.0,230.0,47.8,50.0,11000,11000,48.0,57.6,57.6,Pylon,2.0,70.0,Appliance,Utility Solar Bat,Solar + Utility,6,53.0,350,0,0.0,Load on,0.0,Line Mode,966700,0,00202507000200,OG-001,offgrid
7fa56b0988dd7db55e0b8d57ed04d0c1,2026-03-21 18:48:20,00202507001060,Off Grid,00073.08,00012.29,226.8,50.0,0.0,0.0,0,0,0.0,0,0,0,226.8,50.0,3220,3169,29,230.0,47.8,48.0,230.0,47.8,50.0,11000,11000,48.0,57.6,57.6,Pylon,2.0,70.0,Appliance,Utility Solar Bat,Solar + Utility,6,53.0,356,0,0.0,Load on,0.0,Line Mode,966700,0,00202507000200,OG-001,offgrid
5fa665443c3041b679b8988c0ec25b95,2026-03-21 18:53:17,00202507001060,Off Grid,00073.08,00012.29,225.5,49.9,0.0,0.0,0,0,0.0,0,0,0,225.5,49.9,3202,3170,29,230.0,47.8,48.0,230.0,47.8,50.0,11000,11000,48.0,57.6,57.6,Pylon,2.0,70.0,Appliance,Utility Solar Bat,Solar + Utility,6,53.0,355,0,0.0,Load on,0.0,Line Mode,966700,0,00202507000200,OG-001,offgrid
3a938459c6ef008867a706d454debaf3,2026-03-21 18:58:17,00202507001060,Off Grid,00073.08,00012.29,224.7,49.9,0.0,0.0,0,0,0.0,0,0,0,224.7,49.9,3460,3415,31,230.0,47.8,48.0,230.0,47.8,50.0,11000,11000,48.0,57.6,57.6,Pylon,2.0,70.0,Appliance,Utility Solar Bat,Solar + Utility,6,53.0,353,0,0.0,Load on,0.0,Line Mode,966700,0,00202507000200,OG-001,offgrid
0f1f533659b2d46a2a78e44abb3bb3f6,2026-03-21 19:03:19,00202507001060,Off Grid,00073.08,00012.29,224.5,49.8,0.0,0.0,0,0,0.0,0,0,0,224.5,49.8,3316,3257,30,230.0,47.8,48.0,230.0,47.8,50.0,11000,11000,48.0,57.6,57.6,Pylon,2.0,70.0,Appliance,Utility Solar Bat,Solar + Utility,6,53.0,353,0,0.0,Load on,0.0,Line Mode,966700,0,00202507000200,OG-001,offgrid
714cb08f0281c1727c3eb437b8d486bc,2026-03-21 19:13:20,00202507001060,Off Grid,00073.08,00012.29,224.5,49.9,0.0,0.0,0,0,0.0,0,0,0,224.5,49.9,3277,3246,29,230.0,47.8,48.0,230.0,47.8,50.0,11000,11000,48.0,57.6,57.6,Pylon,2.0,70.0,Appliance,Utility Solar Bat,Solar + Utility,6,53.0,353,0,0.0,Load on,0.0,Line Mode,966700,0,00202507000200,OG-001,offgrid
12220fc62a06bf7e54ab1ee13baa83a2,2026-03-21 19:18:19,00202507001060,Off Grid,00073.08,00012.29,227.9,49.9,0.0,0.0,0,0,0.0,0,0,0,227.9,49.9,3257,3257,29,230.0,47.8,48.0,230.0,47.8,50.0,11000,11000,48.0,57.6,57.6,Pylon,2.0,70.0,Appliance,Utility Solar Bat,Solar + Utility,6,53.0,359,0,0.0,Load on,0.0,Line Mode,966700,0,00202507000200,OG-001,offgrid
08a8a7416260c6751c86a3adcfe9d76a,2026-03-21 19:22:53,00202507001060,Off Grid,00073.08,00012.29,226.8,49.9,0.0,0.0,0,0,0.0,0,0,0,226.8,49.9,3217,3188,29,230.0,47.8,48.0,230.0,47.8,50.0,11000,11000,48.0,57.6,57.6,Pylon,2.0,70.0,Appliance,Utility Solar Bat,Solar + Utility,6,53.0,356,0,0.0,Load on,0.0,Line Mode,966700,0,00202507000200,OG-001,offgrid
1f5f0c500d7637035119f630bf0ff626,2026-03-21 19:27:48,00202507001060,Off Grid,00073.08,00012.29,221.1,50.0,0.0,0.0,0,0,0.0,0,0,0,221.1,50.0,3626,3622,32,230.0,47.8,48.0,230.0,47.8,50.0,11000,11000,48.0,57.6,57.6,Pylon,2.0,70.0,Appliance,Utility Solar Bat,Solar + Utility,6,53.0,349,0,0.0,Load on,0.0,Line Mode,966700,0,00202507000200,OG-001,offgrid
6264b367e0ca9810790da51de4de540b,2026-03-21 19:32:39,00202507001060,Off Grid,00073.08,00012.29,224.1,50.0,0.0,0.0,0,0,0.0,0,0,0,224.1,50.0,3227,3169,29,230.0,47.8,48.0,230.0,47.8,50.0,11000,11000,48.0,57.6,57.6,Pylon,2.0,70.0,Appliance,Utility Solar Bat,Solar + Utility,6,53.0,352,0,0.0,Load on,0.0,Line Mode,966700,0,00202507000200,OG-001,offgrid
5e9bafd49e2e7dd80daf706585cbf819,2026-03-21 19:42:24,00202507001060,Off Grid,00073.08,00012.29,223.9,50.0,0.0,0.0,0,0,0.0,0,0,0,223.9,50.0,3156,3128,28,230.0,47.8,48.0,230.0,47.8,50.0,11000,11000,48.0,57.6,57.6,Pylon,2.0,70.0,Appliance,Utility Solar Bat,Solar + Utility,6,53.0,352,0,0.0,Load on,0.0,Line Mode,966700,0,00202507000200,OG-001,offgrid
73c2660ebcaa03894f59a266f3ec2bee,2026-03-21 19:47:16,00202507001060,Off Grid,00073.08,00012.29,224.4,50.0,0.0,0.0,0,0,0.0,0,0,0,224.4,50.0,3119,3080,28,230.0,47.8,48.0,230.0,47.8,50.0,11000,11000,48.0,57.6,57.6,Pylon,2.0,70.0,Appliance,Utility Solar Bat,Solar + Utility,6,53.0,353,0,0.0,Load on,0.0,Line Mode,966700,0,00202507000200,OG-001,offgrid
56c99060950b190c2f6213c8b8acb3c9,2026-03-21 19:52:09,00202507001060,Off Grid,00073.08,00012.29,224.1,50.0,0.0,0.0,0,0,0.0,0,0,0,224.1,50.0,3137,3104,28,230.0,47.8,48.0,230.0,47.8,50.0,11000,11000,48.0,57.6,57.6,Pylon,2.0,70.0,Appliance,Utility Solar Bat,Solar + Utility,6,53.0,352,0,0.0,Load on,0.0,Line Mode,966700,0,00202507000200,OG-001,offgrid
20a5a0e6ea55efc45aa648d0cc2f543a,2026-03-21 19:57:03,00202507001060,Off Grid,00073.08,00012.29,223.3,49.9,0.0,0.0,0,0,0.0,0,0,0,223.3,49.9,3148,3114,28,230.0,47.8,48.0,230.0,47.8,50.0,11000,11000,48.0,57.6,57.6,Pylon,2.0,70.0,Appliance,Utility Solar Bat,Solar + Utility,6,53.0,350,0,0.0,Load on,0.0,Line Mode,966700,0,00202507000200,OG-001,offgrid
7a21b6c525937e2127414ce2b05e2512,2026-03-21 20:01:56,00202507001060,Off Grid,00073.08,00012.29,225.3,49.9,0.0,0.0,0,0,0.0,0,0,0,225.3,49.9,3221,3170,29,230.0,47.8,48.0,230.0,47.8,50.0,11000,11000,48.0,57.6,57.6,Pylon,2.0,70.0,Appliance,Utility Solar Bat,Solar + Utility,6,53.0,355,0,0.0,Load on,0.0,Line Mode,966700,0,00202507000200,OG-001,offgrid
6f65727fb6dc1bc2558e42c3a5bd22c5,2026-03-21 20:06:49,00202507001060,Off Grid,00073.08,00012.29,222.0,49.8,0.0,0.0,0,0,0.0,0,0,0,222.0,49.8,3174,3146,28,230.0,47.8,48.0,230.0,47.8,50.0,11000,11000,48.0,57.6,57.6,Pylon,2.0,70.0,Appliance,Utility Solar Bat,Solar + Utility,6,53.0,350,0,0.0,Load on,0.0,Line Mode,966700,0,00202507000200,OG-001,offgrid
37ff2ddbacfa83897499e9d2b258ab81,2026-03-21 20:11:41,00202507001060,Off Grid,00073.08,00012.29,223.9,49.9,0.0,0.0,0,0,0.0,0,0,0,223.9,49.9,3246,3204,29,230.0,47.8,48.0,230.0,47.8,50.0,11000,11000,48.0,57.6,57.6,Pylon,2.0,70.0,Appliance,Utility Solar Bat,Solar + Utility,6,53.0,353,0,0.0,Load on,0.0,Line Mode,966700,0,00202507000200,OG-001,offgrid
0b928c6a2c51f4ea27c6504f42d5cd7d,2026-03-21 20:16:33,00202507001060,Off Grid,00073.08,00012.29,224.3,49.9,0.0,0.0,0,0,0.0,0,0,0,224.3,49.9,3280,3244,29,230.0,47.8,48.0,230.0,47.8,50.0,11000,11000,48.0,57.6,57.6,Pylon,2.0,70.0,Appliance,Utility Solar Bat,Solar + Utility,6,53.0,353,0,0.0,Load on,0.0,Line Mode,966700,0,00202507000200,OG-001,offgrid
6b2c7544a63c54b02744ab368a7f88cf,2026-03-21 20:21:24,00202507001060,Off Grid,00073.08,00012.29,222.3,49.9,0.0,0.0,0,0,0.0,0,0,0,222.3,49.9,3245,3223,29,230.0,47.8,48.0,230.0,47.8,50.0,11000,11000,48.0,57.6,57.6,Pylon,2.0,70.0,Appliance,Utility Solar Bat,Solar + Utility,6,53.0,351,0,0.0,Load on,0.0,Line Mode,966700,0,00202507000200,OG-001,offgrid
71d5dae6b9904d9776015bdaff888c2b,2026-03-21 20:26:17,00202507001060,Off Grid,00073.08,00012.29,222.2,49.9,0.0,0.0,0,0,0.0,0,0,0,222.2,49.9,3221,3184,29,230.0,47.8,48.0,230.0,47.8,50.0,11000,11000,48.0,57.6,57.6,Pylon,2.0,70.0,Appliance,Utility Solar Bat,Solar + Utility,6,53.0,350,0,0.0,Load on,0.0,Line Mode,966700,0,00202507000200,OG-001,offgrid
5dbf5c80ca516b0820611efe977504e5,2026-03-21 20:31:10,00202507001060,Off Grid,00073.08,00012.29,217.7,49.9,0.0,0.0,0,0,0.0,0,0,0,217.7,49.9,4467,4467,40,230.0,47.8,48.0,230.0,47.8,50.0,11000,11000,48.0,57.6,57.6,Pylon,2.0,70.0,Appliance,Utility Solar Bat,Solar + Utility,6,53.0,350,0,0.0,Load on,0.0,Line Mode,966700,0,00202507000200,OG-001,offgrid
09b36c86eed3dced58b54320f29ab6d8,2026-03-21 20:36:02,00202507001060,Off Grid,00073.08,00012.29,219.7,50.0,0.0,0.0,0,0,0.0,0,0,0,219.7,50.0,4503,4422,40,230.0,47.8,48.0,230.0,47.8,50.0,11000,11000,48.0,57.6,57.6,Pylon,2.0,70.0,Appliance,Utility Solar Bat,Solar + Utility,6,53.0,349,0,0.0,Load on,0.0,Line Mode,966700,0,00202507000200,OG-001,offgrid
4a8f0881ee7a90bf6977bbcfd8f25a50,2026-03-21 20:40:56,00202507001060,Off Grid,00073.08,00012.29,225.2,49.9,0.0,0.0,0,0,0.0,0,0,0,225.2,49.9,3223,3164,29,230.0,47.8,48.0,230.0,47.8,50.0,11000,11000,48.0,57.6,57.6,Pylon,2.0,70.0,Appliance,Utility Solar Bat,Solar + Utility,6,53.0,354,0,0.0,Load on,0.0,Line Mode,966700,0,00202507000200,OG-001,offgrid
10d66ebacbae1da274a9818bd7c219b9,2026-03-21 20:45:48,00202507001060,Off Grid,00073.08,00012.29,222.6,49.9,0.0,0.0,0,0,0.0,0,0,0,222.6,49.9,3606,3597,32,230.0,47.8,48.0,230.0,47.8,50.0,11000,11000,48.0,57.6,57.6,Pylon,2.0,70.0,Appliance,Utility Solar Bat,Solar + Utility,6,53.0,350,0,0.0,Load on,0.0,Line Mode,966700,0,00202507000200,OG-001,offgrid
12c456f2bce9c9d7174605741e6c2677,2026-03-21 20:50:41,00202507001060,Off Grid,00073.08,00012.29,227.4,50.0,0.0,0.0,0,0,0.0,0,0,0,227.4,50.0,3138,3113,28,230.0,47.8,48.0,230.0,47.8,50.0,11000,11000,48.0,57.6,57.6,Pylon,2.0,70.0,Appliance,Utility Solar Bat,Solar + Utility,6,53.0,357,0,0.0,Load on,0.0,Line Mode,966700,0,00202507000200,OG-001,offgrid
3a38379fbd18e6de2409a18378d497d1,2026-03-21 20:55:35,00202507001060,Off Grid,00073.08,00012.29,227.2,50.0,0.0,0.0,0,0,0.0,0,0,0,227.2,50.0,3157,3157,28,230.0,47.8,48.0,230.0,47.8,50.0,11000,11000,48.0,57.6,57.6,Pylon,2.0,70.0,Appliance,Utility Solar Bat,Solar + Utility,6,53.0,357,0,0.0,Load on,0.0,Line Mode,966700,0,00202507000200,OG-001,offgrid
56accea6522821c65290a7b95dd40d71,2026-03-21 21:00:27,00202507001060,Off Grid,00073.08,00012.29,226.5,49.9,60.0,0.0,0,0,0.0,0,0,0,226.5,49.9,3131,3076,28,230.0,47.8,48.0,230.0,47.8,50.0,11000,11000,48.0,57.6,57.6,Pylon,2.0,70.0,Appliance,Utility Solar Bat,Solar + Utility,6,53.0,356,0,0.0,Load on,0.0,Line Mode,966700,0,00202507000200,OG-001,offgrid
5d6ed07e6032c88742049ca492de9aac,2026-03-21 21:05:19,00202507001060,Off Grid,00073.08,00012.29,225.9,49.9,62.3,63.4,0,0,0.0,0,0,0,225.9,49.9,3456,3415,31,230.0,47.8,48.0,230.0,47.8,50.0,11000,11000,48.0,57.6,57.6,Pylon,2.0,70.0,Appliance,Utility Solar Bat,Solar + Utility,6,53.0,354,0,0.0,Load on,0.0,Line Mode,966700,0,00202507000200,OG-001,offgrid
4929d8f57fef39355a3008a25fca9fb2,2026-03-21 21:10:11,00202507001060,Off Grid,00073.08,00012.29,227.5,50.0,0.0,61.0,0,0,0.0,0,0,0,227.5,50.0,3185,3145,28,230.0,47.8,48.0,230.0,47.8,50.0,11000,11000,48.0,57.6,57.6,Pylon,2.0,70.0,Appliance,Utility Solar Bat,Solar + Utility,6,53.0,357,0,0.0,Load on,0.0,Line Mode,966700,0,00202507000200,OG-001,offgrid
454e1ef66af843987cf23b88f5678f67,2026-03-21 21:15:03,00202507001060,Off Grid,00073.08,00012.29,226.3,50.0,0.0,65.1,0,0,0.0,0,0,0,226.3,50.0,3213,3123,29,230.0,47.8,48.0,230.0,47.8,50.0,11000,11000,48.0,57.6,57.6,Pylon,2.0,70.0,Appliance,Utility Solar Bat,Solar + Utility,6,53.0,356,0,0.0,Load on,0.0,Line Mode,966700,0,00202507000200,OG-001,offgrid
531972a10860cc4754149f5fd760f64e,2026-03-21 21:19:55,00202507001060,Off Grid,00073.08,00012.29,224.4,50.0,63.5,0.0,0,0,0.0,0,0,0,224.4,50.0,3606,3606,32,230.0,47.8,48.0,230.0,47.8,50.0,11000,11000,48.0,57.6,57.6,Pylon,2.0,70.0,Appliance,Utility Solar Bat,Solar + Utility,6,53.0,353,0,0.0,Load on,0.0,Line Mode,966700,0,00202507000200,OG-001,offgrid
3a4a476dff493a932c61cf186ba945c9,2026-03-21 21:24:47,00202507001060,Off Grid,00073.08,00012.29,227.2,50.1,62.3,64.0,0,0,0.0,0,0,0,227.2,50.1,3271,3229,29,230.0,47.8,48.0,230.0,47.8,50.0,11000,11000,48.0,57.6,57.6,Pylon,2.0,70.0,Appliance,Utility Solar Bat,Solar + Utility,6,53.0,357,0,0.0,Load on,0.0,Line Mode,966700,0,00202507000200,OG-001,offgrid
60259f45ead0ad753ae98b31cbecf1bc,2026-03-21 21:29:39,00202507001060,Off Grid,00073.08,00012.29,227.4,50.0,60.7,62.1,0,0,0.0,0,0,0,227.4,50.0,3296,3296,29,230.0,47.8,48.0,230.0,47.8,50.0,11000,11000,48.0,57.6,57.6,Pylon,2.0,70.0,Appliance,Utility Solar Bat,Solar + Utility,6,53.0,358,0,0.0,Load on,0.0,Line Mode,966700,0,00202507000200,OG-001,offgrid
27a51902c14499496d3e4a77c52ae8c0,2026-03-21 21:34:32,00202507001060,Off Grid,00073.08,00012.29,228.0,49.9,0.0,60.6,0,0,0.0,0,0,0,228.0,49.9,3734,3712,33,230.0,47.8,48.0,230.0,47.8,50.0,11000,11000,48.0,57.6,57.6,Pylon,2.0,70.0,Appliance,Utility Solar Bat,Solar + Utility,6,53.0,358,0,0.0,Load on,0.0,Line Mode,966700,0,00202507000200,OG-001,offgrid
36eb82f3613a6e087b69a7972c2c97cb,2026-03-21 21:39:28,00202507001060,Off Grid,00073.08,00012.29,228.3,49.9,0.0,0.0,0,0,0.0,0,0,0,228.3,49.9,3250,3206,29,230.0,47.8,48.0,230.0,47.8,50.0,11000,11000,48.0,57.6,57.6,Pylon,2.0,70.0,Appliance,Utility Solar Bat,Solar + Utility,6,53.0,359,0,0.0,Load on,0.0,Line Mode,966700,0,00202507000200,OG-001,offgrid
76ac9a277ef26fbd611d1338aa8a0666,2026-03-21 21:44:20,00202507001060,Off Grid,00073.08,00012.29,228.2,49.9,0.0,0.0,0,0,0.0,0,0,0,228.2,49.9,3303,3210,30,230.0,47.8,48.0,230.0,47.8,50.0,11000,11000,48.0,57.6,57.6,Pylon,2.0,70.0,Appliance,Utility Solar Bat,Solar + Utility,6,53.0,358,0,0.0,Load on,0.0,Line Mode,966700,0,00202507000200,OG-001,offgrid
260d8337a0f5ea454638b79504573187,2026-03-21 21:49:11,00202507001060,Off Grid,00073.08,00012.29,228.7,50.0,0.0,0.0,0,0,0.0,0,0,0,228.7,50.0,3277,3142,29,230.0,47.8,48.0,230.0,47.8,50.0,11000,11000,48.0,57.6,57.6,Pylon,2.0,70.0,Appliance,Utility Solar Bat,Solar + Utility,6,53.0,359,0,0.0,Load on,0.0,Line Mode,966700,0,00202507000200,OG-001,offgrid
513140860f98378c35636151adc82e19,2026-03-21 21:54:03,00202507001060,Off Grid,00073.08,00012.29,226.9,50.0,0.0,0.0,0,0,0.0,0,0,0,226.9,50.0,3267,3199,29,230.0,47.8,48.0,230.0,47.8,50.0,11000,11000,48.0,57.6,57.6,Pylon,2.0,70.0,Appliance,Utility Solar Bat,Solar + Utility,6,53.0,357,0,0.0,Load on,0.0,Line Mode,966700,0,00202507000200,OG-001,offgrid
7dd30af070b695094b95aa9b7eb6c354,2026-03-21 21:58:55,00202507001060,Off Grid,00073.08,00012.29,227.6,50.1,0.0,0.0,0,0,0.0,0,0,0,227.6,50.1,3209,3070,29,230.0,47.8,48.0,230.0,47.8,50.0,11000,11000,48.0,57.6,57.6,Pylon,2.0,70.0,Appliance,Utility Solar Bat,Solar + Utility,6,53.0,358,0,0.0,Load on,0.0,Line Mode,966700,0,00202507000200,OG-001,offgrid
2f4b10f537225d2472d35e33821736db,2026-03-21 22:03:46,00202507001060,Off Grid,00073.08,00012.29,229.6,49.9,0.0,0.0,0,0,0.0,0,0,0,229.6,49.9,3156,3123,28,230.0,47.8,48.0,230.0,47.8,50.0,11000,11000,48.0,57.6,57.6,Pylon,2.0,70.0,Appliance,Utility Solar Bat,Solar + Utility,6,53.0,360,0,0.0,Load on,0.0,Line Mode,966700,0,00202507000200,OG-001,offgrid
22fac04001c2420130ce9a4a05f0d953,2026-03-21 22:08:40,00202507001060,Off Grid,00073.08,00012.29,230.0,49.9,0.0,0.0,0,0,0.0,0,0,0,230.0,49.9,3391,3391,30,230.0,47.8,48.0,230.0,47.8,50.0,11000,11000,48.0,57.6,57.6,Pylon,2.0,70.0,Appliance,Utility Solar Bat,Solar + Utility,6,53.0,362,0,0.0,Load on,0.0,Line Mode,966700,0,00202507000200,OG-001,offgrid
72c5c2986e94c3b824848261157cca37,2026-03-21 22:13:34,00202507001060,Off Grid,00073.08,00012.29,228.6,49.9,0.0,0.0,0,0,0.0,0,0,0,228.6,49.9,3227,3156,29,230.0,47.8,48.0,230.0,47.8,50.0,11000,11000,48.0,57.6,57.6,Pylon,2.0,70.0,Appliance,Utility Solar Bat,Solar + Utility,6,53.0,359,0,0.0,Load on,0.0,Line Mode,966700,0,00202507000200,OG-001,offgrid
317fe71c0544cbb3458be5467747e230,2026-03-21 22:18:28,00202507001060,Off Grid,00073.08,00012.29,229.5,49.9,0.0,0.0,0,0,0.0,0,0,0,229.5,49.9,3190,3166,29,230.0,47.8,48.0,230.0,47.8,50.0,11000,11000,48.0,57.6,57.6,Pylon,2.0,70.0,Appliance,Utility Solar Bat,Solar + Utility,6,53.0,361,0,0.0,Load on,0.0,Line Mode,966700,0,00202507000200,OG-001,offgrid
6e04cf6b92a966560a3a5c1389b2f8f8,2026-03-21 22:23:20,00202507001060,Off Grid,00073.08,00012.29,222.1,50.0,0.0,0.0,0,0,0.0,0,0,0,222.1,50.0,4508,4482,40,230.0,47.8,48.0,230.0,47.8,50.0,11000,11000,48.0,57.6,57.6,Pylon,2.0,70.0,Appliance,Utility Solar Bat,Solar + Utility,6,53.0,350,0,0.0,Load on,0.0,Line Mode,966700,0,00202507000200,OG-001,offgrid
39bdd4de3bb61217176fd0c897a8f85a,2026-03-21 22:33:05,00202507001060,Off Grid,00073.08,00012.29,228.3,50.0,0.0,0.0,0,0,0.0,0,0,0,228.3,50.0,3794,3765,34,230.0,47.8,48.0,230.0,47.8,50.0,11000,11000,48.0,57.6,57.6,Pylon,2.0,70.0,Appliance,Utility Solar Bat,Solar + Utility,6,53.0,359,0,0.0,Load on,0.0,Line Mode,966700,0,00202507000200,OG-001,offgrid
09895b02131572cb3a6a931c7ea9b052,2026-03-21 22:37:57,00202507001060,Off Grid,00073.08,00012.29,223.9,50.0,0.0,0.0,0,0,0.0,0,0,0,223.9,50.0,3768,3747,34,230.0,47.8,48.0,230.0,47.8,50.0,11000,11000,48.0,57.6,57.6,Pylon,2.0,70.0,Appliance,Utility Solar Bat,Solar + Utility,6,53.0,353,0,0.0,Load on,0.0,Line Mode,966700,0,00202507000200,OG-001,offgrid
5f4dff82955c90ae6590a6926453a7fb,2026-03-21 22:42:50,00202507001060,Off Grid,00073.08,00012.29,222.9,50.0,0.0,0.0,0,0,0.0,0,0,0,222.9,50.0,3811,3780,34,230.0,47.8,48.0,230.0,47.8,50.0,11000,11000,48.0,57.6,57.6,Pylon,2.0,70.0,Appliance,Utility Solar Bat,Solar + Utility,6,53.0,350,0,0.0,Load on,0.0,Line Mode,966700,0,00202507000200,OG-001,offgrid
75eba3eb8af4460400d58271c212aae9,2026-03-21 22:47:42,00202507001060,Off Grid,00073.08,00012.29,221.3,50.0,0.0,0.0,0,0,0.0,0,0,0,221.3,50.0,3659,3617,33,230.0,47.8,48.0,230.0,47.8,50.0,11000,11000,48.0,57.6,57.6,Pylon,2.0,70.0,Appliance,Utility Solar Bat,Solar + Utility,6,53.0,350,0,0.0,Load on,0.0,Line Mode,966700,0,00202507000200,OG-001,offgrid
229431ee7aaf092f06a6bd47b5f58e4c,2026-03-21 22:52:35,00202507001060,Off Grid,00073.08,00012.29,219.1,49.9,0.0,0.0,0,0,0.0,0,0,0,219.1,49.9,3089,3030,28,230.0,47.8,48.0,230.0,47.8,50.0,11000,11000,48.0,57.6,57.6,Pylon,2.0,70.0,Appliance,Utility Solar Bat,Solar + Utility,6,53.0,350,0,0.0,Load on,0.0,Line Mode,966700,0,00202507000200,OG-001,offgrid
4521bf31d8446234125d23e086f25975,2026-03-21 22:57:27,00202507001060,Off Grid,00073.08,00012.29,221.6,49.9,0.0,0.0,0,0,0.0,0,0,0,221.6,49.9,3146,3111,28,230.0,47.8,48.0,230.0,47.8,50.0,11000,11000,48.0,57.6,57.6,Pylon,2.0,70.0,Appliance,Utility Solar Bat,Solar + Utility,6,53.0,350,0,0.0,Load on,0.0,Line Mode,966700,0,00202507000200,OG-001,offgrid
14fc8991e3e907931e40400a75e11b34,2026-03-21 23:02:21,00202507001060,Off Grid,00073.08,00012.29,226.2,49.9,0.0,0.0,0,0,0.0,0,0,0,226.2,49.9,3129,3089,28,230.0,47.8,48.0,230.0,47.8,50.0,11000,11000,48.0,57.6,57.6,Pylon,2.0,70.0,Appliance,Utility Solar Bat,Solar + Utility,6,53.0,356,0,0.0,Load on,0.0,Line Mode,966700,0,00202507000200,OG-001,offgrid
25807a354a45b8066ac03eaddc071f41,2026-03-21 23:07:14,00202507001060,Off Grid,00073.08,00012.29,227.1,50.0,0.0,0.0,0,0,0.0,0,0,0,227.1,50.0,3143,3057,28,230.0,47.8,48.0,230.0,47.8,50.0,11000,11000,48.0,57.6,57.6,Pylon,2.0,70.0,Appliance,Utility Solar Bat,Solar + Utility,6,53.0,357,0,0.0,Load on,0.0,Line Mode,966700,0,00202507000200,OG-001,offgrid
793cdc5c71095d227957c66fd6e66fc2,2026-03-21 23:12:07,00202507001060,Off Grid,00073.08,00012.29,225.9,49.9,0.0,0.0,0,0,0.0,0,0,0,225.9,49.9,3341,3341,30,230.0,47.8,48.0,230.0,47.8,50.0,11000,11000,48.0,57.6,57.6,Pylon,2.0,70.0,Appliance,Utility Solar Bat,Solar + Utility,6,53.0,355,0,0.0,Load on,0.0,Line Mode,966700,0,00202507000200,OG-001,offgrid
5ea67fa5a7a40b7539522a089fbe448e,2026-03-21 23:16:58,00202507001060,Off Grid,00073.08,00012.29,226.6,49.8,0.0,0.0,0,0,0.0,0,0,0,226.6,49.8,3045,2977,27,230.0,47.8,48.0,230.0,47.8,50.0,11000,11000,48.0,57.6,57.6,Pylon,2.0,70.0,Appliance,Utility Solar Bat,Solar + Utility,6,53.0,357,0,0.0,Load on,0.0,Line Mode,966700,0,00202507000200,OG-001,offgrid
61b376fdfb0d6dbf260ab080e5ba2107,2026-03-21 23:21:49,00202507001060,Off Grid,00073.08,00012.29,227.7,50.0,0.0,0.0,0,0,0.0,0,0,0,227.7,50.0,3079,3056,27,230.0,47.8,48.0,230.0,47.8,50.0,11000,11000,48.0,57.6,57.6,Pylon,2.0,70.0,Appliance,Utility Solar Bat,Solar + Utility,6,53.0,358,0,0.0,Load on,0.0,Line Mode,966700,0,00202507000200,OG-001,offgrid
39b6f77acc167108005f96ad54d31632,2026-03-21 23:26:40,00202507001060,Off Grid,00073.08,00012.29,227.5,50.0,0.0,0.0,0,0,0.0,0,0,0,227.5,50.0,3162,3072,28,230.0,47.8,48.0,230.0,47.8,50.0,11000,11000,48.0,57.6,57.6,Pylon,2.0,70.0,Appliance,Utility Solar Bat,Solar + Utility,6,53.0,358,0,0.0,Load on,0.0,Line Mode,966700,0,00202507000200,OG-001,offgrid
459d59ee39c1e1c15830a33a3361a574,2026-03-21 23:31:34,00202507001060,Off Grid,00073.08,00012.29,228.9,50.0,0.0,0.0,0,0,0.0,0,0,0,228.9,50.0,3177,3141,28,230.0,47.8,48.0,230.0,47.8,50.0,11000,11000,48.0,57.6,57.6,Pylon,2.0,70.0,Appliance,Utility Solar Bat,Solar + Utility,6,53.0,359,0,0.0,Load on,0.0,Line Mode,966700,0,00202507000200,OG-001,offgrid
0e60813bedc03a0922ceebd2ef77556a,2026-03-21 23:36:26,00202507001060,Off Grid,00073.08,00012.29,229.8,50.1,0.0,0.0,0,0,0.0,0,0,0,229.8,50.1,3079,3023,27,230.0,47.8,48.0,230.0,47.8,50.0,11000,11000,48.0,57.6,57.6,Pylon,2.0,70.0,Appliance,Utility Solar Bat,Solar + Utility,6,53.0,360,0,0.0,Load on,0.0,Line Mode,966700,0,00202507000200,OG-001,offgrid
511209ffd62e0848717bbee3c34b7a11,2026-03-21 23:41:20,00202507001060,Off Grid,00073.08,00012.29,227.8,50.0,0.0,0.0,0,0,0.0,0,0,0,227.8,50.0,3120,3051,28,230.0,47.8,48.0,230.0,47.8,50.0,11000,11000,48.0,57.6,57.6,Pylon,2.0,70.0,Appliance,Utility Solar Bat,Solar + Utility,6,53.0,357,0,0.0,Load on,0.0,Line Mode,966700,0,00202507000200,OG-001,offgrid
31735066255a98623360a041c94ba66b,2026-03-21 23:46:10,00202507001060,Off Grid,00073.08,00012.29,228.4,50.1,0.0,0.0,0,0,0.0,0,0,0,228.4,50.1,3151,3111,28,230.0,47.8,48.0,230.0,47.8,50.0,11000,11000,48.0,57.6,57.6,Pylon,2.0,70.0,Appliance,Utility Solar Bat,Solar + Utility,6,53.0,360,0,0.0,Load on,0.0,Line Mode,966700,0,00202507000200,OG-001,offgrid
5a7f6287345075395c481fe06fe657fa,2026-03-21 23:51:03,00202507001060,Off Grid,00073.08,00012.29,229.9,49.9,0.0,0.0,0,0,0.0,0,0,0,229.9,49.9,3080,3053,28,230.0,47.8,48.0,230.0,47.8,50.0,11000,11000,48.0,57.6,57.6,Pylon,2.0,70.0,Appliance,Utility Solar Bat,Solar + Utility,6,53.0,362,0,0.0,Load on,0.0,Line Mode,966700,0,00202507000200,OG-001,offgrid
76d6b322b3c78c2e3c887f4be19d860c,2026-03-21 23:55:58,00202507001060,Off Grid,00073.08,00012.29,232.3,49.9,0.0,0.0,0,0,0.0,0,0,0,232.3,49.9,3133,3080,28,230.0,47.8,48.0,230.0,47.8,50.0,11000,11000,48.0,57.6,57.6,Pylon,2.0,70.0,Appliance,Utility Solar Bat,Solar + Utility,6,53.0,364,0,0.0,Load on,0.0,Line Mode,966700,0,00202507000200,OG-001,offgrid
1d67ef7986c5ca886c951b3ed4d74d4e,2026-03-22 00:00:50,00202507001060,Off Grid,00073.08,00012.29,233.8,50.0,0.0,0.0,0,0,0.0,0,0,0,233.8,50.0,3060,2970,27,230.0,47.8,48.0,230.0,47.8,50.0,11000,11000,48.0,57.6,57.6,Pylon,2.0,70.0,Appliance,Utility Solar Bat,Solar + Utility,6,53.0,366,0,0.0,Load on,0.0,Line Mode,966700,0,00202507000200,OG-001,offgrid
7296a50dc604cbec34c0acaa28f2e91d,2026-03-22 00:05:41,00202507001060,Off Grid,00073.08,00012.29,223.3,50.0,0.0,0.0,0,0,0.0,0,0,0,223.3,50.0,4353,4353,39,230.0,47.8,48.0,230.0,47.8,50.0,11000,11000,48.0,57.6,57.6,Pylon,2.0,70.0,Appliance,Utility Solar Bat,Solar + Utility,6,53.0,351,0,0.0,Load on,0.0,Line Mode,966700,0,00202507000200,OG-001,offgrid
17ea2617ebd06ad94b26ec789d3f892e,2026-03-22 00:10:33,00202507001060,Off Grid,00073.08,00012.29,230.9,50.0,0.0,0.0,0,0,0.0,0,0,0,230.9,50.0,3024,2980,27,230.0,47.8,48.0,230.0,47.8,50.0,11000,11000,48.0,57.6,57.6,Pylon,2.0,70.0,Appliance,Utility Solar Bat,Solar + Utility,6,53.0,362,0,0.0,Load on,0.0,Line Mode,966700,0,00202507000200,OG-001,offgrid
1f718acf142f6e9434f8a7e30a3ebd35,2026-03-22 00:15:25,00202507001060,Off Grid,00073.08,00012.29,230.7,50.0,0.0,0.0,0,0,0.0,0,0,0,230.7,50.0,3378,3295,30,230.0,47.8,48.0,230.0,47.8,50.0,11000,11000,48.0,57.6,57.6,Pylon,2.0,70.0,Appliance,Utility Solar Bat,Solar + Utility,6,53.0,363,0,0.0,Load on,0.0,Line Mode,966700,0,00202507000200,OG-001,offgrid
56526897ddbe3f176db29098a5d3d196,2026-03-22 00:20:18,00202507001060,Off Grid,00073.08,00012.29,232.7,49.8,0.0,0.0,0,0,0.0,0,0,0,232.7,49.8,3138,3094,28,230.0,47.8,48.0,230.0,47.8,50.0,11000,11000,48.0,57.6,57.6,Pylon,2.0,70.0,Appliance,Utility Solar Bat,Solar + Utility,6,53.0,365,0,0.0,Load on,0.0,Line Mode,966700,0,00202507000200,OG-001,offgrid
2810a28aa932f4f70b7129bdf4fdad3a,2026-03-22 00:25:10,00202507001060,Off Grid,00073.08,00012.29,233.9,49.9,0.0,0.0,0,0,0.0,0,0,0,233.9,49.9,3134,3037,28,230.0,47.8,48.0,230.0,47.8,50.0,11000,11000,48.0,57.6,57.6,Pylon,2.0,70.0,Appliance,Utility Solar Bat,Solar + Utility,6,53.0,367,0,0.0,Load on,0.0,Line Mode,966700,0,00202507000200,OG-001,offgrid
0807362291d2ae2d5d6ba6d63d99c140,2026-03-22 00:30:04,00202507001060,Off Grid,00073.08,00012.29,231.8,49.9,0.0,0.0,0,0,0.0,0,0,0,231.8,49.9,3106,3064,28,230.0,47.8,48.0,230.0,47.8,50.0,11000,11000,48.0,57.6,57.6,Pylon,2.0,70.0,Appliance,Utility Solar Bat,Solar + Utility,6,53.0,364,0,0.0,Load on,0.0,Line Mode,966700,0,00202507000200,OG-001,offgrid
0166ff478b46f714250358fbbf978866,2026-03-22 00:34:59,00202507001060,Off Grid,00073.08,00012.29,234.0,49.9,0.0,0.0,0,0,0.0,0,0,0,234.0,49.9,3042,2981,27,230.0,47.8,48.0,230.0,47.8,50.0,11000,11000,48.0,57.6,57.6,Pylon,2.0,70.0,Appliance,Utility Solar Bat,Solar + Utility,6,53.0,367,0,0.0,Load on,0.0,Line Mode,966700,0,00202507000200,OG-001,offgrid
7c0417346e971a1f66cc74a4ce29267b,2026-03-22 00:44:44,00202507001060,Off Grid,00073.08,00012.29,233.2,50.0,0.0,0.0,0,0,0.0,0,0,0,233.2,50.0,3124,3061,28,230.0,47.8,48.0,230.0,47.8,50.0,11000,11000,48.0,57.6,57.6,Pylon,2.0,70.0,Appliance,Utility Solar Bat,Solar + Utility,6,53.0,366,0,0.0,Load on,0.0,Line Mode,966700,0,00202507000200,OG-001,offgrid
575e6fbdea8c76bc4f9eb252c28680ce,2026-03-22 00:49:35,00202507001060,Off Grid,00073.08,00012.29,231.9,50.0,0.0,0.0,0,0,0.0,0,0,0,231.9,50.0,3107,3053,28,230.0,47.8,48.0,230.0,47.8,50.0,11000,11000,48.0,57.6,57.6,Pylon,2.0,70.0,Appliance,Utility Solar Bat,Solar + Utility,6,53.0,365,0,0.0,Load on,0.0,Line Mode,966700,0,00202507000200,OG-001,offgrid
696e7150b5736bc84940cc6533c5da0a,2026-03-22 00:54:27,00202507001060,Off Grid,00073.08,00012.29,231.7,50.0,0.0,0.0,0,0,0.0,0,0,0,231.7,50.0,3127,3101,28,230.0,47.8,48.0,230.0,47.8,50.0,11000,11000,48.0,57.6,57.6,Pylon,2.0,70.0,Appliance,Utility Solar Bat,Solar + Utility,6,53.0,364,0,0.0,Load on,0.0,Line Mode,966700,0,00202507000200,OG-001,offgrid
73323a9ec6bc80702d84fd34709fd7f0,2026-03-22 01:04:13,00202507001060,Off Grid,00073.08,00012.29,232.8,50.0,0.0,0.0,0,0,0.0,0,0,0,232.8,50.0,3096,3041,28,230.0,47.8,48.0,230.0,47.8,50.0,11000,11000,48.0,57.6,57.6,Pylon,2.0,70.0,Appliance,Utility Solar Bat,Solar + Utility,6,53.0,365,0,0.0,Load on,0.0,Line Mode,966700,0,00202507000200,OG-001,offgrid
5e768ed978ce4f0b5e4431fee67e46c5,2026-03-22 01:09:05,00202507001060,Off Grid,00073.08,00012.29,234.4,50.0,0.0,0.0,0,0,0.0,0,0,0,234.4,50.0,3094,3026,28,230.0,47.8,48.0,230.0,47.8,50.0,11000,11000,48.0,57.6,57.6,Pylon,2.0,70.0,Appliance,Utility Solar Bat,Solar + Utility,6,53.0,368,0,0.0,Load on,0.0,Line Mode,966700,0,00202507000200,OG-001,offgrid
7add4b07edd791860b9eeda97dbb712c,2026-03-22 01:13:59,00202507001060,Off Grid,00073.08,00012.29,231.3,50.0,0.0,0.0,0,0,0.0,0,0,0,231.3,50.0,3076,3054,27,230.0,47.8,48.0,230.0,47.8,50.0,11000,11000,48.0,57.6,57.6,Pylon,2.0,70.0,Appliance,Utility Solar Bat,Solar + Utility,6,53.0,363,0,0.0,Load on,0.0,Line Mode,966700,0,00202507000200,OG-001,offgrid
5779633a87d2db18016dbe4a46e8723c,2026-03-22 01:18:52,00202507001060,Off Grid,00073.08,00012.29,233.1,50.0,0.0,0.0,0,0,0.0,0,0,0,233.1,50.0,3343,3293,30,230.0,47.8,48.0,230.0,47.8,50.0,11000,11000,48.0,57.6,57.6,Pylon,2.0,70.0,Appliance,Utility Solar Bat,Solar + Utility,6,53.0,365,0,0.0,Load on,0.0,Line Mode,966700,0,00202507000200,OG-001,offgrid
0413f536ac5a10dc526ad51e98721f72,2026-03-22 01:28:39,00202507001060,Off Grid,00073.08,00012.29,230.7,50.0,0.0,0.0,0,0,0.0,0,0,0,230.7,50.0,3621,3600,32,230.0,47.8,48.0,230.0,47.8,50.0,11000,11000,48.0,57.6,57.6,Pylon,2.0,70.0,Appliance,Utility Solar Bat,Solar + Utility,6,53.0,362,0,0.0,Load on,0.0,Line Mode,966700,0,00202507000200,OG-001,offgrid
4c9b7b9bcb5e38201ee6bcc6c1ccac70,2026-03-22 01:33:30,00202507001060,Off Grid,00073.08,00012.29,230.3,50.0,0.0,0.0,0,0,0.0,0,0,0,230.3,50.0,3638,3572,33,230.0,47.8,48.0,230.0,47.8,50.0,11000,11000,48.0,57.6,57.6,Pylon,2.0,70.0,Appliance,Utility Solar Bat,Solar + Utility,6,53.0,362,0,0.0,Load on,0.0,Line Mode,966700,0,00202507000200,OG-001,offgrid
5a553728b4d5180502856d5ed6a158f5,2026-03-22 01:43:11,00202507001060,Off Grid,00073.08,00012.29,232.5,50.0,0.0,0.0,0,0,0.0,0,0,0,232.5,50.0,3630,3587,33,230.0,47.8,48.0,230.0,47.8,50.0,11000,11000,48.0,57.6,57.6,Pylon,2.0,70.0,Appliance,Utility Solar Bat,Solar + Utility,6,53.0,365,0,0.0,Load on,0.0,Line Mode,966700,0,00202507000200,OG-001,offgrid
794f2c4e74051fd826231b23039826b9,2026-03-22 01:48:03,00202507001060,Off Grid,00073.08,00012.29,231.5,49.9,0.0,0.0,0,0,0.0,0,0,0,231.5,49.9,3680,3556,33,230.0,47.8,48.0,230.0,47.8,50.0,11000,11000,48.0,57.6,57.6,Pylon,2.0,70.0,Appliance,Utility Solar Bat,Solar + Utility,6,53.0,362,0,0.0,Load on,0.0,Line Mode,966700,0,00202507000200,OG-001,offgrid
6ad11abeff8929f06df3af8aaeaf874b,2026-03-22 01:52:56,00202507001060,Off Grid,00073.08,00012.29,218.3,49.9,0.0,0.0,0,0,0.0,0,0,0,218.3,49.9,5984,5960,54,230.0,47.8,48.0,230.0,47.8,50.0,11000,11000,48.0,57.6,57.6,Pylon,2.0,70.0,Appliance,Utility Solar Bat,Solar + Utility,6,53.0,350,0,0.0,Load on,0.0,Line Mode,966700,0,00202507000200,OG-001,offgrid
1b92289915aed55573fe9e5949455774,2026-03-22 01:57:48,00202507001060,Off Grid,00073.08,00012.29,216.8,49.9,0.0,0.0,0,0,0.0,0,0,0,216.8,49.9,5956,5929,54,230.0,47.8,48.0,230.0,47.8,50.0,11000,11000,48.0,57.6,57.6,Pylon,2.0,70.0,Appliance,Utility Solar Bat,Solar + Utility,6,53.0,350,0,0.0,Load on,0.0,Line Mode,966700,0,00202507000200,OG-001,offgrid
5a40b5381cec2edc4208950c7df61ba8,2026-03-22 02:07:34,00202507001060,Off Grid,00073.08,00012.29,229.2,49.9,0.0,0.0,0,0,0.0,0,0,0,229.2,49.9,3208,3189,29,230.0,47.8,48.0,230.0,47.8,50.0,11000,11000,48.0,57.6,57.6,Pylon,2.0,70.0,Appliance,Utility Solar Bat,Solar + Utility,6,53.0,361,0,0.0,Load on,0.0,Line Mode,966700,0,00202507000200,OG-001,offgrid
7be2c81792979b970e71063b539c01a5,2026-03-22 02:12:29,00202507001060,Off Grid,00073.08,00012.29,230.5,49.9,0.0,0.0,0,0,0.0,0,0,0,230.5,49.9,3228,3223,29,230.0,47.8,48.0,230.0,47.8,50.0,11000,11000,48.0,57.6,57.6,Pylon,2.0,70.0,Appliance,Utility Solar Bat,Solar + Utility,6,53.0,361,0,0.0,Load on,0.0,Line Mode,966700,0,00202507000200,OG-001,offgrid
1d42e7687c775fb30547817063a2fda6,2026-03-22 02:17:23,00202507001060,Off Grid,00073.08,00012.29,225.1,49.8,0.0,0.0,0,0,0.0,0,0,0,225.1,49.8,4545,4487,41,230.0,47.8,48.0,230.0,47.8,50.0,11000,11000,48.0,57.6,57.6,Pylon,2.0,70.0,Appliance,Utility Solar Bat,Solar + Utility,6,53.0,354,0,0.0,Load on,0.0,Line Mode,966700,0,00202507000200,OG-001,offgrid
7e387893bba0f35e1221a5d53a8d55ec,2026-03-22 02:22:14,00202507001060,Off Grid,00073.08,00012.29,220.1,49.9,0.0,0.0,0,0,0.0,0,0,0,220.1,49.9,5463,5459,49,230.0,47.8,48.0,230.0,47.8,50.0,11000,11000,48.0,57.6,57.6,Pylon,2.0,70.0,Appliance,Utility Solar Bat,Solar + Utility,6,53.0,350,0,0.0,Load on,0.0,Line Mode,966700,0,00202507000200,OG-001,offgrid
76ce807e92b72be657c7b29f4cf87a4c,2026-03-22 02:27:06,00202507001060,Off Grid,00073.08,00012.29,217.7,50.0,0.0,0.0,0,0,0.0,0,0,0,217.7,50.0,5616,5615,51,230.0,47.8,48.0,230.0,47.8,50.0,11000,11000,48.0,57.6,57.6,Pylon,2.0,70.0,Appliance,Utility Solar Bat,Solar + Utility,6,53.0,350,0,0.0,Load on,0.0,Line Mode,966700,0,00202507000200,OG-001,offgrid
488d219eb22800e252e827d3a4dd6aec,2026-03-22 02:31:57,00202507001060,Off Grid,00073.08,00012.29,221.0,49.9,0.0,0.0,0,0,0.0,0,0,0,221.0,49.9,5414,5380,49,230.0,47.8,48.0,230.0,47.8,50.0,11000,11000,48.0,57.6,57.6,Pylon,2.0,70.0,Appliance,Utility Solar Bat,Solar + Utility,6,53.0,350,0,0.0,Load on,0.0,Line Mode,966700,0,00202507000200,OG-001,offgrid
7d00e12eaf22b69c5b197f5cde0eb9a6,2026-03-22 02:36:52,00202507001060,Off Grid,00073.08,00012.29,220.4,50.0,0.0,0.0,0,0,0.0,0,0,0,220.4,50.0,5480,5451,49,230.0,47.8,48.0,230.0,47.8,50.0,11000,11000,48.0,57.6,57.6,Pylon,2.0,70.0,Appliance,Utility Solar Bat,Solar + Utility,6,53.0,349,0,0.0,Load on,0.0,Line Mode,966700,0,00202507000200,OG-001,offgrid
44e1c53469af187c3b73c160ec1be384,2026-03-22 02:41:46,00202507001060,Off Grid,00073.08,00012.29,219.1,49.9,0.0,0.0,0,0,0.0,0,0,0,219.1,49.9,5521,5503,50,230.0,47.8,48.0,230.0,47.8,50.0,11000,11000,48.0,57.6,57.6,Pylon,2.0,70.0,Appliance,Utility Solar Bat,Solar + Utility,6,53.0,350,0,0.0,Load on,0.0,Line Mode,966700,0,00202507000200,OG-001,offgrid
7f15ff6efcca209d2adf200bb5e0b0a6,2026-03-22 02:46:39,00202507001060,Off Grid,00073.08,00012.29,217.7,49.9,0.0,0.0,0,0,0.0,0,0,0,217.7,49.9,5500,5469,50,230.0,47.8,48.0,230.0,47.8,50.0,11000,11000,48.0,57.6,57.6,Pylon,2.0,70.0,Appliance,Utility Solar Bat,Solar + Utility,6,53.0,350,0,0.0,Load on,0.0,Line Mode,966700,0,00202507000200,OG-001,offgrid
13cc041b799f00813015c063930be972,2026-03-22 02:51:33,00202507001060,Off Grid,00073.08,00012.29,218.0,49.9,0.0,0.0,0,0,0.0,0,0,0,218.0,49.9,5540,5540,50,230.0,47.8,48.0,230.0,47.8,50.0,11000,11000,48.0,57.6,57.6,Pylon,2.0,70.0,Appliance,Utility Solar Bat,Solar + Utility,6,53.0,350,0,0.0,Load on,0.0,Line Mode,966700,0,00202507000200,OG-001,offgrid
5ba6b740e483464e3a45a1b90c838108,2026-03-22 02:56:25,00202507001060,Off Grid,00073.08,00012.29,220.2,49.9,0.0,0.0,0,0,0.0,0,0,0,220.2,49.9,5549,5526,50,230.0,47.8,48.0,230.0,47.8,50.0,11000,11000,48.0,57.6,57.6,Pylon,2.0,70.0,Appliance,Utility Solar Bat,Solar + Utility,6,53.0,350,0,0.0,Load on,0.0,Line Mode,966700,0,00202507000200,OG-001,offgrid
6ac649ee886843db2844f4bd692259d6,2026-03-22 03:06:10,00202507001060,Off Grid,00073.08,00012.29,213.8,49.9,0.0,0.0,0,0,0.0,0,0,0,213.8,49.9,6627,6612,60,230.0,47.8,48.0,230.0,47.8,50.0,11000,11000,48.0,57.6,57.6,Pylon,2.0,70.0,Appliance,Utility Solar Bat,Solar + Utility,6,53.0,350,0,0.0,Load on,0.0,Line Mode,966700,0,00202507000200,OG-001,offgrid
518a42b96ba4133e4ba1d7f755798f71,2026-03-22 03:11:01,00202507001060,Off Grid,00073.08,00012.29,234.8,49.9,0.0,0.0,0,0,0.0,0,0,0,234.8,49.9,2914,2893,26,230.0,47.8,48.0,230.0,47.8,50.0,11000,11000,48.0,57.6,57.6,Pylon,2.0,70.0,Appliance,Utility Solar Bat,Solar + Utility,6,53.0,370,0,0.0,Load on,0.0,Line Mode,966700,0,00202507000200,OG-001,offgrid
7d6f35955845a1d34cbf24270b90e7c5,2026-03-22 03:20:45,00202507001060,Off Grid,00073.08,00012.29,224.8,49.9,0.0,0.0,0,0,0.0,0,0,0,224.8,49.9,4855,4806,44,230.0,47.8,48.0,230.0,47.8,50.0,11000,11000,48.0,57.6,57.6,Pylon,2.0,70.0,Appliance,Utility Solar Bat,Solar + Utility,6,53.0,354,0,0.0,Load on,0.0,Line Mode,966700,0,00202507000200,OG-001,offgrid
01b25558c6a2f57d7c3eeb5ebff85e2b,2026-03-22 03:25:38,00202507001060,Off Grid,00073.08,00012.29,221.5,49.9,0.0,0.0,0,0,0.0,0,0,0,221.5,49.9,5491,5491,49,230.0,47.8,48.0,230.0,47.8,50.0,11000,11000,48.0,57.6,57.6,Pylon,2.0,70.0,Appliance,Utility Solar Bat,Solar + Utility,6,53.0,350,0,0.0,Load on,0.0,Line Mode,966700,0,00202507000200,OG-001,offgrid
2d1a9114ee1b650e0e0227c0fe37cf28,2026-03-22 03:30:30,00202507001060,Off Grid,00073.08,00012.29,220.0,50.0,0.0,0.0,0,0,0.0,0,0,0,220.0,50.0,5526,5496,50,230.0,47.8,48.0,230.0,47.8,50.0,11000,11000,48.0,57.6,57.6,Pylon,2.0,70.0,Appliance,Utility Solar Bat,Solar + Utility,6,53.0,350,0,0.0,Load on,0.0,Line Mode,966700,0,00202507000200,OG-001,offgrid
4f193502afbb72ac1beb5c25a596e872,2026-03-22 03:40:16,00202507001060,Off Grid,00073.08,00012.29,220.6,49.9,0.0,0.0,0,0,0.0,0,0,0,220.6,49.9,5515,5459,50,230.0,47.8,48.0,230.0,47.8,50.0,11000,11000,48.0,57.6,57.6,Pylon,2.0,70.0,Appliance,Utility Solar Bat,Solar + Utility,6,53.0,350,0,0.0,Load on,0.0,Line Mode,966700,0,00202507000200,OG-001,offgrid
1f05984ec9fdce5d2d1e3840141eaee8,2026-03-22 03:45:09,00202507001060,Off Grid,00073.08,00012.29,221.1,49.9,0.0,0.0,0,0,0.0,0,0,0,221.1,49.9,5517,5517,50,230.0,47.8,48.0,230.0,47.8,50.0,11000,11000,48.0,57.6,57.6,Pylon,2.0,70.0,Appliance,Utility Solar Bat,Solar + Utility,6,53.0,350,0,0.0,Load on,0.0,Line Mode,966700,0,00202507000200,OG-001,offgrid
20f6a9982b0f4641401bab1116c2e20e,2026-03-22 03:54:53,00202507001060,Off Grid,00073.08,00012.29,220.5,49.9,0.0,0.0,0,0,0.0,0,0,0,220.5,49.9,5468,5427,49,230.0,47.8,48.0,230.0,47.8,50.0,11000,11000,48.0,57.6,57.6,Pylon,2.0,70.0,Appliance,Utility Solar Bat,Solar + Utility,6,53.0,350,0,0.0,Load on,0.0,Line Mode,966700,0,00202507000200,OG-001,offgrid
6e7c6be125da019222bc037137a3c863,2026-03-22 03:59:46,00202507001060,Off Grid,00073.08,00012.29,219.9,49.9,0.0,0.0,0,0,0.0,0,0,0,219.9,49.9,5585,5479,50,230.0,47.8,48.0,230.0,47.8,50.0,11000,11000,48.0,57.6,57.6,Pylon,2.0,70.0,Appliance,Utility Solar Bat,Solar + Utility,6,53.0,350,0,0.0,Load on,0.0,Line Mode,966700,0,00202507000200,OG-001,offgrid
199fe26bc32e9bd53548fe2be5a412a6,2026-03-22 04:04:37,00202507001060,Off Grid,00073.08,00012.29,220.0,50.0,0.0,0.0,0,0,0.0,0,0,0,220.0,50.0,5589,5517,50,230.0,47.8,48.0,230.0,47.8,50.0,11000,11000,48.0,57.6,57.6,Pylon,2.0,70.0,Appliance,Utility Solar Bat,Solar + Utility,6,53.0,349,0,0.0,Load on,0.0,Line Mode,966700,0,00202507000200,OG-001,offgrid
6f66806aa88f48917983e25679e2457a,2026-03-22 04:09:29,00202507001060,Off Grid,00073.08,00012.29,219.6,49.9,0.0,0.0,0,0,0.0,0,0,0,219.6,49.9,5533,5507,50,230.0,47.8,48.0,230.0,47.8,50.0,11000,11000,48.0,57.6,57.6,Pylon,2.0,70.0,Appliance,Utility Solar Bat,Solar + Utility,6,53.0,349,0,0.0,Load on,0.0,Line Mode,966700,0,00202507000200,OG-001,offgrid
48ef0b1b0e33d7ef3b96c9347ff0c85d,2026-03-22 04:14:21,00202507001060,Off Grid,00073.08,00012.29,220.5,49.9,0.0,0.0,0,0,0.0,0,0,0,220.5,49.9,5490,5445,49,230.0,47.8,48.0,230.0,47.8,50.0,11000,11000,48.0,57.6,57.6,Pylon,2.0,70.0,Appliance,Utility Solar Bat,Solar + Utility,6,53.0,350,0,0.0,Load on,0.0,Line Mode,966700,0,00202507000200,OG-001,offgrid
4e5e16d4b95ebe3f1d18cbead5906f0c,2026-03-22 04:19:13,00202507001060,Off Grid,00073.08,00012.29,219.6,49.9,0.0,0.0,0,0,0.0,0,0,0,219.6,49.9,5570,5532,50,230.0,47.8,48.0,230.0,47.8,50.0,11000,11000,48.0,57.6,57.6,Pylon,2.0,70.0,Appliance,Utility Solar Bat,Solar + Utility,6,53.0,350,0,0.0,Load on,0.0,Line Mode,966700,0,00202507000200,OG-001,offgrid
0b4de7fb0a6840b838c0979cb6068343,2026-03-22 04:24:06,00202507001060,Off Grid,00073.08,00012.29,219.6,49.9,0.0,0.0,0,0,0.0,0,0,0,219.6,49.9,5501,5501,50,230.0,47.8,48.0,230.0,47.8,50.0,11000,11000,48.0,57.6,57.6,Pylon,2.0,70.0,Appliance,Utility Solar Bat,Solar + Utility,6,53.0,350,0,0.0,Load on,0.0,Line Mode,966700,0,00202507000200,OG-001,offgrid
06ce5e296703204a390922c79dcad06d,2026-03-22 04:28:57,00202507001060,Off Grid,00073.08,00012.29,217.7,49.9,0.0,0.0,0,0,0.0,0,0,0,217.7,49.9,5538,5538,50,230.0,47.8,48.0,230.0,47.8,50.0,11000,11000,48.0,57.6,57.6,Pylon,2.0,70.0,Appliance,Utility Solar Bat,Solar + Utility,6,53.0,350,0,0.0,Load on,0.0,Line Mode,966700,0,00202507000200,OG-001,offgrid
4f784779c962d33824c3d89699650536,2026-03-22 04:33:51,00202507001060,Off Grid,00073.08,00012.29,215.9,49.9,0.0,0.0,0,0,0.0,0,0,0,215.9,49.9,5453,5453,49,230.0,47.8,48.0,230.0,47.8,50.0,11000,11000,48.0,57.6,57.6,Pylon,2.0,70.0,Appliance,Utility Solar Bat,Solar + Utility,6,53.0,350,0,0.0,Load on,0.0,Line Mode,966700,0,00202507000200,OG-001,offgrid
70983377edf92ec40be7535c8db2b998,2026-03-22 04:43:41,00202507001060,Off Grid,00073.08,00012.29,219.6,49.8,0.0,0.0,0,0,0.0,0,0,0,219.6,49.8,5441,5441,49,230.0,47.8,48.0,230.0,47.8,50.0,11000,11000,48.0,57.6,57.6,Pylon,2.0,70.0,Appliance,Utility Solar Bat,Solar + Utility,6,53.0,350,0,0.0,Load on,0.0,Line Mode,966700,0,00202507000200,OG-001,offgrid
27214cad04961bf5418ace2cc679b9c8,2026-03-22 04:53:24,00202507001060,Off Grid,00073.08,00012.29,233.7,49.9,0.0,0.0,0,0,0.0,0,0,0,233.7,49.9,2921,2877,26,230.0,47.8,48.0,230.0,47.8,50.0,11000,11000,48.0,57.6,57.6,Pylon,2.0,70.0,Appliance,Utility Solar Bat,Solar + Utility,6,53.0,368,0,0.0,Load on,0.0,Line Mode,966700,0,00202507000200,OG-001,offgrid
67b21ee9097c4dc819e2fbe4c4c38eab,2026-03-22 04:58:15,00202507001060,Off Grid,00073.08,00012.29,233.6,50.0,0.0,0.0,0,0,0.0,0,0,0,233.6,50.0,2879,2846,26,230.0,47.8,48.0,230.0,47.8,50.0,11000,11000,48.0,57.6,57.6,Pylon,2.0,70.0,Appliance,Utility Solar Bat,Solar + Utility,6,53.0,367,0,0.0,Load on,0.0,Line Mode,966700,0,00202507000200,OG-001,offgrid
68ad2e779611d1a95ccb732149baeca6,2026-03-22 05:07:59,00202507001060,Off Grid,00073.08,00012.29,220.2,49.9,0.0,0.0,0,0,0.0,0,0,0,220.2,49.9,5371,5371,48,230.0,47.8,48.0,230.0,47.8,50.0,11000,11000,48.0,57.6,57.6,Pylon,2.0,70.0,Appliance,Utility Solar Bat,Solar + Utility,6,53.0,350,0,0.0,Load on,0.0,Line Mode,966700,0,00202507000200,OG-001,offgrid
39b75e0dcd8ebd9742ecfe2b3f7a418e,2026-03-22 05:12:53,00202507001060,Off Grid,00073.08,00012.29,216.0,50.0,0.0,0.0,0,0,0.0,0,0,0,216.0,50.0,5918,5892,53,230.0,47.8,48.0,230.0,47.8,50.0,11000,11000,48.0,57.6,57.6,Pylon,2.0,70.0,Appliance,Utility Solar Bat,Solar + Utility,6,53.0,350,0,0.0,Load on,0.0,Line Mode,966700,0,00202507000200,OG-001,offgrid
7f8376c4148c94f0431eb2bca40b0ffc,2026-03-22 05:22:38,00202507001060,Off Grid,00073.08,00012.29,215.9,50.0,0.0,0.0,0,0,0.0,0,0,0,215.9,50.0,5777,5754,52,230.0,47.8,48.0,230.0,47.8,50.0,11000,11000,48.0,57.6,57.6,Pylon,2.0,70.0,Appliance,Utility Solar Bat,Solar + Utility,6,53.0,350,0,0.0,Load on,0.0,Line Mode,966700,0,00202507000200,OG-001,offgrid
058dc94959e7e55857e4ce3a0b1b92a5,2026-03-22 05:27:30,00202507001060,Off Grid,00073.08,00012.29,232.6,50.0,69.3,70.7,0,0,0.0,0,0,0,232.6,50.0,3302,3210,30,230.0,47.8,48.0,230.0,47.8,50.0,11000,11000,48.0,57.6,57.6,Pylon,2.0,70.0,Appliance,Utility Solar Bat,Solar + Utility,6,53.0,365,0,0.0,Load on,0.0,Line Mode,966700,0,00202507000200,OG-001,offgrid
542d7f5366aeb20f207b327af451afee,2026-03-22 05:32:24,00202507001060,Off Grid,00073.08,00012.29,230.9,50.0,79.9,0.0,0,0,0.0,0,0,0,230.9,50.0,3186,3173,28,230.0,47.8,48.0,230.0,47.8,50.0,11000,11000,48.0,57.6,57.6,Pylon,2.0,70.0,Appliance,Utility Solar Bat,Solar + Utility,6,53.0,362,0,0.0,Load on,0.0,Line Mode,966700,0,00202507000200,OG-001,offgrid
6afa3ebe5004c42b34fb627884f167de,2026-03-22 05:37:15,00202507001060,Off Grid,00073.08,00012.29,226.1,50.1,60.6,0.0,0,0,0.0,0,0,0,226.1,50.1,4092,4048,37,230.0,47.8,48.0,230.0,47.8,50.0,11000,11000,48.0,57.6,57.6,Pylon,2.0,70.0,Appliance,Utility Solar Bat,Solar + Utility,6,53.0,362,0,0.0,Load on,0.0,Line Mode,966700,0,00202507000200,OG-001,offgrid
136ebc1995813f403cd08147997702fa,2026-03-22 05:42:06,00202507001060,Off Grid,00073.08,00012.29,215.4,50.0,0.0,0.0,0,0,0.0,0,0,0,215.4,50.0,5745,5728,52,230.0,47.8,48.0,230.0,47.8,50.0,11000,11000,48.0,57.6,57.6,Pylon,2.0,70.0,Appliance,Utility Solar Bat,Solar + Utility,6,53.0,350,0,0.0,Load on,0.0,Line Mode,966700,0,00202507000200,OG-001,offgrid
31975f9c344ad8af2f857c04ec5d9c93,2026-03-22 05:46:59,00202507001060,Off Grid,00073.08,00012.29,219.1,50.1,0.0,0.0,0,0,0.0,0,0,0,219.1,50.1,5236,5196,47,230.0,47.8,48.0,230.0,47.8,50.0,11000,11000,48.0,57.6,57.6,Pylon,2.0,70.0,Appliance,Utility Solar Bat,Solar + Utility,6,53.0,350,0,0.0,Load on,0.0,Line Mode,966700,0,00202507000200,OG-001,offgrid
36f6698d492ca0061480ff1fa494dbb1,2026-03-22 05:51:54,00202507001060,Off Grid,00073.08,00012.29,218.5,50.0,60.1,61.8,0,0,0.0,0,0,0,218.5,50.0,5307,5290,48,230.0,47.8,48.0,230.0,47.8,50.0,11000,11000,48.0,57.6,57.6,Pylon,2.0,70.0,Appliance,Utility Solar Bat,Solar + Utility,6,53.0,350,0,0.0,Load on,0.0,Line Mode,966700,0,00202507000200,OG-001,offgrid
7d049d783b7d233c63833f4a698f7ad9,2026-03-22 05:56:46,00202507001060,Off Grid,00073.08,00012.29,219.6,49.9,87.8,90.0,13,21,0.0,0,0,0,219.6,49.9,5348,5253,48,230.0,47.8,48.0,230.0,47.8,50.0,11000,11000,48.0,57.6,57.6,Pylon,2.0,70.0,Appliance,Utility Solar Bat,Solar + Utility,6,53.0,350,0,0.0,Load on,0.2,Line Mode,966700,0,00202507000200,OG-001,offgrid
26bb870db3fd84fa2bf22f759fd5c435,2026-03-22 06:01:40,00202507001060,Off Grid,00073.08,00012.29,217.5,50.0,90.0,90.0,18,31,0.0,0,0,0,217.5,50.0,5315,5315,48,230.0,47.8,48.0,230.0,47.8,50.0,11000,11000,48.0,57.6,57.6,Pylon,2.0,70.0,Appliance,Utility Solar Bat,Solar + Utility,6,53.0,349,0,0.0,Load on,0.3,Line Mode,966700,0,00202507000200,OG-001,offgrid
3d8ce976192a1c38256ac12d4a9883e2,2026-03-22 06:11:26,00202507001060,Off Grid,00073.08,00012.29,218.9,50.0,90.0,91.2,37,50,0.0,0,0,0,218.9,50.0,5214,5192,47,230.0,47.8,48.0,230.0,47.8,50.0,11000,11000,48.0,57.6,57.6,Pylon,2.0,70.0,Appliance,Utility Solar Bat,Solar + Utility,6,53.0,350,0,0.0,Load on,0.5,Line Mode,966700,0,00202507000200,OG-001,offgrid
4faf326dcd6105952dfc37fd1c4bfd8a,2026-03-22 06:26:03,00202507001060,Off Grid,00073.08,00012.29,235.7,49.9,96.6,102.7,94,91,0.0,0,0,0,235.7,49.9,2681,2681,24,230.0,47.8,48.0,230.0,47.8,50.0,11000,11000,48.0,57.6,57.6,Pylon,2.0,70.0,Appliance,Utility Solar Bat,Solar + Utility,6,53.0,368,0,0.0,Load on,0.8,Line Mode,966700,0,00202507000200,OG-001,offgrid
7b0e5e2ac7a50aae4a1711dee2f7fab2,2026-03-22 06:30:54,00202507001060,Off Grid,00073.08,00012.29,234.4,49.9,96.6,99.3,111,111,0.0,0,0,0,234.4,49.9,2765,2738,25,230.0,47.8,48.0,230.0,47.8,50.0,11000,11000,48.0,57.6,57.6,Pylon,2.0,70.0,Appliance,Utility Solar Bat,Solar + Utility,6,53.0,367,1,0.0,Load on,1.1,Line Mode,966700,0,00202507000200,OG-001,offgrid
7a4cf869cfaf38254b9d4b4f99280208,2026-03-22 06:50:23,00202507001060,Off Grid,00073.08,00012.29,228.4,49.7,297.1,429.4,634,527,0.0,0,0,0,228.4,49.7,5253,5208,47,230.0,47.8,48.0,230.0,47.8,50.0,11000,11000,48.0,57.6,57.6,Pylon,2.0,70.0,Appliance,Utility Solar Bat,Solar + Utility,6,53.0,439,2,0.0,Load on,1.2,Line Mode,966700,0,00202507000200,OG-001,offgrid
073201ed4febb1ba1e103b7d65ef6cfa,2026-03-22 07:05:01,00202507001060,Off Grid,00073.08,00012.29,233.1,49.9,346.8,433.5,1084,768,0.0,0,0,0,233.1,49.9,5062,5025,46,230.0,47.8,48.0,230.0,47.8,50.0,11000,11000,48.0,57.6,57.6,Pylon,2.0,70.0,Appliance,Utility Solar Bat,Solar + Utility,6,53.0,445,3,0.0,Load on,1.7,Line Mode,966700,0,00202507000200,OG-001,offgrid
4cd548a461ceeaa50466f5117a4b053a,2026-03-22 07:52:58,00202507001060,Off Grid,00073.08,00012.29,235.6,50.0,381.9,413.5,1430,1317,0.0,0,0,0,235.6,50.0,5324,5255,48,230.0,47.8,48.0,230.0,47.8,50.0,11000,11000,48.0,57.6,57.6,Pylon,2.0,70.0,Appliance,Utility Solar Bat,Solar + Utility,6,53.0,424,3,0.0,Load on,3.1,Line Mode,967700,0,00202507000200,OG-001,offgrid
3da26e155aad387d144d4c1f8e145b91,2026-03-22 08:27:34,00202507001060,Off Grid,00073.08,00012.29,229.0,50.0,388.6,397.9,1105,1102,0.0,0,0,0,229.0,50.0,5335,5323,48,230.0,47.8,48.0,230.0,47.8,50.0,11000,11000,48.0,57.6,57.6,Pylon,2.0,70.0,Appliance,Utility Solar Bat,Solar + Utility,6,53.0,406,2,0.0,Load on,2.7,Line Mode,970600,0,00202507000200,OG-001,offgrid
2556c1849f4c554b1f5c18b7c868125a,2026-03-22 08:42:23,00202507001060,Off Grid,00073.08,00012.29,227.2,50.0,389.7,394.4,1290,1282,0.0,0,0,0,227.2,50.0,5316,5298,48,230.0,47.8,48.0,230.0,47.8,50.0,11000,11000,48.0,57.6,57.6,Pylon,2.0,70.0,Appliance,Utility Solar Bat,Solar + Utility,6,53.0,405,3,0.0,Load on,3.2,Line Mode,970600,0,00202507000200,OG-001,offgrid
189af33b009a5d282a8636b42c93f65b,2026-03-22 09:12:07,00202507001060,Off Grid,00073.08,00012.29,232.2,49.9,395.1,399.1,1383,1363,0.0,0,0,0,232.2,49.9,4922,4865,44,230.0,47.8,48.0,230.0,47.8,50.0,11000,11000,48.0,57.6,57.6,Pylon,2.0,70.0,Appliance,Utility Solar Bat,Solar + Utility,6,53.0,411,3,0.0,Load on,3.4,Line Mode,970600,0,00202507000200,OG-001,offgrid
1abe6dcd9aa6bde17c4ae95164043f68,2026-03-22 09:26:55,00202507001060,Off Grid,00073.08,00012.29,234.7,49.8,396.4,403.0,1657,1608,0.0,0,0,0,234.7,49.8,4975,4916,45,230.0,47.8,48.0,230.0,47.8,50.0,11000,11000,48.0,57.6,57.6,Pylon,2.0,70.0,Appliance,Utility Solar Bat,Solar + Utility,6,53.0,411,4,0.0,Load on,3.9,Line Mode,973100,0,00202507000200,OG-001,offgrid
3454aa28b71533544830e7a4ddf163ca,2026-03-22 09:41:42,00202507001060,Off Grid,00073.08,00012.29,243.0,49.9,421.0,410.1,2345,2519,0.0,0,0,0,243.0,49.9,5273,5217,47,230.0,47.8,48.0,230.0,47.8,50.0,11000,11000,48.0,57.6,57.6,Pylon,2.0,70.0,Appliance,Utility Solar Bat,Solar + Utility,6,53.0,451,5,0.0,Load on,6.1,Line Mode,973100,0,00202507000200,OG-001,offgrid
6921e37a5340af494e54009813affeed,2026-03-22 10:01:37,00202507001060,Off Grid,00073.08,00012.29,234.8,50.0,377.7,381.1,1683,1651,0.0,0,0,0,234.8,50.0,5611,5584,51,230.0,47.8,48.0,230.0,47.8,50.0,11000,11000,48.0,57.6,57.6,Pylon,2.0,70.0,Appliance,Utility Solar Bat,Solar + Utility,6,53.0,391,4,0.0,Load on,4.3,Line Mode,973100,0,00202507000200,OG-001,offgrid
5f4d4e04aaf978685199944512171608,2026-03-22 10:11:31,00202507001060,Off Grid,00073.08,00012.29,230.1,50.0,390.5,393.6,1563,1550,0.0,0,0,0,230.1,50.0,5844,5793,53,230.0,47.8,48.0,230.0,47.8,50.0,11000,11000,48.0,57.6,57.6,Pylon,2.0,70.0,Appliance,Utility Solar Bat,Solar + Utility,6,53.0,403,4,0.0,Load on,3.9,Line Mode,973100,0,00202507000200,OG-001,offgrid
2f0945019ccdf1092c2a08217ced6162,2026-03-22 10:16:26,00202507001060,Off Grid,00073.08,00012.29,229.2,50.0,389.8,388.0,1601,1629,0.0,0,0,0,229.2,50.0,6024,5991,54,230.0,47.8,48.0,230.0,47.8,50.0,11000,11000,48.0,57.6,57.6,Pylon,2.0,70.0,Appliance,Utility Solar Bat,Solar + Utility,6,53.0,400,4,0.0,Load on,4.1,Line Mode,977200,0,00202507000200,OG-001,offgrid
5fc3f27bd0e6f47e058aead8639e49fe,2026-03-22 10:36:15,00202507001060,Off Grid,00073.08,00012.29,237.7,50.1,114.6,192.9,896,1457,0.0,0,0,0,237.7,50.1,4662,4599,42,230.0,47.8,48.0,230.0,47.8,50.0,11000,11000,48.0,57.6,57.6,Pylon,2.0,70.0,Appliance,Utility Solar Bat,Solar + Utility,6,53.0,373,7,0.0,Load on,7.5,Line Mode,977200,0,00202507000200,OG-001,offgrid
061fd0c1e1b31eaf52519836586909f3,2026-03-22 10:41:13,00202507001060,Off Grid,00073.08,00012.29,241.0,50.0,377.6,390.1,1714,1703,0.0,0,0,0,241.0,50.0,4699,4631,42,230.0,47.8,48.0,230.0,47.8,50.0,11000,11000,48.0,57.6,57.6,Pylon,2.0,70.0,Appliance,Utility Solar Bat,Solar + Utility,6,53.0,401,4,0.0,Load on,4.3,Line Mode,977200,0,00202507000200,OG-001,offgrid
085e6700c3cccbcc721c989dafb339df,2026-03-22 10:46:09,00202507001060,Off Grid,00073.08,00012.29,244.0,49.9,422.5,419.1,2139,2234,0.0,0,0,0,244.0,49.9,4833,4751,43,230.0,47.8,48.0,230.0,47.8,50.0,11000,11000,48.0,57.6,57.6,Pylon,2.0,70.0,Appliance,Utility Solar Bat,Solar + Utility,6,53.0,448,5,0.0,Load on,5.3,Line Mode,977200,0,00202507000200,OG-001,offgrid
494202f3c24eed4c7594c06dbedaee7f,2026-03-22 10:51:08,00202507001060,Off Grid,00073.08,00012.29,236.9,49.9,387.6,384.9,1274,1301,0.0,0,0,0,236.9,49.9,4477,4432,40,230.0,47.8,48.0,230.0,47.8,50.0,11000,11000,48.0,57.6,57.6,Pylon,2.0,70.0,Appliance,Utility Solar Bat,Solar + Utility,6,53.0,397,3,0.0,Load on,3.3,Line Mode,977200,0,00202507000200,OG-001,offgrid
1fbbec4076984d935c7956486c3f9270,2026-03-22 10:56:05,00202507001060,Off Grid,00073.08,00012.29,239.4,49.9,382.3,391.3,1343,1327,0.0,0,0,0,239.4,49.9,4208,4101,38,230.0,47.8,48.0,230.0,47.8,50.0,11000,11000,48.0,57.6,57.6,Pylon,2.0,70.0,Appliance,Utility Solar Bat,Solar + Utility,6,53.0,401,3,0.0,Load on,3.3,Line Mode,977200,0,00202507000200,OG-001,offgrid
63bd4c652b6a3a1a3f5c0f93d4f54c19,2026-03-22 11:01:03,00202507001060,Off Grid,00073.08,00012.29,236.0,50.0,385.2,385.5,1103,1112,0.0,0,0,0,236.0,50.0,4295,4254,39,230.0,47.8,48.0,230.0,47.8,50.0,11000,11000,48.0,57.6,57.6,Pylon,2.0,70.0,Appliance,Utility Solar Bat,Solar + Utility,6,53.0,396,2,0.0,Load on,2.8,Line Mode,977200,0,00202507000200,OG-001,offgrid
6e26686b5d75afac1dac8968b7c8c6f4,2026-03-22 11:05:58,00202507001060,Off Grid,00073.08,00012.29,230.7,50.0,385.2,382.1,910,944,0.0,0,0,0,230.7,50.0,4577,4577,41,230.0,47.8,48.0,230.0,47.8,50.0,11000,11000,48.0,57.6,57.6,Pylon,2.0,70.0,Appliance,Utility Solar Bat,Solar + Utility,6,53.0,396,2,0.0,Load on,2.4,Line Mode,977200,0,00202507000200,OG-001,offgrid
67ef17ddda26cb0f2b78411e4d0fc1c3,2026-03-22 11:10:55,00202507001060,Off Grid,00073.08,00012.29,226.9,49.9,386.4,392.9,921,900,0.0,0,0,0,226.9,49.9,4934,4925,44,230.0,47.8,48.0,230.0,47.8,50.0,11000,11000,48.0,57.6,57.6,Pylon,2.0,70.0,Appliance,Utility Solar Bat,Solar + Utility,6,53.0,401,2,0.0,Load on,2.2,Line Mode,977200,0,00202507000200,OG-001,offgrid
04f0e142afd0d9c6755262fd188ba078,2026-03-22 11:15:52,00202507001060,Off Grid,00073.08,00012.29,207.1,50.0,396.0,398.6,937,932,0.0,0,0,0,207.1,50.0,7455,7452,67,230.0,47.8,48.0,230.0,47.8,50.0,11000,11000,48.0,57.6,57.6,Pylon,2.0,70.0,Appliance,Utility Solar Bat,Solar + Utility,6,53.0,410,2,0.0,Load on,2.3,Line Mode,980200,0,00202507000200,OG-001,offgrid
56e06d8a76e3132d1913ce055b6699df,2026-03-22 11:25:47,00202507001060,Off Grid,00073.08,00012.29,245.7,50.0,438.5,439.8,1449,1531,0.0,0,0,0,245.7,50.0,3291,3233,29,230.0,47.8,48.0,230.0,47.8,50.0,11000,11000,48.0,57.6,57.6,Pylon,2.0,70.0,Appliance,Utility Solar Bat,Solar + Utility,6,53.0,470,3,0.0,Load on,3.4,Line Mode,980200,0,00202507000200,OG-001,offgrid
7ef3a841bb75a9914fd909223d3580fe,2026-03-22 11:35:43,00202507001060,Off Grid,00073.08,00012.29,243.3,50.0,384.9,387.7,2310,2307,0.0,0,0,0,243.3,50.0,5644,5611,51,230.0,47.8,48.0,230.0,47.8,50.0,11000,11000,48.0,57.6,57.6,Pylon,2.0,70.0,Appliance,Utility Solar Bat,Solar + Utility,6,53.0,396,6,0.0,Load on,5.9,Line Mode,980200,0,00202507000200,OG-001,offgrid
5b80cdef3250b30c6f6842d05425857d,2026-03-22 11:40:38,00202507001060,Off Grid,00073.08,00012.29,236.2,50.0,390.8,389.2,2013,2039,0.0,0,0,0,236.2,50.0,6660,6626,60,230.0,47.8,48.0,230.0,47.8,50.0,11000,11000,48.0,57.6,57.6,Pylon,2.0,70.0,Appliance,Utility Solar Bat,Solar + Utility,6,53.0,400,5,0.0,Load on,5.2,Line Mode,980200,0,00202507000200,OG-001,offgrid
58e0eed4e62b01561b667f55a1e17feb,2026-03-22 11:45:33,00202507001060,Off Grid,00073.08,00012.29,233.7,49.9,391.3,390.1,1849,1863,0.0,0,0,0,233.7,49.9,6473,6447,58,230.0,47.8,48.0,230.0,47.8,50.0,11000,11000,48.0,57.6,57.6,Pylon,2.0,70.0,Appliance,Utility Solar Bat,Solar + Utility,6,53.0,403,4,0.0,Load on,4.7,Line Mode,980200,0,00202507000200,OG-001,offgrid
45e9c8187753ffef1816d8b31aedc23e,2026-03-22 11:50:28,00202507001060,Off Grid,00073.08,00012.29,238.2,49.8,389.8,389.1,1669,1685,0.0,0,0,0,238.2,49.8,4716,4703,42,230.0,47.8,48.0,230.0,47.8,50.0,11000,11000,48.0,57.6,57.6,Pylon,2.0,70.0,Appliance,Utility Solar Bat,Solar + Utility,6,53.0,400,4,0.0,Load on,4.3,Line Mode,980200,0,00202507000200,OG-001,offgrid
1033cbcdaea42f615ceb9961dd813b88,2026-03-22 11:55:24,00202507001060,Off Grid,00073.08,00012.29,237.5,49.9,320.2,362.3,1256,1343,0.0,0,0,0,237.5,49.9,4239,4145,38,230.0,47.8,48.0,230.0,47.8,50.0,11000,11000,48.0,57.6,57.6,Pylon,2.0,70.0,Appliance,Utility Solar Bat,Solar + Utility,6,53.0,373,3,0.0,Load on,3.7,Line Mode,980200,0,00202507000200,OG-001,offgrid
6e87ec6fb3f52d8c2ad5783d0ffbc02d,2026-03-22 12:00:23,00202507001060,Off Grid,00073.08,00012.29,241.6,49.9,237.9,271.9,861,939,0.0,0,0,0,241.6,49.9,2536,2409,23,230.0,47.8,48.0,230.0,47.8,50.0,11000,11000,48.0,57.6,57.6,Pylon,2.0,70.0,Appliance,Utility Solar Bat,Solar + Utility,6,53.0,394,3,0.0,Load on,3.4,Line Mode,980200,0,00202507000200,OG-001,offgrid
54484bdbdfce509579a44a533fd73d42,2026-03-22 12:05:19,00202507001060,Off Grid,00073.08,00012.29,243.0,50.0,417.5,417.6,1256,1293,0.0,0,0,0,243.0,50.0,2836,2798,25,230.0,47.8,48.0,230.0,47.8,50.0,11000,11000,48.0,57.6,57.6,Pylon,2.0,70.0,Appliance,Utility Solar Bat,Solar + Utility,6,53.0,449,3,0.0,Load on,3.0,Line Mode,980200,0,00202507000200,OG-001,offgrid
3000c0fd9216f3c85a812d215a7f885a,2026-03-22 12:10:19,00202507001060,Off Grid,00073.08,00012.29,243.3,49.8,389.9,394.5,1028,1020,0.0,0,0,0,243.3,49.8,2505,2436,22,230.0,47.8,48.0,230.0,47.8,50.0,11000,11000,48.0,57.6,57.6,Pylon,2.0,70.0,Appliance,Utility Solar Bat,Solar + Utility,6,53.0,403,2,0.0,Load on,2.5,Line Mode,980200,0,00202507000200,OG-001,offgrid
41ce83fc677867e83d2611b59d323359,2026-03-22 12:20:16,00202507001060,Off Grid,00073.08,00012.29,241.3,50.0,419.5,415.3,1018,1094,0.0,0,0,0,241.3,50.0,2480,2480,22,230.0,47.8,48.0,230.0,47.8,50.0,11000,11000,48.0,57.6,57.6,Pylon,2.0,70.0,Appliance,Utility Solar Bat,Solar + Utility,6,53.0,450,2,0.0,Load on,2.6,Line Mode,983300,0,00202507000200,OG-001,offgrid
2b9091a2707309de424d8fa7225259af,2026-03-22 12:25:13,00202507001060,Off Grid,00073.08,00012.29,240.8,49.9,431.9,433.4,905,988,0.0,0,0,0,240.8,49.9,2191,2120,19,230.0,47.8,48.0,230.0,47.8,50.0,11000,11000,48.0,57.6,57.6,Pylon,2.0,70.0,Appliance,Utility Solar Bat,Solar + Utility,6,53.0,463,2,0.0,Load on,2.2,Line Mode,983300,0,00202507000200,OG-001,offgrid
782d93c13ac49dbf68fb697fed3d9670,2026-03-22 12:30:11,00202507001060,Off Grid,00073.08,00012.29,242.6,50.0,437.9,438.7,953,1093,0.0,0,0,0,242.6,50.0,2377,2294,21,230.0,47.8,48.0,230.0,47.8,50.0,11000,11000,48.0,57.6,57.6,Pylon,2.0,70.0,Appliance,Utility Solar Bat,Solar + Utility,6,53.0,468,2,0.0,Load on,2.4,Line Mode,983300,0,00202507000200,OG-001,offgrid
34e8fb668d8e23f21ae2c8ebedd838c2,2026-03-22 12:40:05,00202507001060,Off Grid,00073.08,00012.29,240.8,49.9,425.9,424.5,1237,1398,0.0,0,0,0,240.8,49.9,2878,2878,26,230.0,47.8,48.0,230.0,47.8,50.0,11000,11000,48.0,57.6,57.6,Pylon,2.0,70.0,Appliance,Utility Solar Bat,Solar + Utility,6,53.0,456,2,0.0,Load on,3.2,Line Mode,983300,0,00202507000200,OG-001,offgrid
1c27c8da9cff1fc477f93154ff175957,2026-03-22 12:45:03,00202507001060,Off Grid,00073.08,00012.29,241.8,49.8,420.0,420.3,1384,1500,0.0,0,0,0,241.8,49.8,3167,3131,28,230.0,47.8,48.0,230.0,47.8,50.0,11000,11000,48.0,57.6,57.6,Pylon,2.0,70.0,Appliance,Utility Solar Bat,Solar + Utility,6,53.0,451,3,0.0,Load on,3.5,Line Mode,983300,0,00202507000200,OG-001,offgrid
46ad27a3c692d7b00c7a2c10f23f7649,2026-03-22 12:49:59,00202507001060,Off Grid,00073.08,00012.29,238.9,49.8,433.1,433.8,1173,1273,0.0,0,0,0,238.9,49.8,2723,2664,24,230.0,47.8,48.0,230.0,47.8,50.0,11000,11000,48.0,57.6,57.6,Pylon,2.0,70.0,Appliance,Utility Solar Bat,Solar + Utility,6,53.0,464,2,0.0,Load on,2.9,Line Mode,983300,0,00202507000200,OG-001,offgrid
5616388e6db2eaa56195bb546168d109,2026-03-22 12:54:58,00202507001060,Off Grid,00073.08,00012.29,241.3,49.9,433.2,435.6,1113,1217,0.0,0,0,0,241.3,49.9,2581,2521,23,230.0,47.8,48.0,230.0,47.8,50.0,11000,11000,48.0,57.6,57.6,Pylon,2.0,70.0,Appliance,Utility Solar Bat,Solar + Utility,6,53.0,464,2,0.0,Load on,2.7,Line Mode,983300,0,00202507000200,OG-001,offgrid
145d2ceeebae50bd58135e076b3bc671,2026-03-22 12:59:54,00202507001060,Off Grid,00073.08,00012.29,229.6,50.0,389.8,386.9,1221,1252,0.0,0,0,0,229.6,50.0,4173,4167,37,230.0,47.8,48.0,230.0,47.8,50.0,11000,11000,48.0,57.6,57.6,Pylon,2.0,70.0,Appliance,Utility Solar Bat,Solar + Utility,6,53.0,400,3,0.0,Load on,3.2,Line Mode,983300,0,00202507000200,OG-001,offgrid
01159f7921f8e32c13d10474233ad1ed,2026-03-22 13:04:50,00202507001060,Off Grid,00073.08,00012.29,237.9,49.9,390.4,389.2,865,905,0.0,0,0,0,237.9,49.9,2474,2396,22,230.0,47.8,48.0,230.0,47.8,50.0,11000,11000,48.0,57.6,57.6,Pylon,2.0,70.0,Appliance,Utility Solar Bat,Solar + Utility,6,53.0,400,2,0.0,Load on,2.3,Line Mode,983300,0,00202507000200,OG-001,offgrid
73665b385e31273527d104ab0ee8ec44,2026-03-22 13:09:48,00202507001060,Off Grid,00073.08,00012.29,239.0,50.0,394.1,392.2,1075,1111,0.0,0,0,0,239.0,50.0,2542,2477,23,230.0,47.8,48.0,230.0,47.8,50.0,11000,11000,48.0,57.6,57.6,Pylon,2.0,70.0,Appliance,Utility Solar Bat,Solar + Utility,6,53.0,403,2,0.0,Load on,2.8,Line Mode,983300,0,00202507000200,OG-001,offgrid
3ea5c9f7df95ff315b3cae368166a448,2026-03-22 13:14:47,00202507001060,Off Grid,00073.08,00012.29,240.8,50.0,436.7,440.6,1064,1084,0.0,0,0,0,240.8,50.0,2541,2433,23,230.0,47.8,48.0,230.0,47.8,50.0,11000,11000,48.0,57.6,57.6,Pylon,2.0,70.0,Appliance,Utility Solar Bat,Solar + Utility,6,53.0,470,2,0.0,Load on,2.4,Line Mode,985500,0,00202507000200,OG-001,offgrid
3977e07eddb8fbc652ddfa782a7f8a09,2026-03-22 13:19:43,00202507001060,Off Grid,00073.08,00012.29,239.6,50.0,436.9,440.9,1003,1049,0.0,0,0,0,239.6,50.0,2324,2220,21,230.0,47.8,48.0,230.0,47.8,50.0,11000,11000,48.0,57.6,57.6,Pylon,2.0,70.0,Appliance,Utility Solar Bat,Solar + Utility,6,53.0,469,2,0.0,Load on,2.3,Line Mode,985500,0,00202507000200,OG-001,offgrid
0b08169104a48d2925637d6178fc4fd6,2026-03-22 13:24:39,00202507001060,Off Grid,00073.08,00012.29,242.3,50.0,433.8,433.2,982,1112,0.0,0,0,0,242.3,50.0,2350,2232,21,230.0,47.8,48.0,230.0,47.8,50.0,11000,11000,48.0,57.6,57.6,Pylon,2.0,70.0,Appliance,Utility Solar Bat,Solar + Utility,6,53.0,465,2,0.0,Load on,2.5,Line Mode,985500,0,00202507000200,OG-001,offgrid
62fdaca12e06534f6fd6d30d1547e959,2026-03-22 13:29:39,00202507001060,Off Grid,00073.08,00012.29,240.3,50.0,430.9,431.4,913,1007,0.0,0,0,0,240.3,50.0,2213,2134,20,230.0,47.8,48.0,230.0,47.8,50.0,11000,11000,48.0,57.6,57.6,Pylon,2.0,70.0,Appliance,Utility Solar Bat,Solar + Utility,6,53.0,462,2,0.0,Load on,2.3,Line Mode,985500,0,00202507000200,OG-001,offgrid
40fb08d2133b56c2759e73d2144504d6,2026-03-22 13:34:39,00202507001060,Off Grid,00073.08,00012.29,239.0,50.0,245.9,259.4,613,668,0.0,0,0,0,239.0,50.0,2014,1835,18,230.0,47.8,48.0,230.0,47.8,50.0,11000,11000,48.0,57.6,57.6,Pylon,2.0,70.0,Appliance,Utility Solar Bat,Solar + Utility,6,53.0,375,2,0.0,Load on,2.5,Line Mode,985500,0,00202507000200,OG-001,offgrid
62d42852637288583d80c9b0a9c3d7e2,2026-03-22 13:39:35,00202507001060,Off Grid,00073.08,00012.29,238.2,50.0,382.7,392.0,767,752,0.0,0,0,0,238.2,50.0,2096,2003,19,230.0,47.8,48.0,230.0,47.8,50.0,11000,11000,48.0,57.6,57.6,Pylon,2.0,70.0,Appliance,Utility Solar Bat,Solar + Utility,6,53.0,401,2,0.0,Load on,1.9,Line Mode,985500,0,00202507000200,OG-001,offgrid
702bf57e86c52d3707fcb37a25902387,2026-03-22 13:44:31,00202507001060,Off Grid,00073.08,00012.29,232.7,49.9,386.7,389.5,705,702,0.0,0,0,0,232.7,49.9,2722,2629,24,230.0,47.8,48.0,230.0,47.8,50.0,11000,11000,48.0,57.6,57.6,Pylon,2.0,70.0,Appliance,Utility Solar Bat,Solar + Utility,6,53.0,400,1,0.0,Load on,1.8,Line Mode,985500,0,00202507000200,OG-001,offgrid
0bc686660ece79ab486e8a7f904acced,2026-03-22 13:49:28,00202507001060,Off Grid,00073.08,00012.29,232.8,49.8,393.8,389.4,840,879,0.0,0,0,0,232.8,49.8,3096,3055,28,230.0,47.8,48.0,230.0,47.8,50.0,11000,11000,48.0,57.6,57.6,Pylon,2.0,70.0,Appliance,Utility Solar Bat,Solar + Utility,6,53.0,403,2,0.0,Load on,2.2,Line Mode,985500,0,00202507000200,OG-001,offgrid
2d82de470a0b75de3f64a3679f05d393,2026-03-22 13:59:20,00202507001060,Off Grid,00073.08,00012.29,228.2,50.0,381.9,387.1,571,553,0.0,0,0,0,228.2,50.0,3035,2984,27,230.0,47.8,48.0,230.0,47.8,50.0,11000,11000,48.0,57.6,57.6,Pylon,2.0,70.0,Appliance,Utility Solar Bat,Solar + Utility,6,53.0,397,1,0.0,Load on,1.4,Line Mode,985500,0,00202507000200,OG-001,offgrid
411d1c57fa2585d5540e21071e748167,2026-03-22 14:09:18,00202507001060,Off Grid,00073.08,00012.29,230.5,49.9,368.9,378.0,479,463,0.0,0,0,0,230.5,49.9,2374,2321,21,230.0,47.8,48.0,230.0,47.8,50.0,11000,11000,48.0,57.6,57.6,Pylon,2.0,70.0,Appliance,Utility Solar Bat,Solar + Utility,6,53.0,387,1,0.0,Load on,1.2,Line Mode,985500,0,00202507000200,OG-001,offgrid
2d9d02b2465b531865cccef28bb6c3ff,2026-03-22 14:14:15,00202507001060,Off Grid,00073.08,00012.29,232.8,50.0,363.3,370.1,417,399,0.0,0,0,0,232.8,50.0,2351,2279,21,230.0,47.8,48.0,230.0,47.8,50.0,11000,11000,48.0,57.6,57.6,Pylon,2.0,70.0,Appliance,Utility Solar Bat,Solar + Utility,6,53.0,380,1,0.0,Load on,1.0,Line Mode,985500,0,00202507000200,OG-001,offgrid
4de58fc13cb24eda5aab1357b484a523,2026-03-22 14:24:09,00202507001060,Off Grid,00073.08,00012.29,225.7,49.9,345.9,352.1,223,204,0.0,0,0,0,225.7,49.9,3001,2970,27,230.0,47.8,48.0,230.0,47.8,50.0,11000,11000,48.0,57.6,57.6,Pylon,2.0,70.0,Appliance,Utility Solar Bat,Solar + Utility,6,53.0,362,0,0.0,Load on,0.5,Line Mode,987100,0,00202507000200,OG-001,offgrid
0d9e592c5a4f9c461d9555df3c0e426b,2026-03-22 14:34:00,00202507001060,Off Grid,00073.08,00012.29,227.4,49.9,90.0,92.4,36,50,0.0,0,0,0,227.4,49.9,2504,2443,22,230.0,47.8,48.0,230.0,47.8,50.0,11000,11000,48.0,57.6,57.6,Pylon,2.0,70.0,Appliance,Utility Solar Bat,Solar + Utility,6,53.0,358,0,0.0,Load on,0.5,Line Mode,987100,0,00202507000200,OG-001,offgrid
52fdb5ee9fb34d7f639b9e8acec684dc,2026-03-22 14:38:56,00202507001060,Off Grid,00073.08,00012.29,220.7,50.0,100.2,101.6,68,86,0.0,0,0,0,220.7,50.0,3963,3927,36,230.0,47.8,48.0,230.0,47.8,50.0,11000,11000,48.0,57.6,57.6,Pylon,2.0,70.0,Appliance,Utility Solar Bat,Solar + Utility,6,53.0,349,0,0.0,Load on,0.8,Line Mode,987100,0,00202507000200,OG-001,offgrid
6949d701565e1bce0160a0dbf2fcab48,2026-03-22 14:43:53,00202507001060,Off Grid,00073.08,00012.29,230.0,49.9,390.4,388.5,484,518,0.0,0,0,0,230.0,49.9,2970,2940,27,230.0,47.8,48.0,230.0,47.8,50.0,11000,11000,48.0,57.6,57.6,Pylon,2.0,70.0,Appliance,Utility Solar Bat,Solar + Utility,6,53.0,397,1,0.0,Load on,1.3,Line Mode,987100,0,00202507000200,OG-001,offgrid
7dc25200933614b73906b2dd13902565,2026-03-22 14:53:49,00202507001060,Off Grid,00073.08,00012.29,243.1,50.0,346.8,359.2,1452,1522,0.0,0,0,0,243.1,50.0,3622,3586,32,230.0,47.8,48.0,230.0,47.8,50.0,11000,11000,48.0,57.6,57.6,Pylon,2.0,70.0,Appliance,Utility Solar Bat,Solar + Utility,6,53.0,380,4,0.0,Load on,4.2,Line Mode,987100,0,00202507000200,OG-001,offgrid
37fd85a1c589cb927c8b2e56b1454fac,2026-03-22 14:58:49,00202507001060,Off Grid,00073.08,00012.29,245.5,49.9,460.0,459.8,1512,1495,0.0,0,0,0,245.5,49.9,3240,3210,29,230.0,47.8,48.0,230.0,47.8,50.0,11000,11000,48.0,57.6,57.6,Pylon,2.0,70.0,Appliance,Utility Solar Bat,Solar + Utility,6,53.0,470,3,0.0,Load on,3.2,Line Mode,987100,0,00202507000200,OG-001,offgrid
7d5fb323bc62ff430c22113f37d4dab1,2026-03-22 15:03:44,00202507001060,Off Grid,00073.08,00012.29,248.4,50.0,454.7,456.5,1691,1690,0.0,0,0,0,248.4,50.0,3726,3696,33,230.0,47.8,48.0,230.0,47.8,50.0,11000,11000,48.0,57.6,57.6,Pylon,2.0,70.0,Appliance,Utility Solar Bat,Solar + Utility,6,53.0,470,3,0.0,Load on,3.7,Line Mode,987100,0,00202507000200,OG-001,offgrid
47f885b6cda757e1003dbf579219153a,2026-03-22 15:08:42,00202507001060,Off Grid,00073.08,00012.29,248.0,50.0,449.5,452.8,1486,1476,0.0,0,0,0,248.0,50.0,3213,3149,29,230.0,47.8,48.0,230.0,47.8,50.0,11000,11000,48.0,57.6,57.6,Pylon,2.0,70.0,Appliance,Utility Solar Bat,Solar + Utility,6,53.0,470,3,0.0,Load on,3.2,Line Mode,987100,0,00202507000200,OG-001,offgrid
2cb852621e3ac2c4524b083dc97843e9,2026-03-22 15:18:37,00202507001060,Off Grid,00073.08,00012.29,242.1,49.9,397.2,396.9,1352,1386,0.0,0,0,0,242.1,49.9,3190,3060,29,230.0,47.8,48.0,230.0,47.8,50.0,11000,11000,48.0,57.6,57.6,Pylon,2.0,70.0,Appliance,Utility Solar Bat,Solar + Utility,6,53.0,407,3,0.0,Load on,3.4,Line Mode,988600,0,00202507000200,OG-001,offgrid
53563238990066304e04ae81cbf60039,2026-03-22 15:23:35,00202507001060,Off Grid,00073.08,00012.29,242.8,49.9,387.1,398.6,1440,1428,0.0,0,0,0,242.8,49.9,3229,3161,29,230.0,47.8,48.0,230.0,47.8,50.0,11000,11000,48.0,57.6,57.6,Pylon,2.0,70.0,Appliance,Utility Solar Bat,Solar + Utility,6,53.0,422,3,0.0,Load on,3.5,Line Mode,988600,0,00202507000200,OG-001,offgrid
028c9dba4bfe9727195c7e0861fd7b72,2026-03-22 15:28:34,00202507001060,Off Grid,00073.08,00012.29,240.6,49.9,200.1,166.4,763,672,0.0,0,0,0,240.6,49.9,2646,2489,24,230.0,47.8,48.0,230.0,47.8,50.0,11000,11000,48.0,57.6,57.6,Pylon,2.0,70.0,Appliance,Utility Solar Bat,Solar + Utility,6,53.0,378,3,0.0,Load on,4.0,Line Mode,988600,0,00202507000200,OG-001,offgrid
70c5059d9aa793eb387180b1e14fddd0,2026-03-22 15:38:31,00202507001060,Off Grid,00073.08,00012.29,241.4,49.9,386.3,387.6,1019,1030,0.0,0,0,0,241.4,49.9,2969,2882,26,230.0,47.8,48.0,230.0,47.8,50.0,11000,11000,48.0,57.6,57.6,Pylon,2.0,70.0,Appliance,Utility Solar Bat,Solar + Utility,6,53.0,398,2,0.0,Load on,2.6,Line Mode,988600,0,00202507000200,OG-001,offgrid
16488d83c86f86d864ce33f77f99fb88,2026-03-22 15:43:29,00202507001060,Off Grid,00073.08,00012.29,238.0,49.9,369.2,378.0,727,715,0.0,0,0,0,238.0,49.9,2660,2624,24,230.0,47.8,48.0,230.0,47.8,50.0,11000,11000,48.0,57.6,57.6,Pylon,2.0,70.0,Appliance,Utility Solar Bat,Solar + Utility,6,53.0,388,1,0.0,Load on,1.8,Line Mode,988600,0,00202507000200,OG-001,offgrid
4de28e95476469066f07146a73924184,2026-03-22 15:48:24,00202507001060,Off Grid,00073.08,00012.29,239.3,50.0,387.6,396.3,683,672,0.0,0,0,0,239.3,50.0,2523,2523,22,230.0,47.8,48.0,230.0,47.8,50.0,11000,11000,48.0,57.6,57.6,Pylon,2.0,70.0,Appliance,Utility Solar Bat,Solar + Utility,6,53.0,404,1,0.0,Load on,1.6,Line Mode,988600,0,00202507000200,OG-001,offgrid
2619e9679140f1ae0dfb0f4c1ccbf58e,2026-03-22 16:08:10,00202507001060,Off Grid,00073.08,00012.29,240.8,50.0,394.2,397.6,789,789,0.0,0,0,0,240.8,50.0,2095,2039,19,230.0,47.8,48.0,230.0,47.8,50.0,11000,11000,48.0,57.6,57.6,Pylon,2.0,70.0,Appliance,Utility Solar Bat,Solar + Utility,6,53.0,409,2,0.0,Load on,1.9,Line Mode,988600,0,00202507000200,OG-001,offgrid
6d01809780a120a252773bd15a9274f7,2026-03-22 16:18:09,00202507001060,Off Grid,00073.08,00012.29,237.2,49.9,379.9,381.0,565,550,0.0,0,0,0,237.2,49.9,2229,2209,20,230.0,47.8,48.0,230.0,47.8,50.0,11000,11000,48.0,57.6,57.6,Pylon,2.0,70.0,Appliance,Utility Solar Bat,Solar + Utility,6,53.0,395,1,0.0,Load on,1.4,Line Mode,990400,0,00202507000200,OG-001,offgrid
260fa21df8ac9f976ed2892cb7810f74,2026-03-22 16:23:08,00202507001060,Off Grid,00073.08,00012.29,225.2,49.9,375.1,373.0,506,532,0.0,0,0,0,225.2,49.9,3890,3831,35,230.0,47.8,48.0,230.0,47.8,50.0,11000,11000,48.0,57.6,57.6,Pylon,2.0,70.0,Appliance,Utility Solar Bat,Solar + Utility,6,53.0,385,1,0.0,Load on,1.4,Line Mode,990400,0,00202507000200,OG-001,offgrid
45f44301a3b46dcb496b0c33ea16b490,2026-03-22 16:33:03,00202507001060,Off Grid,00073.08,00012.29,230.7,50.0,376.8,377.3,544,583,0.0,0,0,0,230.7,50.0,2515,2466,22,230.0,47.8,48.0,230.0,47.8,50.0,11000,11000,48.0,57.6,57.6,Pylon,2.0,70.0,Appliance,Utility Solar Bat,Solar + Utility,6,53.0,386,1,0.0,Load on,1.5,Line Mode,990400,0,00202507000200,OG-001,offgrid
0370a381299a610255020ebc8bdd1ec9,2026-03-22 16:43:02,00202507001060,Off Grid,00073.08,00012.29,227.2,49.9,380.2,378.5,408,411,0.0,0,0,0,227.2,49.9,2675,2625,24,230.0,47.8,48.0,230.0,47.8,50.0,11000,11000,48.0,57.6,57.6,Pylon,2.0,70.0,Appliance,Utility Solar Bat,Solar + Utility,6,53.0,390,1,0.0,Load on,1.0,Line Mode,990400,0,00202507000200,OG-001,offgrid
50026ed362ebb33a3891cd1ec50b60ba,2026-03-22 16:48:00,00202507001060,Off Grid,00073.08,00012.29,226.0,50.0,365.7,375.2,368,343,0.0,0,0,0,226.0,50.0,2621,2567,23,230.0,47.8,48.0,230.0,47.8,50.0,11000,11000,48.0,57.6,57.6,Pylon,2.0,70.0,Appliance,Utility Solar Bat,Solar + Utility,6,53.0,386,1,0.0,Load on,0.9,Line Mode,990400,0,00202507000200,OG-001,offgrid
6d06c8ca71c8c72e239c49db6f842611,2026-03-22 16:52:57,00202507001060,Off Grid,00073.08,00012.29,229.0,50.0,367.3,378.8,338,312,0.0,0,0,0,229.0,50.0,2244,2183,20,230.0,47.8,48.0,230.0,47.8,50.0,11000,11000,48.0,57.6,57.6,Pylon,2.0,70.0,Appliance,Utility Solar Bat,Solar + Utility,6,53.0,386,0,0.0,Load on,0.8,Line Mode,990400,0,00202507000200,OG-001,offgrid
2e4296b5f07c43fd4a8509b0ffc5c136,2026-03-22 16:57:55,00202507001060,Off Grid,00073.08,00012.29,230.9,50.0,375.2,358.2,290,319,0.0,0,0,0,230.9,50.0,1844,1791,16,230.0,47.8,48.0,230.0,47.8,50.0,11000,11000,48.0,57.6,57.6,Pylon,2.0,70.0,Appliance,Utility Solar Bat,Solar + Utility,6,53.0,384,0,0.0,Load on,0.8,Line Mode,990400,0,00202507000200,OG-001,offgrid
5891521bc34cff6711229bdc76b4dcdc,2026-03-22 17:02:51,00202507001060,Off Grid,00073.08,00012.29,229.5,49.9,371.7,366.7,267,305,0.0,0,0,0,229.5,49.9,1794,1605,16,230.0,47.8,48.0,230.0,47.8,50.0,11000,11000,48.0,57.6,57.6,Pylon,2.0,70.0,Appliance,Utility Solar Bat,Solar + Utility,6,53.0,381,0,0.0,Load on,0.8,Line Mode,990400,0,00202507000200,OG-001,offgrid
4cca1385e7814fb00e4293a99b84744c,2026-03-22 17:07:49,00202507001060,Off Grid,00073.08,00012.29,225.4,49.9,367.4,362.0,228,269,0.0,0,0,0,225.4,49.9,2348,2348,21,230.0,47.8,48.0,230.0,47.8,50.0,11000,11000,48.0,57.6,57.6,Pylon,2.0,70.0,Appliance,Utility Solar Bat,Solar + Utility,6,53.0,377,0,0.0,Load on,0.7,Line Mode,990400,0,00202507000200,OG-001,offgrid
11007d74dc5a87817558edc69bc673b3,2026-03-22 17:17:40,00202507001060,Off Grid,00073.08,00012.29,223.3,49.9,367.9,366.4,184,223,0.0,0,0,0,223.3,49.9,2411,2284,21,230.0,47.8,48.0,230.0,47.8,50.0,11000,11000,48.0,57.6,57.6,Pylon,2.0,70.0,Appliance,Utility Solar Bat,Solar + Utility,6,53.0,377,0,0.0,Load on,0.6,Line Mode,991200,0,00202507000200,OG-001,offgrid
68120948918aa04211608e52ab8889f5,2026-03-22 17:22:37,00202507001060,Off Grid,00073.08,00012.29,223.5,49.8,349.0,348.3,189,207,0.0,0,0,0,223.5,49.8,3017,2973,27,230.0,47.8,48.0,230.0,47.8,50.0,11000,11000,48.0,57.6,57.6,Pylon,2.0,70.0,Appliance,Utility Solar Bat,Solar + Utility,6,53.0,361,0,0.0,Load on,0.5,Line Mode,991200,0,00202507000200,OG-001,offgrid
3f30384b9df592936b80e18f6730c249,2026-03-22 17:32:34,00202507001060,Off Grid,00073.08,00012.29,223.8,49.8,90.0,93.5,36,42,0.0,0,0,0,223.8,49.8,3245,3108,29,230.0,47.8,48.0,230.0,47.8,50.0,11000,11000,48.0,57.6,57.6,Pylon,2.0,70.0,Appliance,Utility Solar Bat,Solar + Utility,6,53.0,352,0,0.0,Load on,0.4,Line Mode,991200,0,00202507000200,OG-001,offgrid
6c8cb9c4296f7a2a36cee9ea56f0b314,2026-03-22 17:37:34,00202507001060,Off Grid,00073.08,00012.29,223.4,49.8,90.0,91.2,40,52,0.0,0,0,0,223.4,49.8,3172,3144,28,230.0,47.8,48.0,230.0,47.8,50.0,11000,11000,48.0,57.6,57.6,Pylon,2.0,70.0,Appliance,Utility Solar Bat,Solar + Utility,6,53.0,352,0,0.0,Load on,0.5,Line Mode,991200,0,00202507000200,OG-001,offgrid
51a287c75e5c9d8732e251baf7a9a710,2026-03-22 17:42:32,00202507001060,Off Grid,00073.08,00012.29,224.2,49.9,90.5,95.5,44,59,0.0,0,0,0,224.2,49.9,3189,3108,28,230.0,47.8,48.0,230.0,47.8,50.0,11000,11000,48.0,57.6,57.6,Pylon,2.0,70.0,Appliance,Utility Solar Bat,Solar + Utility,6,53.0,353,0,0.0,Load on,0.6,Line Mode,991200,0,00202507000200,OG-001,offgrid
6009668f10770f340273394119e35644,2026-03-22 17:52:28,00202507001060,Off Grid,00073.08,00012.29,225.7,49.9,90.0,91.0,38,50,0.0,0,0,0,225.7,49.9,3092,3009,28,230.0,47.8,48.0,230.0,47.8,50.0,11000,11000,48.0,57.6,57.6,Pylon,2.0,70.0,Appliance,Utility Solar Bat,Solar + Utility,6,53.0,355,0,0.0,Load on,0.5,Line Mode,991200,0,00202507000200,OG-001,offgrid
3e3bc4e034c173ab3562236febaa48d3,2026-03-22 17:57:24,00202507001060,Off Grid,00073.08,00012.29,225.8,49.9,90.0,90.0,30,43,0.0,0,0,0,225.8,49.9,3048,3014,27,230.0,47.8,48.0,230.0,47.8,50.0,11000,11000,48.0,57.6,57.6,Pylon,2.0,70.0,Appliance,Utility Solar Bat,Solar + Utility,6,53.0,354,0,0.0,Load on,0.4,Line Mode,991200,0,00202507000200,OG-001,offgrid
4d558e6dc25b28660ee87263829446ff,2026-03-22 18:02:20,00202507001060,Off Grid,00073.08,00012.29,223.2,50.0,90.0,89.9,18,32,0.0,0,0,0,223.2,50.0,3147,3105,28,230.0,47.8,48.0,230.0,47.8,50.0,11000,11000,48.0,57.6,57.6,Pylon,2.0,70.0,Appliance,Utility Solar Bat,Solar + Utility,6,53.0,352,0,0.0,Load on,0.3,Line Mode,991200,0,00202507000200,OG-001,offgrid
454fac4ee9c12e340dd88e80b62289a2,2026-03-22 18:12:12,00202507001060,Off Grid,00073.08,00012.29,222.3,49.9,119.6,0.0,0,0,0.0,0,0,0,222.3,49.9,3178,3140,28,230.0,47.8,48.0,230.0,47.8,50.0,11000,11000,48.0,57.6,57.6,Pylon,2.0,70.0,Appliance,Utility Solar Bat,Solar + Utility,6,53.0,350,0,0.0,Load on,0.0,Line Mode,991400,0,00202507000200,OG-001,offgrid
0073a7afb13628f617b5741b4552b1ca,2026-03-22 18:17:09,00202507001060,Off Grid,00073.08,00012.29,221.3,50.0,0.0,0.0,0,0,0.0,0,0,0,221.3,50.0,3186,3118,28,230.0,47.8,48.0,230.0,47.8,50.0,11000,11000,48.0,57.6,57.6,Pylon,2.0,70.0,Appliance,Utility Solar Bat,Solar + Utility,6,53.0,344,0,0.0,Load on,0.0,Line Mode,991400,0,00202507000200,OG-001,offgrid
1fb4b588e6ad3b990c4e0442391206e5,2026-03-22 18:22:06,00202507001060,Off Grid,00073.08,00012.29,221.0,49.9,0.0,80.2,0,0,0.0,0,0,0,221.0,49.9,3211,3188,29,230.0,47.8,48.0,230.0,47.8,50.0,11000,11000,48.0,57.6,57.6,Pylon,2.0,70.0,Appliance,Utility Solar Bat,Solar + Utility,6,53.0,349,0,0.0,Load on,0.0,Line Mode,991400,0,00202507000200,OG-001,offgrid
1de1627a741a750c3273426963413c68,2026-03-22 18:27:03,00202507001060,Off Grid,00073.08,00012.29,220.1,50.0,66.3,70.3,0,0,0.0,0,0,0,220.1,50.0,3345,3205,30,230.0,47.8,48.0,230.0,47.8,50.0,11000,11000,48.0,57.6,57.6,Pylon,2.0,70.0,Appliance,Utility Solar Bat,Solar + Utility,6,53.0,350,0,0.0,Load on,0.0,Line Mode,991400,0,00202507000200,OG-001,offgrid
7b68c24e28af9a8c1e3a7ca6f709ae4f,2026-03-22 18:36:54,00202507001060,Off Grid,00073.08,00012.29,217.2,49.9,0.0,0.0,0,0,0.0,0,0,0,217.2,49.9,3344,3262,30,230.0,47.8,48.0,230.0,47.8,50.0,11000,11000,48.0,57.6,57.6,Pylon,2.0,70.0,Appliance,Utility Solar Bat,Solar + Utility,6,53.0,350,0,0.0,Load on,0.0,Line Mode,991400,0,00202507000200,OG-001,offgrid
3dcdd65647791705356a9c902896f8b8,2026-03-22 18:41:50,00202507001060,Off Grid,00073.08,00012.29,217.8,49.9,0.0,0.0,0,0,0.0,0,0,0,217.8,49.9,3322,3311,30,230.0,47.8,48.0,230.0,47.8,50.0,11000,11000,48.0,57.6,57.6,Pylon,2.0,70.0,Appliance,Utility Solar Bat,Solar + Utility,6,53.0,350,0,0.0,Load on,0.0,Line Mode,991400,0,00202507000200,OG-001,offgrid
2fd11fcda51aaf9c29c11e1db2b6b81b,2026-03-22 18:51:44,00202507001060,Off Grid,00073.08,00012.29,218.4,50.0,0.0,0.0,0,0,0.0,0,0,0,218.4,50.0,3259,3259,29,230.0,47.8,48.0,230.0,47.8,50.0,11000,11000,48.0,57.6,57.6,Pylon,2.0,70.0,Appliance,Utility Solar Bat,Solar + Utility,6,53.0,350,0,0.0,Load on,0.0,Line Mode,991400,0,00202507000200,OG-001,offgrid
6f2c34309b9989846416e3b9e49e9af1,2026-03-22 18:56:41,00202507001060,Off Grid,00073.08,00012.29,217.7,50.0,0.0,0.0,0,0,0.0,0,0,0,217.7,50.0,3287,3287,29,230.0,47.8,48.0,230.0,47.8,50.0,11000,11000,48.0,57.6,57.6,Pylon,2.0,70.0,Appliance,Utility Solar Bat,Solar + Utility,6,53.0,350,0,0.0,Load on,0.0,Line Mode,991400,0,00202507000200,OG-001,offgrid
1f508335c534619a721e975454a7c505,2026-03-22 19:01:40,00202507001060,Off Grid,00073.08,00012.29,220.6,50.0,0.0,0.0,0,0,0.0,0,0,0,220.6,50.0,3469,3442,31,230.0,47.8,48.0,230.0,47.8,50.0,11000,11000,48.0,57.6,57.6,Pylon,2.0,70.0,Appliance,Utility Solar Bat,Solar + Utility,6,53.0,350,0,0.0,Load on,0.0,Line Mode,991400,0,00202507000200,OG-001,offgrid
3a0ae4d9e45e0b662ec9696bf0e8e2d1,2026-03-22 19:11:39,00202507001060,Off Grid,00073.08,00012.29,221.1,49.9,0.0,0.0,0,0,0.0,0,0,0,221.1,49.9,3228,3180,29,230.0,47.8,48.0,230.0,47.8,50.0,11000,11000,48.0,57.6,57.6,Pylon,2.0,70.0,Appliance,Utility Solar Bat,Solar + Utility,6,53.0,350,0,0.0,Load on,0.0,Line Mode,991400,0,00202507000200,OG-001,offgrid
139b8337ae7b90650354a162bc71f5d0,2026-03-22 19:21:34,00202507001060,Off Grid,00073.08,00012.29,222.2,49.9,0.0,0.0,0,0,0.0,0,0,0,222.2,49.9,3205,3205,29,230.0,47.8,48.0,230.0,47.8,50.0,11000,11000,48.0,57.6,57.6,Pylon,2.0,70.0,Appliance,Utility Solar Bat,Solar + Utility,6,53.0,350,0,0.0,Load on,0.0,Line Mode,991400,0,00202507000200,OG-001,offgrid
46d5370a938ee5182689d872d951e870,2026-03-22 19:26:29,00202507001060,Off Grid,00073.08,00012.29,223.1,49.9,0.0,0.0,0,0,0.0,0,0,0,223.1,49.9,3212,3160,29,230.0,47.8,48.0,230.0,47.8,50.0,11000,11000,48.0,57.6,57.6,Pylon,2.0,70.0,Appliance,Utility Solar Bat,Solar + Utility,6,53.0,352,0,0.0,Load on,0.0,Line Mode,991400,0,00202507000200,OG-001,offgrid
667ad95d79dd3bf84735758430bdf3cd,2026-03-22 19:31:28,00202507001060,Off Grid,00073.08,00012.29,217.5,49.9,0.0,0.0,0,0,0.0,0,0,0,217.5,49.9,3715,3707,33,230.0,47.8,48.0,230.0,47.8,50.0,11000,11000,48.0,57.6,57.6,Pylon,2.0,70.0,Appliance,Utility Solar Bat,Solar + Utility,6,53.0,350,0,0.0,Load on,0.0,Line Mode,991400,0,00202507000200,OG-001,offgrid
6dcb2fb8533551a14ee4a4ee03b44ddc,2026-03-22 19:36:26,00202507001060,Off Grid,00073.08,00012.29,221.9,50.0,0.0,0.0,0,0,0.0,0,0,0,221.9,50.0,3306,3263,30,230.0,47.8,48.0,230.0,47.8,50.0,11000,11000,48.0,57.6,57.6,Pylon,2.0,70.0,Appliance,Utility Solar Bat,Solar + Utility,6,53.0,350,0,0.0,Load on,0.0,Line Mode,991400,0,00202507000200,OG-001,offgrid
61328d8a6920b43c77088c2c92b1c352,2026-03-22 19:46:19,00202507001060,Off Grid,00073.08,00012.29,236.1,50.0,0.0,0.0,0,0,0.0,0,0,0,236.1,50.0,519,389,4,230.0,47.8,48.0,230.0,47.8,50.0,11000,11000,48.0,57.6,57.6,Pylon,2.0,70.0,Appliance,Utility Solar Bat,Solar + Utility,6,53.0,370,0,0.0,Load on,0.0,Line Mode,991400,0,00202507000200,OG-001,offgrid
1a4cb519ae6ad75f20d75eaefc29c9fe,2026-03-22 19:51:17,00202507001060,Off Grid,00073.08,00012.29,231.6,50.0,0.0,0.0,0,0,0.0,0,0,0,231.6,50.0,1574,1404,14,230.0,47.8,48.0,230.0,47.8,50.0,11000,11000,48.0,57.6,57.6,Pylon,2.0,70.0,Appliance,Utility Solar Bat,Solar + Utility,6,53.0,363,0,0.0,Load on,0.0,Line Mode,991400,0,00202507000200,OG-001,offgrid
523b68d1df9aca1176d2d2eb054d9ee2,2026-03-22 19:53:10,00202507001060,Off Grid,00073.08,00012.29,225.0,49.9,0.0,0.0,0,0,0.0,0,0,0,225.0,49.9,2973,2908,27,230.0,47.8,48.0,230.0,47.8,50.0,11000,11000,48.0,57.6,57.6,Pylon,2.0,70.0,Appliance,Utility Solar Bat,Solar + Utility,6,53.0,354,0,0.0,Load on,0.0,Line Mode,991400,0,00202507000200,OG-001,offgrid
144375ae2ae1f8201002693140d997ce,2026-03-22 19:58:04,00202507001060,Off Grid,00073.08,00012.29,234.0,49.9,0.0,0.0,0,0,0.0,0,0,0,234.0,49.9,889,883,8,230.0,47.8,48.0,230.0,47.8,50.0,11000,11000,48.0,57.6,57.6,Pylon,2.0,70.0,Appliance,Utility Solar Bat,Solar + Utility,6,53.0,367,0,0.0,Load on,0.0,Line Mode,991400,0,00202507000200,OG-001,offgrid
715d3b18539c448c3e2c9fe5d667b97a,2026-03-22 20:02:54,00202507001060,Off Grid,00073.08,00012.29,238.1,50.0,0.0,0.0,0,0,0.0,0,0,0,238.1,50.0,547,397,4,230.0,47.8,48.0,230.0,47.8,50.0,11000,11000,48.0,57.6,57.6,Pylon,2.0,70.0,Appliance,Utility Solar Bat,Solar + Utility,6,53.0,373,0,0.0,Load on,0.0,Line Mode,991400,0,00202507000200,OG-001,offgrid
44a6d6b01743d9195ca26e895a261565,2026-03-22 20:07:47,00202507001060,Off Grid,00073.08,00012.29,238.3,50.1,0.0,0.0,0,0,0.0,0,0,0,238.3,50.1,595,443,5,230.0,47.8,48.0,230.0,47.8,50.0,11000,11000,48.0,57.6,57.6,Pylon,2.0,70.0,Appliance,Utility Solar Bat,Solar + Utility,6,53.0,373,0,0.0,Load on,0.0,Line Mode,991400,0,00202507000200,OG-001,offgrid
132f163a01458ce51c1de9676e050768,2026-03-22 20:12:40,00202507001060,Off Grid,00073.08,00012.29,232.8,50.0,0.0,0.0,0,0,0.0,0,0,0,232.8,50.0,1794,1680,16,230.0,47.8,48.0,230.0,47.8,50.0,11000,11000,48.0,57.6,57.6,Pylon,2.0,70.0,Appliance,Utility Solar Bat,Solar + Utility,6,53.0,365,0,0.0,Load on,0.0,Line Mode,991400,0,00202507000200,OG-001,offgrid
3531461799ce30d03ced53ed4c5b9295,2026-03-22 20:17:31,00202507001060,Off Grid,00073.08,00012.29,224.2,50.0,0.0,0.0,0,0,0.0,0,0,0,224.2,50.0,3087,3087,28,230.0,47.8,48.0,230.0,47.8,50.0,11000,11000,48.0,57.6,57.6,Pylon,2.0,70.0,Appliance,Utility Solar Bat,Solar + Utility,6,53.0,353,0,0.0,Load on,0.0,Line Mode,991400,0,00202507000200,OG-001,offgrid
5dbc4f45fcec3dac15ecb9017eca40db,2026-03-22 20:27:18,00202507001060,Off Grid,00073.08,00012.29,225.5,50.0,0.0,0.0,0,0,0.0,0,0,0,225.5,50.0,3247,3215,29,230.0,47.8,48.0,230.0,47.8,50.0,11000,11000,48.0,57.6,57.6,Pylon,2.0,70.0,Appliance,Utility Solar Bat,Solar + Utility,6,53.0,354,0,0.0,Load on,0.0,Line Mode,991400,0,00202507000200,OG-001,offgrid
58d0ea15f5d785791831b5ccebf09bf5,2026-03-22 20:32:09,00202507001060,Off Grid,00073.08,00012.29,221.9,50.0,0.0,0.0,0,0,0.0,0,0,0,221.9,50.0,3701,3701,33,230.0,47.8,48.0,230.0,47.8,50.0,11000,11000,48.0,57.6,57.6,Pylon,2.0,70.0,Appliance,Utility Solar Bat,Solar + Utility,6,53.0,350,0,0.0,Load on,0.0,Line Mode,991400,0,00202507000200,OG-001,offgrid
384b095b040523e710f6659fbcffdd63,2026-03-22 20:41:56,00202507001060,Off Grid,00073.08,00012.29,224.4,50.0,0.0,0.0,0,0,0.0,0,0,0,224.4,50.0,3210,3188,29,230.0,47.8,48.0,230.0,47.8,50.0,11000,11000,48.0,57.6,57.6,Pylon,2.0,70.0,Appliance,Utility Solar Bat,Solar + Utility,6,53.0,353,0,0.0,Load on,0.0,Line Mode,991400,0,00202507000200,OG-001,offgrid
4145d97d8c767abf323f1d346105379f,2026-03-22 20:51:41,00202507001060,Off Grid,00073.08,00012.29,225.6,50.0,0.0,0.0,0,0,0.0,0,0,0,225.6,50.0,3185,3076,28,230.0,47.8,48.0,230.0,47.8,50.0,11000,11000,48.0,57.6,57.6,Pylon,2.0,70.0,Appliance,Utility Solar Bat,Solar + Utility,6,53.0,355,0,0.0,Load on,0.0,Line Mode,991400,0,00202507000200,OG-001,offgrid
1d99713a67825ab036f03bf0318e94ad,2026-03-22 20:56:33,00202507001060,Off Grid,00073.08,00012.29,225.4,50.0,0.0,0.0,0,0,0.0,0,0,0,225.4,50.0,3245,3177,29,230.0,47.8,48.0,230.0,47.8,50.0,11000,11000,48.0,57.6,57.6,Pylon,2.0,70.0,Appliance,Utility Solar Bat,Solar + Utility,6,53.0,354,0,0.0,Load on,0.0,Line Mode,991400,0,00202507000200,OG-001,offgrid
46d6cc5f982d77406aaf88e4e9917ca3,2026-03-22 21:01:24,00202507001060,Off Grid,00073.08,00012.29,228.3,50.0,0.0,0.0,0,0,0.0,0,0,0,228.3,50.0,3173,3133,28,230.0,47.8,48.0,230.0,47.8,50.0,11000,11000,48.0,57.6,57.6,Pylon,2.0,70.0,Appliance,Utility Solar Bat,Solar + Utility,6,53.0,359,0,0.0,Load on,0.0,Line Mode,991400,0,00202507000200,OG-001,offgrid
2ab52b3f2ba3faba5aa1ceb3a8a564e9,2026-03-22 21:06:18,00202507001060,Off Grid,00073.08,00012.29,226.9,50.0,0.0,0.0,0,0,0.0,0,0,0,226.9,50.0,3192,3171,29,230.0,47.8,48.0,230.0,47.8,50.0,11000,11000,48.0,57.6,57.6,Pylon,2.0,70.0,Appliance,Utility Solar Bat,Solar + Utility,6,53.0,357,0,0.0,Load on,0.0,Line Mode,991400,0,00202507000200,OG-001,offgrid
0a75a445207c9ea36c6ffcb4bcd80c75,2026-03-22 21:11:10,00202507001060,Off Grid,00073.08,00012.29,227.4,50.0,0.0,0.0,0,0,0.0,0,0,0,227.4,50.0,3265,3249,29,230.0,47.8,48.0,230.0,47.8,50.0,11000,11000,48.0,57.6,57.6,Pylon,2.0,70.0,Appliance,Utility Solar Bat,Solar + Utility,6,53.0,356,0,0.0,Load on,0.0,Line Mode,991400,0,00202507000200,OG-001,offgrid
7e3a26f46ef37e9263c7a1691eb7cea3,2026-03-22 21:16:04,00202507001060,Off Grid,00073.08,00012.29,220.3,50.0,0.0,0.0,0,0,0.0,0,0,0,220.3,50.0,4506,4506,40,230.0,47.8,48.0,230.0,47.8,50.0,11000,11000,48.0,57.6,57.6,Pylon,2.0,70.0,Appliance,Utility Solar Bat,Solar + Utility,6,53.0,350,0,0.0,Load on,0.0,Line Mode,991400,0,00202507000200,OG-001,offgrid
4e44479cdb7cc1e41e41dcf445d37f12,2026-03-22 21:25:51,00202507001060,Off Grid,00073.08,00012.29,226.7,49.8,0.0,0.0,0,0,0.0,0,0,0,226.7,49.8,3241,3180,29,230.0,47.8,48.0,230.0,47.8,50.0,11000,11000,48.0,57.6,57.6,Pylon,2.0,70.0,Appliance,Utility Solar Bat,Solar + Utility,6,53.0,356,0,0.0,Load on,0.0,Line Mode,991400,0,00202507000200,OG-001,offgrid
2372172cb38d13c81efabe92cfcb49ba,2026-03-22 21:30:44,00202507001060,Off Grid,00073.08,00012.29,229.2,49.9,0.0,0.0,0,0,0.0,0,0,0,229.2,49.9,3254,3150,29,230.0,47.8,48.0,230.0,47.8,50.0,11000,11000,48.0,57.6,57.6,Pylon,2.0,70.0,Appliance,Utility Solar Bat,Solar + Utility,6,53.0,359,0,0.0,Load on,0.0,Line Mode,991400,0,00202507000200,OG-001,offgrid
46c36ec5913c6eb2527dc32f21328df3,2026-03-22 21:35:36,00202507001060,Off Grid,00073.08,00012.29,230.0,50.0,0.0,0.0,0,0,0.0,0,0,0,230.0,50.0,3314,3178,30,230.0,47.8,48.0,230.0,47.8,50.0,11000,11000,48.0,57.6,57.6,Pylon,2.0,70.0,Appliance,Utility Solar Bat,Solar + Utility,6,53.0,362,0,0.0,Load on,0.0,Line Mode,991400,0,00202507000200,OG-001,offgrid
0969561c47bb9da0785079d1b9d460a0,2026-03-22 21:40:28,00202507001060,Off Grid,00073.08,00012.29,228.1,50.0,0.0,0.0,0,0,0.0,0,0,0,228.1,50.0,3512,3484,31,230.0,47.8,48.0,230.0,47.8,50.0,11000,11000,48.0,57.6,57.6,Pylon,2.0,70.0,Appliance,Utility Solar Bat,Solar + Utility,6,53.0,361,0,0.0,Load on,0.0,Line Mode,991400,0,00202507000200,OG-001,offgrid
2b500bd9f9f6ad5509e834b78fed01c8,2026-03-22 21:50:10,00202507001060,Off Grid,00073.08,00012.29,229.1,50.0,0.0,0.0,0,0,0.0,0,0,0,229.1,50.0,3253,3196,29,230.0,47.8,48.0,230.0,47.8,50.0,11000,11000,48.0,57.6,57.6,Pylon,2.0,70.0,Appliance,Utility Solar Bat,Solar + Utility,6,53.0,360,0,0.0,Load on,0.0,Line Mode,991400,0,00202507000200,OG-001,offgrid
6ac2916ee75f46380df49a40edf931e1,2026-03-22 21:55:04,00202507001060,Off Grid,00073.08,00012.29,228.6,49.9,0.0,0.0,0,0,0.0,0,0,0,228.6,49.9,3181,3163,28,230.0,47.8,48.0,230.0,47.8,50.0,11000,11000,48.0,57.6,57.6,Pylon,2.0,70.0,Appliance,Utility Solar Bat,Solar + Utility,6,53.0,360,0,0.0,Load on,0.0,Line Mode,991400,0,00202507000200,OG-001,offgrid
45468f893f7902897c78e5a2fbef1551,2026-03-22 21:59:56,00202507001060,Off Grid,00073.08,00012.29,230.0,50.0,0.0,0.0,0,0,0.0,0,0,0,230.0,50.0,3175,3122,28,230.0,47.8,48.0,230.0,47.8,50.0,11000,11000,48.0,57.6,57.6,Pylon,2.0,70.0,Appliance,Utility Solar Bat,Solar + Utility,6,53.0,362,0,0.0,Load on,0.0,Line Mode,991400,0,00202507000200,OG-001,offgrid
07c2ad894cde091f4ccf1e43185221a4,2026-03-22 22:09:44,00202507001060,Off Grid,00073.08,00012.29,229.8,50.0,0.0,0.0,0,0,0.0,0,0,0,229.8,50.0,3194,3136,29,230.0,47.8,48.0,230.0,47.8,50.0,11000,11000,48.0,57.6,57.6,Pylon,2.0,70.0,Appliance,Utility Solar Bat,Solar + Utility,6,53.0,361,0,0.0,Load on,0.0,Line Mode,991400,0,00202507000200,OG-001,offgrid
528e8f1d59f2d244046853630b781e6a,2026-03-22 22:14:35,00202507001060,Off Grid,00073.08,00012.29,228.9,49.9,0.0,0.0,0,0,0.0,0,0,0,228.9,49.9,3135,3116,28,230.0,47.8,48.0,230.0,47.8,50.0,11000,11000,48.0,57.6,57.6,Pylon,2.0,70.0,Appliance,Utility Solar Bat,Solar + Utility,6,53.0,360,0,0.0,Load on,0.0,Line Mode,991400,0,00202507000200,OG-001,offgrid
0e8c07a8727fdfa96b55ff74c941c657,2026-03-22 22:19:27,00202507001060,Off Grid,00073.08,00012.29,230.3,50.0,0.0,0.0,0,0,0.0,0,0,0,230.3,50.0,3162,3162,28,230.0,47.8,48.0,230.0,47.8,50.0,11000,11000,48.0,57.6,57.6,Pylon,2.0,70.0,Appliance,Utility Solar Bat,Solar + Utility,6,53.0,362,0,0.0,Load on,0.0,Line Mode,991400,0,00202507000200,OG-001,offgrid
642a5a009584104d521d9f30fbe333f0,2026-03-22 22:24:20,00202507001060,Off Grid,00073.08,00012.29,230.9,50.0,0.0,0.0,0,0,0.0,0,0,0,230.9,50.0,3277,3189,29,230.0,47.8,48.0,230.0,47.8,50.0,11000,11000,48.0,57.6,57.6,Pylon,2.0,70.0,Appliance,Utility Solar Bat,Solar + Utility,6,53.0,361,0,0.0,Load on,0.0,Line Mode,991400,0,00202507000200,OG-001,offgrid
0500222887d60ef74efb2c23169d98de,2026-03-22 22:29:11,00202507001060,Off Grid,00073.08,00012.29,228.0,50.0,0.0,0.0,0,0,0.0,0,0,0,228.0,50.0,3670,3627,33,230.0,47.8,48.0,230.0,47.8,50.0,11000,11000,48.0,57.6,57.6,Pylon,2.0,70.0,Appliance,Utility Solar Bat,Solar + Utility,6,53.0,358,0,0.0,Load on,0.0,Line Mode,991400,0,00202507000200,OG-001,offgrid
11c72e8b5170665c16d518f36e337407,2026-03-22 22:34:03,00202507001060,Off Grid,00073.08,00012.29,228.6,50.0,0.0,0.0,0,0,0.0,0,0,0,228.6,50.0,3691,3645,33,230.0,47.8,48.0,230.0,47.8,50.0,11000,11000,48.0,57.6,57.6,Pylon,2.0,70.0,Appliance,Utility Solar Bat,Solar + Utility,6,53.0,360,0,0.0,Load on,0.0,Line Mode,991400,0,00202507000200,OG-001,offgrid
18b2161e49f8ee52314838c84b969889,2026-03-22 22:38:56,00202507001060,Off Grid,00073.08,00012.29,228.5,50.0,0.0,0.0,0,0,0.0,0,0,0,228.5,50.0,3656,3570,33,230.0,47.8,48.0,230.0,47.8,50.0,11000,11000,48.0,57.6,57.6,Pylon,2.0,70.0,Appliance,Utility Solar Bat,Solar + Utility,6,53.0,360,0,0.0,Load on,0.0,Line Mode,991400,0,00202507000200,OG-001,offgrid
681bec163c251f9a04f3fdf9853a5aeb,2026-03-22 22:48:43,00202507001060,Off Grid,00073.08,00012.29,230.8,50.0,0.0,0.0,0,0,0.0,0,0,0,230.8,50.0,3231,3178,29,230.0,47.8,48.0,230.0,47.8,50.0,11000,11000,48.0,57.6,57.6,Pylon,2.0,70.0,Appliance,Utility Solar Bat,Solar + Utility,6,53.0,363,0,0.0,Load on,0.0,Line Mode,991400,0,00202507000200,OG-001,offgrid
4ff3e8b78573640b2748e80853e50adb,2026-03-22 22:53:36,00202507001060,Off Grid,00073.08,00012.29,222.5,50.0,0.0,0.0,0,0,0.0,0,0,0,222.5,50.0,4427,4402,40,230.0,47.8,48.0,230.0,47.8,50.0,11000,11000,48.0,57.6,57.6,Pylon,2.0,70.0,Appliance,Utility Solar Bat,Solar + Utility,6,53.0,351,0,0.0,Load on,0.0,Line Mode,991400,0,00202507000200,OG-001,offgrid
5be317b06eed3fd654620ca0df866738,2026-03-22 22:58:27,00202507001060,Off Grid,00073.08,00012.29,230.5,50.0,0.0,0.0,0,0,0.0,0,0,0,230.5,50.0,3404,3360,30,230.0,47.8,48.0,230.0,47.8,50.0,11000,11000,48.0,57.6,57.6,Pylon,2.0,70.0,Appliance,Utility Solar Bat,Solar + Utility,6,53.0,362,0,0.0,Load on,0.0,Line Mode,991400,0,00202507000200,OG-001,offgrid
1b006118c2a1a1f3574b93bdee108f66,2026-03-22 23:03:19,00202507001060,Off Grid,00073.08,00012.29,230.5,49.9,0.0,0.0,0,0,0.0,0,0,0,230.5,49.9,3180,3126,28,230.0,47.8,48.0,230.0,47.8,50.0,11000,11000,48.0,57.6,57.6,Pylon,2.0,70.0,Appliance,Utility Solar Bat,Solar + Utility,6,53.0,363,0,0.0,Load on,0.0,Line Mode,991400,0,00202507000200,OG-001,offgrid
60ab2dc4d4834c6447ed21428db3bfaf,2026-03-22 23:22:49,00202507001060,Off Grid,00073.08,00012.29,230.1,50.0,0.0,0.0,0,0,0.0,0,0,0,230.1,50.0,3313,3280,30,230.0,47.8,48.0,230.0,47.8,50.0,11000,11000,48.0,57.6,57.6,Pylon,2.0,70.0,Appliance,Utility Solar Bat,Solar + Utility,6,53.0,361,0,0.0,Load on,0.0,Line Mode,991400,0,00202507000200,OG-001,offgrid
2d70703731d877b534a44213a9bb04de,2026-03-22 23:37:26,00202507001060,Off Grid,00073.08,00012.29,233.2,49.9,0.0,0.0,0,0,0.0,0,0,0,233.2,49.9,3194,3159,29,230.0,47.8,48.0,230.0,47.8,50.0,11000,11000,48.0,57.6,57.6,Pylon,2.0,70.0,Appliance,Utility Solar Bat,Solar + Utility,6,53.0,365,0,0.0,Load on,0.0,Line Mode,991400,0,00202507000200,OG-001,offgrid
5bd4410424b0d7a57659fca55ac33008,2026-03-22 23:52:03,00202507001060,Off Grid,00073.08,00012.29,227.6,50.0,0.0,0.0,0,0,0.0,0,0,0,227.6,50.0,3648,3627,33,230.0,47.8,48.0,230.0,47.8,50.0,11000,11000,48.0,57.6,57.6,Pylon,2.0,70.0,Appliance,Utility Solar Bat,Solar + Utility,6,53.0,357,0,0.0,Load on,0.0,Line Mode,991400,0,00202507000200,OG-001,offgrid
64239df3e49f4dd50d2f028ad4142bb1,2026-03-23 00:40:46,00202507001060,Off Grid,00073.08,00012.29,233.8,49.9,0.0,0.0,0,0,0.0,0,0,0,233.8,49.9,3203,3138,29,230.0,47.8,48.0,230.0,47.8,50.0,11000,11000,48.0,57.6,57.6,Pylon,2.0,70.0,Appliance,Utility Solar Bat,Solar + Utility,6,53.0,366,0,0.0,Load on,0.0,Line Mode,991400,0,00202507000200,OG-001,offgrid
4720f762d747ae0a69feb67bff17f481,2026-03-23 00:55:24,00202507001060,Off Grid,00073.08,00012.29,234.2,50.0,0.0,0.0,0,0,0.0,0,0,0,234.2,50.0,3185,3138,28,230.0,47.8,48.0,230.0,47.8,50.0,11000,11000,48.0,57.6,57.6,Pylon,2.0,70.0,Appliance,Utility Solar Bat,Solar + Utility,6,53.0,367,0,0.0,Load on,0.0,Line Mode,991400,0,00202507000200,OG-001,offgrid
5433e6fc7ed2917e2b7a95d7e0a69abe,2026-03-23 01:14:57,00202507001060,Off Grid,00073.08,00012.29,235.3,50.0,0.0,0.0,0,0,0.0,0,0,0,235.3,50.0,3149,3096,28,230.0,47.8,48.0,230.0,47.8,50.0,11000,11000,48.0,57.6,57.6,Pylon,2.0,70.0,Appliance,Utility Solar Bat,Solar + Utility,6,53.0,368,0,0.0,Load on,0.0,Line Mode,991400,0,00202507000200,OG-001,offgrid
67d6e0f948a5bb1f1d3055a1929b5de8,2026-03-23 01:29:33,00202507001060,Off Grid,00073.08,00012.29,227.2,49.9,0.0,0.0,0,0,0.0,0,0,0,227.2,49.9,3635,3592,33,230.0,47.8,48.0,230.0,47.8,50.0,11000,11000,48.0,57.6,57.6,Pylon,2.0,70.0,Appliance,Utility Solar Bat,Solar + Utility,6,53.0,357,0,0.0,Load on,0.0,Line Mode,991400,0,00202507000200,OG-001,offgrid
66633d67189e68c306f0640d6c6e9abd,2026-03-23 01:58:46,00202507001060,Off Grid,00073.08,00012.29,228.8,50.1,0.0,0.0,0,0,0.0,0,0,0,228.8,50.1,3685,3659,33,230.0,47.8,48.0,230.0,47.8,50.0,11000,11000,48.0,57.6,57.6,Pylon,2.0,70.0,Appliance,Utility Solar Bat,Solar + Utility,6,53.0,360,0,0.0,Load on,0.0,Line Mode,991400,0,00202507000200,OG-001,offgrid
0b18e5cd9679ac601f9922eef5b4a2a3,2026-03-23 02:32:50,00202507001060,Off Grid,00073.08,00012.29,233.8,49.9,0.0,0.0,0,0,0.0,0,0,0,233.8,49.9,3132,3071,28,230.0,47.8,48.0,230.0,47.8,50.0,11000,11000,48.0,57.6,57.6,Pylon,2.0,70.0,Appliance,Utility Solar Bat,Solar + Utility,6,53.0,367,0,0.0,Load on,0.0,Line Mode,991400,0,00202507000200,OG-001,offgrid
7c0d5891b5550a0a05612546ec86e68f,2026-03-23 02:47:28,00202507001060,Off Grid,00073.08,00012.29,234.1,49.9,0.0,0.0,0,0,0.0,0,0,0,234.1,49.9,3160,3122,28,230.0,47.8,48.0,230.0,47.8,50.0,11000,11000,48.0,57.6,57.6,Pylon,2.0,70.0,Appliance,Utility Solar Bat,Solar + Utility,6,53.0,368,0,0.0,Load on,0.0,Line Mode,991400,0,00202507000200,OG-001,offgrid
661e71613f2a250a67af56f28bc79f40,2026-03-23 02:57:11,00202507001060,Off Grid,00073.08,00012.29,232.6,50.0,0.0,0.0,0,0,0.0,0,0,0,232.6,50.0,3209,3156,29,230.0,47.8,48.0,230.0,47.8,50.0,11000,11000,48.0,57.6,57.6,Pylon,2.0,70.0,Appliance,Utility Solar Bat,Solar + Utility,6,53.0,365,0,0.0,Load on,0.0,Line Mode,991400,0,00202507000200,OG-001,offgrid
78d1260b157dffc15f5c714d4f178426,2026-03-23 03:31:20,00202507001060,Off Grid,00073.08,00012.29,234.3,49.9,0.0,0.0,0,0,0.0,0,0,0,234.3,49.9,3167,3102,28,230.0,47.8,48.0,230.0,47.8,50.0,11000,11000,48.0,57.6,57.6,Pylon,2.0,70.0,Appliance,Utility Solar Bat,Solar + Utility,6,53.0,368,0,0.0,Load on,0.0,Line Mode,991400,0,00202507000200,OG-001,offgrid
660267e67d6074f76088b0635c5c2bd6,2026-03-23 04:00:31,00202507001060,Off Grid,00073.08,00012.29,234.2,49.9,0.0,0.0,0,0,0.0,0,0,0,234.2,49.9,3138,3056,28,230.0,47.8,48.0,230.0,47.8,50.0,11000,11000,48.0,57.6,57.6,Pylon,2.0,70.0,Appliance,Utility Solar Bat,Solar + Utility,6,53.0,367,0,0.0,Load on,0.0,Line Mode,991400,0,00202507000200,OG-001,offgrid
7a82c4eedb4963f0035d1a4d4b136890,2026-03-23 04:29:43,00202507001060,Off Grid,00073.08,00012.29,233.6,49.9,0.0,0.0,0,0,0.0,0,0,0,233.6,49.9,3036,2982,27,230.0,47.8,48.0,230.0,47.8,50.0,11000,11000,48.0,57.6,57.6,Pylon,2.0,70.0,Appliance,Utility Solar Bat,Solar + Utility,6,53.0,367,0,0.0,Load on,0.0,Line Mode,991400,0,00202507000200,OG-001,offgrid
5183ec86c6a4774d3065063c3cfc6b0b,2026-03-23 04:49:10,00202507001060,Off Grid,00073.08,00012.29,234.4,49.8,0.0,0.0,0,0,0.0,0,0,0,234.4,49.8,3070,3040,27,230.0,47.8,48.0,230.0,47.8,50.0,11000,11000,48.0,57.6,57.6,Pylon,2.0,70.0,Appliance,Utility Solar Bat,Solar + Utility,6,53.0,368,0,0.0,Load on,0.0,Line Mode,991400,0,00202507000200,OG-001,offgrid
5d98c6062a2e687b7e478b28fea2bdea,2026-03-23 04:58:56,00202507001060,Off Grid,00073.08,00012.29,232.7,49.9,0.0,0.0,0,0,0.0,0,0,0,232.7,49.9,3025,2959,27,230.0,47.8,48.0,230.0,47.8,50.0,11000,11000,48.0,57.6,57.6,Pylon,2.0,70.0,Appliance,Utility Solar Bat,Solar + Utility,6,53.0,366,0,0.0,Load on,0.0,Line Mode,991400,0,00202507000200,OG-001,offgrid
3b0ee497442ef8c41c8d06a0982a56f9,2026-03-23 05:18:23,00202507001060,Off Grid,00073.08,00012.29,230.8,50.1,0.0,60.9,0,0,0.0,0,0,0,230.8,50.1,3600,3540,32,230.0,47.8,48.0,230.0,47.8,50.0,11000,11000,48.0,57.6,57.6,Pylon,2.0,70.0,Appliance,Utility Solar Bat,Solar + Utility,6,53.0,363,0,0.0,Load on,0.0,Line Mode,991400,0,00202507000200,OG-001,offgrid
7c5b09559f06c8ad4b8015c6c01dbabb,2026-03-23 05:32:58,00202507001060,Off Grid,00073.08,00012.29,230.5,50.0,0.0,0.0,0,0,0.0,0,0,0,230.5,50.0,3589,3589,32,230.0,47.8,48.0,230.0,47.8,50.0,11000,11000,48.0,57.6,57.6,Pylon,2.0,70.0,Appliance,Utility Solar Bat,Solar + Utility,6,53.0,359,0,0.0,Load on,0.0,Line Mode,991400,0,00202507000200,OG-001,offgrid
7cd08b936254ad4733df1ed26944a0d6,2026-03-23 05:47:39,00202507001060,Off Grid,00073.08,00012.29,232.3,49.9,0.0,0.0,0,0,0.0,0,0,0,232.3,49.9,2972,2921,27,230.0,47.8,48.0,230.0,47.8,50.0,11000,11000,48.0,57.6,57.6,Pylon,2.0,70.0,Appliance,Utility Solar Bat,Solar + Utility,6,53.0,365,0,0.0,Load on,0.0,Line Mode,991400,0,00202507000200,OG-001,offgrid
5b28a5f9d9a2258c42701832b7497ef1,2026-03-23 06:02:12,00202507001060,Off Grid,00073.08,00012.29,229.6,49.8,89.9,90.0,22,35,0.0,0,0,0,229.6,49.8,3005,3005,27,230.0,47.8,48.0,230.0,47.8,50.0,11000,11000,48.0,57.6,57.6,Pylon,2.0,70.0,Appliance,Utility Solar Bat,Solar + Utility,6,53.0,361,0,0.0,Load on,0.3,Line Mode,991400,0,00202507000200,OG-001,offgrid
7c1338033efd2e15411b49ea33829427,2026-03-23 06:31:25,00202507001060,Off Grid,00073.08,00012.29,229.3,49.9,98.3,98.6,93,111,0.0,0,0,0,229.3,49.9,2980,2946,27,230.0,47.8,48.0,230.0,47.8,50.0,11000,11000,48.0,57.6,57.6,Pylon,2.0,70.0,Appliance,Utility Solar Bat,Solar + Utility,6,53.0,359,0,0.0,Load on,1.1,Line Mode,991500,0,00202507000200,OG-001,offgrid
600ba703d96ca3b5015b94933a7cadfb,2026-03-23 06:50:50,00202507001060,Off Grid,00073.08,00012.29,235.1,49.9,304.6,307.1,532,555,0.0,0,0,0,235.1,49.9,2915,2902,26,230.0,47.8,48.0,230.0,47.8,50.0,11000,11000,48.0,57.6,57.6,Pylon,2.0,70.0,Appliance,Utility Solar Bat,Solar + Utility,6,53.0,370,1,0.0,Load on,1.8,Line Mode,991500,0,00202507000200,OG-001,offgrid
31599b78e5a9a8ce485f1db032c87809,2026-03-23 07:00:35,00202507001060,Off Grid,00073.08,00012.29,239.0,50.0,348.3,365.8,949,747,0.0,0,0,0,239.0,50.0,2963,2915,26,230.0,47.8,48.0,230.0,47.8,50.0,11000,11000,48.0,57.6,57.6,Pylon,2.0,70.0,Appliance,Utility Solar Bat,Solar + Utility,6,53.0,375,2,0.0,Load on,2.0,Line Mode,991500,0,00202507000200,OG-001,offgrid
59559f8563930103224fe33f534e8016,2026-03-23 07:20:04,00202507001060,Off Grid,00073.08,00012.29,237.9,50.0,359.2,368.6,924,831,0.0,0,0,0,237.9,50.0,2816,2816,25,230.0,47.8,48.0,230.0,47.8,50.0,11000,11000,48.0,57.6,57.6,Pylon,2.0,70.0,Appliance,Utility Solar Bat,Solar + Utility,6,53.0,379,2,0.0,Load on,2.2,Line Mode,992300,0,00202507000200,OG-001,offgrid
22262ab0005657e42ca9b1da8a481591,2026-03-23 07:34:41,00202507001060,Off Grid,00073.08,00012.29,240.5,49.8,375.4,392.0,1452,1130,0.0,0,0,0,240.5,49.8,3146,3101,28,230.0,47.8,48.0,230.0,47.8,50.0,11000,11000,48.0,57.6,57.6,Pylon,2.0,70.0,Appliance,Utility Solar Bat,Solar + Utility,6,53.0,401,3,0.0,Load on,2.8,Line Mode,992300,0,00202507000200,OG-001,offgrid
3ad3b769e069fb8a04b83b9c94c012f4,2026-03-23 07:49:20,00202507001060,Off Grid,00073.08,00012.29,240.5,50.0,383.2,307.2,1247,1079,0.0,0,0,0,240.5,50.0,2910,2856,26,230.0,47.8,48.0,230.0,47.8,50.0,11000,11000,48.0,57.6,57.6,Pylon,2.0,70.0,Appliance,Utility Solar Bat,Solar + Utility,6,53.0,392,3,0.0,Load on,3.5,Line Mode,992300,0,00202507000200,OG-001,offgrid
61faa7dd4d3dd691726211ede2f7ec91,2026-03-23 08:04:01,00202507001060,Off Grid,00073.08,00012.29,241.1,50.0,424.5,413.1,1411,1448,0.0,0,0,0,241.1,50.0,3158,3081,28,230.0,47.8,48.0,230.0,47.8,50.0,11000,11000,48.0,57.6,57.6,Pylon,2.0,70.0,Appliance,Utility Solar Bat,Solar + Utility,6,53.0,454,3,0.0,Load on,3.5,Line Mode,992300,0,00202507000200,OG-001,offgrid
33275e9ce5a6cc8d079e4496321002e4,2026-03-23 08:18:16,00202507001060,Off Grid,00073.08,00012.29,245.4,49.9,413.6,402.2,1498,1410,0.0,0,0,0,245.4,49.9,3288,3106,29,230.0,47.8,48.0,230.0,47.8,50.0,11000,11000,48.0,57.6,57.6,Pylon,2.0,70.0,Appliance,Utility Solar Bat,Solar + Utility,6,53.0,444,3,0.0,Load on,3.5,Line Mode,994700,0,00202507000200,OG-001,offgrid
6a40eec7c74e4f3b24c8b42f4a443336,2026-03-23 09:38:04,00202507001060,Off Grid,00073.08,00012.29,238.5,50.1,388.0,388.8,712,742,0.0,0,0,0,238.5,50.1,2948,2911,26,230.0,47.8,48.0,230.0,47.8,50.0,11000,11000,48.0,57.6,57.6,Pylon,2.0,70.0,Appliance,Utility Solar Bat,Solar + Utility,6,53.0,397,1,0.0,Load on,1.9,Line Mode,997500,0,00202507000200,OG-001,offgrid
02e95476f79133e70b3c9fee7b25dcd7,2026-03-23 09:48:02,00202507001060,Off Grid,00073.08,00012.29,237.4,50.0,397.2,400.0,1001,994,0.0,0,0,0,237.4,50.0,3473,3438,31,230.0,47.8,48.0,230.0,47.8,50.0,11000,11000,48.0,57.6,57.6,Pylon,2.0,70.0,Appliance,Utility Solar Bat,Solar + Utility,6,53.0,409,2,0.0,Load on,2.4,Line Mode,997500,0,00202507000200,OG-001,offgrid
0606c183ce77fab8777dea98cc77d475,2026-03-23 09:53:00,00202507001060,Off Grid,00073.08,00012.29,235.4,49.9,210.5,213.9,1007,988,0.0,0,0,0,235.4,49.9,3907,3907,35,230.0,47.8,48.0,230.0,47.8,50.0,11000,11000,48.0,57.6,57.6,Pylon,2.0,70.0,Appliance,Utility Solar Bat,Solar + Utility,6,53.0,370,4,0.0,Load on,4.6,Line Mode,997500,0,00202507000200,OG-001,offgrid
596bb57c39569aa30caa2b944a75bfff,2026-03-23 10:02:58,00202507001060,Off Grid,00073.08,00012.29,249.0,49.9,444.8,447.6,1594,1691,0.0,0,0,0,249.0,49.9,3660,3595,33,230.0,47.8,48.0,230.0,47.8,50.0,11000,11000,48.0,57.6,57.6,Pylon,2.0,70.0,Appliance,Utility Solar Bat,Solar + Utility,6,53.0,470,3,0.0,Load on,3.7,Line Mode,997500,0,00202507000200,OG-001,offgrid
1106e25129e386c41fa78f4742eba18a,2026-03-23 10:07:58,00202507001060,Off Grid,00073.08,00012.29,242.8,50.0,374.3,383.5,1193,1161,0.0,0,0,0,242.8,50.0,3520,3455,32,230.0,47.8,48.0,230.0,47.8,50.0,11000,11000,48.0,57.6,57.6,Pylon,2.0,70.0,Appliance,Utility Solar Bat,Solar + Utility,6,53.0,395,3,0.0,Load on,3.0,Line Mode,997500,0,00202507000200,OG-001,offgrid
0a288a15c31a53e1365fff8fc1970757,2026-03-23 10:17:54,00202507001060,Off Grid,00073.08,00012.29,246.9,49.9,451.9,454.1,983,1109,0.0,0,0,0,246.9,49.9,2379,2314,21,230.0,47.8,48.0,230.0,47.8,50.0,11000,11000,48.0,57.6,57.6,Pylon,2.0,70.0,Appliance,Utility Solar Bat,Solar + Utility,6,53.0,470,2,0.0,Load on,2.4,Line Mode,999700,0,00202507000200,OG-001,offgrid
1636756bcccf36b035d10a898d65142d,2026-03-23 10:22:54,00202507001060,Off Grid,00073.08,00012.29,245.6,49.9,436.2,435.9,864,1019,0.0,0,0,0,245.6,49.9,2234,2112,20,230.0,47.8,48.0,230.0,47.8,50.0,11000,11000,48.0,57.6,57.6,Pylon,2.0,70.0,Appliance,Utility Solar Bat,Solar + Utility,6,53.0,466,1,0.0,Load on,2.3,Line Mode,999700,0,00202507000200,OG-001,offgrid
4e91c5eac19056112d9e877c4f26f026,2026-03-23 10:27:56,00202507001060,Off Grid,00073.08,00012.29,244.4,50.0,432.2,430.6,903,1089,0.0,0,0,0,244.4,50.0,2346,2219,21,230.0,47.8,48.0,230.0,47.8,50.0,11000,11000,48.0,57.6,57.6,Pylon,2.0,70.0,Appliance,Utility Solar Bat,Solar + Utility,6,53.0,461,2,0.0,Load on,2.5,Line Mode,999700,0,00202507000200,OG-001,offgrid
738a47728e6e447b226fa2dc1c327662,2026-03-23 10:37:59,00202507001060,Off Grid,00073.08,00012.29,244.1,49.8,431.9,425.1,785,1051,0.0,0,0,0,244.1,49.8,2171,1997,19,230.0,47.8,48.0,230.0,47.8,50.0,11000,11000,48.0,57.6,57.6,Pylon,2.0,70.0,Appliance,Utility Solar Bat,Solar + Utility,6,53.0,462,1,0.0,Load on,2.4,Line Mode,999700,0,00202507000200,OG-001,offgrid
2ef62999b7bb32dc162e9f22ae34dfdf,2026-03-23 10:43:01,00202507001060,Off Grid,00073.08,00012.29,246.8,49.8,433.8,427.8,794,1074,0.0,0,0,0,246.8,49.8,2245,2118,20,230.0,47.8,48.0,230.0,47.8,50.0,11000,11000,48.0,57.6,57.6,Pylon,2.0,70.0,Appliance,Utility Solar Bat,Solar + Utility,6,53.0,464,1,0.0,Load on,2.5,Line Mode,999700,0,00202507000200,OG-001,offgrid
6e15ea3b26e6cd2077c13570eaaa2dcd,2026-03-23 10:48:02,00202507001060,Off Grid,00073.08,00012.29,246.4,49.8,423.2,408.8,847,1066,0.0,0,0,0,246.4,49.8,2291,2176,20,230.0,47.8,48.0,230.0,47.8,50.0,11000,11000,48.0,57.6,57.6,Pylon,2.0,70.0,Appliance,Utility Solar Bat,Solar + Utility,6,53.0,454,2,0.0,Load on,2.6,Line Mode,999700,0,00202507000200,OG-001,offgrid
3958a8287f2415b831846b482e73f79a,2026-03-23 10:53:03,00202507001060,Off Grid,00073.08,00012.29,247.0,49.9,424.5,413.9,841,1063,0.0,0,0,0,247.0,49.9,2272,2177,20,230.0,47.8,48.0,230.0,47.8,50.0,11000,11000,48.0,57.6,57.6,Pylon,2.0,70.0,Appliance,Utility Solar Bat,Solar + Utility,6,53.0,455,1,0.0,Load on,2.5,Line Mode,999700,0,00202507000200,OG-001,offgrid
74de0b9c9162b5e506ba689e151771f7,2026-03-23 10:58:00,00202507001060,Off Grid,00073.08,00012.29,244.6,49.9,146.5,315.8,451,903,0.0,0,0,0,244.6,49.9,2079,2000,18,230.0,47.8,48.0,230.0,47.8,50.0,11000,11000,48.0,57.6,57.6,Pylon,2.0,70.0,Appliance,Utility Solar Bat,Solar + Utility,6,53.0,399,3,0.0,Load on,2.8,Line Mode,999700,0,00202507000200,OG-001,offgrid
7f73f89c0691a9f4480b0559aaf322bc,2026-03-23 11:03:01,00202507001060,Off Grid,00073.08,00012.29,248.2,49.8,436.7,433.9,954,1211,0.0,0,0,0,248.2,49.8,2606,2521,23,230.0,47.8,48.0,230.0,47.8,50.0,11000,11000,48.0,57.6,57.6,Pylon,2.0,70.0,Appliance,Utility Solar Bat,Solar + Utility,6,53.0,466,2,0.0,Load on,2.7,Line Mode,999700,0,00202507000200,OG-001,offgrid
18063fe2e6e119225cbc309a6220df22,2026-03-23 11:07:59,00202507001060,Off Grid,00073.08,00012.29,247.7,49.8,435.0,432.5,1010,1287,0.0,0,0,0,247.7,49.8,2625,2563,23,230.0,47.8,48.0,230.0,47.8,50.0,11000,11000,48.0,57.6,57.6,Pylon,2.0,70.0,Appliance,Utility Solar Bat,Solar + Utility,6,53.0,465,2,0.0,Load on,2.9,Line Mode,999700,0,00202507000200,OG-001,offgrid
406e9e9528e284a97876baf24f7e4cea,2026-03-23 11:12:57,00202507001060,Off Grid,00073.08,00012.29,248.1,50.1,440.3,437.3,930,1215,0.0,0,0,0,248.1,50.1,2456,2298,22,230.0,47.8,48.0,230.0,47.8,50.0,11000,11000,48.0,57.6,57.6,Pylon,2.0,70.0,Appliance,Utility Solar Bat,Solar + Utility,6,53.0,470,2,0.0,Load on,2.7,Line Mode,999700,0,00202507000200,OG-001,offgrid
114afd8271945509074e32a5a02ff9bb,2026-03-23 11:17:56,00202507001060,Off Grid,00073.08,00012.29,246.5,49.9,460.7,458.5,1674,1995,0.0,0,0,0,246.5,49.9,4057,4005,36,230.0,47.8,48.0,230.0,47.8,50.0,11000,11000,48.0,57.6,57.6,Pylon,2.0,70.0,Appliance,Utility Solar Bat,Solar + Utility,6,53.0,470,3,0.0,Load on,4.3,Line Mode,1001700,0,00202507000200,OG-001,offgrid
7c8bdfcb887d0fa63f627ffe0cafb891,2026-03-23 11:22:53,00202507001060,Off Grid,00073.08,00012.29,244.7,49.9,425.9,430.4,1036,996,0.0,0,0,0,244.7,49.9,2471,2273,22,230.0,47.8,48.0,230.0,47.8,50.0,11000,11000,48.0,57.6,57.6,Pylon,2.0,70.0,Appliance,Utility Solar Bat,Solar + Utility,6,53.0,460,2,0.0,Load on,2.3,Line Mode,1001700,0,00202507000200,OG-001,offgrid
49cb57fdba1827f16cfa4babc2712bb4,2026-03-23 11:27:53,00202507001060,Off Grid,00073.08,00012.29,244.4,49.8,383.8,381.7,940,970,0.0,0,0,0,244.4,49.8,2370,2232,21,230.0,47.8,48.0,230.0,47.8,50.0,11000,11000,48.0,57.6,57.6,Pylon,2.0,70.0,Appliance,Utility Solar Bat,Solar + Utility,6,53.0,393,2,0.0,Load on,2.5,Line Mode,1001700,0,00202507000200,OG-001,offgrid
5c86e652f088a9c90ac379fd3283922a,2026-03-23 11:32:52,00202507001060,Off Grid,00073.08,00012.29,244.3,49.9,384.4,384.1,907,924,0.0,0,0,0,244.3,49.9,2352,2278,21,230.0,47.8,48.0,230.0,47.8,50.0,11000,11000,48.0,57.6,57.6,Pylon,2.0,70.0,Appliance,Utility Solar Bat,Solar + Utility,6,53.0,394,2,0.0,Load on,2.4,Line Mode,1001700,0,00202507000200,OG-001,offgrid
2a91036ff5b393cf547f8cba4738e6db,2026-03-23 11:42:56,00202507001060,Off Grid,00073.08,00012.29,240.4,50.0,383.8,381.9,665,694,0.0,0,0,0,240.4,50.0,2500,2421,22,230.0,47.8,48.0,230.0,47.8,50.0,11000,11000,48.0,57.6,57.6,Pylon,2.0,70.0,Appliance,Utility Solar Bat,Solar + Utility,6,53.0,394,1,0.0,Load on,1.8,Line Mode,1001700,0,00202507000200,OG-001,offgrid
610e330268bff0455cea56eb09c141bd,2026-03-23 11:52:57,00202507001060,Off Grid,00073.08,00012.29,246.8,50.1,402.9,324.7,1469,1252,0.0,0,0,0,246.8,50.1,3091,3091,28,230.0,47.8,48.0,230.0,47.8,50.0,11000,11000,48.0,57.6,57.6,Pylon,2.0,70.0,Appliance,Utility Solar Bat,Solar + Utility,6,53.0,412,3,0.0,Load on,3.8,Line Mode,1001700,0,00202507000200,OG-001,offgrid
6909ff1a4b602a2a37afcc28668122d4,2026-03-23 11:57:58,00202507001060,Off Grid,00073.08,00012.29,249.0,50.0,443.1,443.1,911,1137,0.0,0,0,0,249.0,50.0,2405,2405,21,230.0,47.8,48.0,230.0,47.8,50.0,11000,11000,48.0,57.6,57.6,Pylon,2.0,70.0,Appliance,Utility Solar Bat,Solar + Utility,6,53.0,470,2,0.0,Load on,2.5,Line Mode,1001700,0,00202507000200,OG-001,offgrid
26e91a13c00958a438692d2a8ee1ef80,2026-03-23 12:07:58,00202507001060,Off Grid,00073.08,00012.29,248.5,49.9,431.3,431.4,865,1020,0.0,0,0,0,248.5,49.9,2261,2167,20,230.0,47.8,48.0,230.0,47.8,50.0,11000,11000,48.0,57.6,57.6,Pylon,2.0,70.0,Appliance,Utility Solar Bat,Solar + Utility,6,53.0,461,2,0.0,Load on,2.3,Line Mode,1001700,0,00202507000200,OG-001,offgrid
067edfb55b43699d7735611264023bbc,2026-03-23 12:12:59,00202507001060,Off Grid,00073.08,00012.29,247.0,49.8,439.2,440.1,913,1088,0.0,0,0,0,247.0,49.8,2374,2271,21,230.0,47.8,48.0,230.0,47.8,50.0,11000,11000,48.0,57.6,57.6,Pylon,2.0,70.0,Appliance,Utility Solar Bat,Solar + Utility,6,53.0,470,2,0.0,Load on,2.4,Line Mode,1001700,0,00202507000200,OG-001,offgrid
094c084c1bdc33e974e13d526e6b8b6f,2026-03-23 12:17:59,00202507001060,Off Grid,00073.08,00012.29,251.2,49.9,427.5,428.5,924,1065,0.0,0,0,0,251.2,49.9,2420,2317,22,230.0,47.8,48.0,230.0,47.8,50.0,11000,11000,48.0,57.6,57.6,Pylon,2.0,70.0,Appliance,Utility Solar Bat,Solar + Utility,6,53.0,459,2,0.0,Load on,2.4,Line Mode,1003600,0,00202507000200,OG-001,offgrid
6deaba3926faaaa800ca23baa64d1f60,2026-03-23 12:23:03,00202507001060,Off Grid,00073.08,00012.29,247.3,49.9,428.7,428.7,988,1081,0.0,0,0,0,247.3,49.9,2448,2330,22,230.0,47.8,48.0,230.0,47.8,50.0,11000,11000,48.0,57.6,57.6,Pylon,2.0,70.0,Appliance,Utility Solar Bat,Solar + Utility,6,53.0,460,2,0.0,Load on,2.5,Line Mode,1003600,0,00202507000200,OG-001,offgrid
751331fa8ce123c218e245c6de28c9a2,2026-03-23 12:28:01,00202507001060,Off Grid,00073.08,00012.29,247.0,50.0,418.1,417.3,895,997,0.0,0,0,0,247.0,50.0,2371,2182,21,230.0,47.8,48.0,230.0,47.8,50.0,11000,11000,48.0,57.6,57.6,Pylon,2.0,70.0,Appliance,Utility Solar Bat,Solar + Utility,6,53.0,448,2,0.0,Load on,2.3,Line Mode,1003600,0,00202507000200,OG-001,offgrid
2feb0201aca99436679931baaf3648e7,2026-03-23 12:33:01,00202507001060,Off Grid,00073.08,00012.29,242.6,50.0,374.5,387.9,758,741,0.0,0,0,0,242.6,50.0,2280,2182,20,230.0,47.8,48.0,230.0,47.8,50.0,11000,11000,48.0,57.6,57.6,Pylon,2.0,70.0,Appliance,Utility Solar Bat,Solar + Utility,6,53.0,395,2,0.0,Load on,1.9,Line Mode,1003600,0,00202507000200,OG-001,offgrid
79da6bca04a92fa37aa45f42d555db50,2026-03-23 12:38:00,00202507001060,Off Grid,00073.08,00012.29,238.9,50.0,379.3,377.7,572,602,0.0,0,0,0,238.9,50.0,2126,2061,19,230.0,47.8,48.0,230.0,47.8,50.0,11000,11000,48.0,57.6,57.6,Pylon,2.0,70.0,Appliance,Utility Solar Bat,Solar + Utility,6,53.0,389,1,0.0,Load on,1.5,Line Mode,1003600,0,00202507000200,OG-001,offgrid
06e18cd9db04620131298aa84ee6167e,2026-03-23 12:42:59,00202507001060,Off Grid,00073.08,00012.29,238.5,50.0,381.9,378.3,471,509,0.0,0,0,0,238.5,50.0,1931,1869,17,230.0,47.8,48.0,230.0,47.8,50.0,11000,11000,48.0,57.6,57.6,Pylon,2.0,70.0,Appliance,Utility Solar Bat,Solar + Utility,6,53.0,392,1,0.0,Load on,1.3,Line Mode,1003600,0,00202507000200,OG-001,offgrid
54f432ee104ba37d294b59a1c5130579,2026-03-23 12:47:57,00202507001060,Off Grid,00073.08,00012.29,237.1,50.1,369.8,378.2,411,386,0.0,0,0,0,237.1,50.1,2015,1908,18,230.0,47.8,48.0,230.0,47.8,50.0,11000,11000,48.0,57.6,57.6,Pylon,2.0,70.0,Appliance,Utility Solar Bat,Solar + Utility,6,53.0,387,1,0.0,Load on,1.0,Line Mode,1003600,0,00202507000200,OG-001,offgrid
1252812c3c6a69e2434538072c59bb60,2026-03-23 12:52:58,00202507001060,Off Grid,00073.08,00012.29,232.3,50.0,383.6,379.2,483,520,0.0,0,0,0,232.3,50.0,3342,3309,30,230.0,47.8,48.0,230.0,47.8,50.0,11000,11000,48.0,57.6,57.6,Pylon,2.0,70.0,Appliance,Utility Solar Bat,Solar + Utility,6,53.0,393,1,0.0,Load on,1.3,Line Mode,1003600,0,00202507000200,OG-001,offgrid
2d54b2c5632524360e3a3a79bb0b2be1,2026-03-23 13:02:59,00202507001060,Off Grid,00073.08,00012.29,243.0,49.9,378.5,381.3,735,769,0.0,0,0,0,243.0,49.9,1992,1913,18,230.0,47.8,48.0,230.0,47.8,50.0,11000,11000,48.0,57.6,57.6,Pylon,2.0,70.0,Appliance,Utility Solar Bat,Solar + Utility,6,53.0,388,1,0.0,Load on,2.0,Line Mode,1003600,0,00202507000200,OG-001,offgrid
7207ea2d3455bef3767496f4d0825050,2026-03-23 13:08:02,00202507001060,Off Grid,00073.08,00012.29,242.0,50.0,213.0,212.8,537,565,0.0,0,0,0,242.0,50.0,1960,1885,17,230.0,47.8,48.0,230.0,47.8,50.0,11000,11000,48.0,57.6,57.6,Pylon,2.0,70.0,Appliance,Utility Solar Bat,Solar + Utility,6,53.0,378,2,0.0,Load on,2.6,Line Mode,1003600,0,00202507000200,OG-001,offgrid
1addc39dc95b4a2d2cb10c825d69327e,2026-03-23 13:13:00,00202507001060,Off Grid,00073.08,00012.29,237.3,50.0,382.4,389.7,628,609,0.0,0,0,0,237.3,50.0,2582,2439,23,230.0,47.8,48.0,230.0,47.8,50.0,11000,11000,48.0,57.6,57.6,Pylon,2.0,70.0,Appliance,Utility Solar Bat,Solar + Utility,6,53.0,398,1,0.0,Load on,1.5,Line Mode,1003600,0,00202507000200,OG-001,offgrid
76e0b022902600f87f885a3b3af35b45,2026-03-23 13:17:59,00202507001060,Off Grid,00073.08,00012.29,237.2,50.0,362.9,369.0,404,375,0.0,0,0,0,237.2,50.0,2372,2321,21,230.0,47.8,48.0,230.0,47.8,50.0,11000,11000,48.0,57.6,57.6,Pylon,2.0,70.0,Appliance,Utility Solar Bat,Solar + Utility,6,53.0,380,1,0.0,Load on,1.0,Line Mode,1005100,0,00202507000200,OG-001,offgrid
36a1c301ff511aef638d59cbc476055b,2026-03-23 13:27:57,00202507001060,Off Grid,00073.08,00012.29,230.8,49.8,89.9,90.0,23,37,0.0,0,0,0,230.8,49.8,2654,2593,24,230.0,47.8,48.0,230.0,47.8,50.0,11000,11000,48.0,57.6,57.6,Pylon,2.0,70.0,Appliance,Utility Solar Bat,Solar + Utility,6,53.0,362,0,0.0,Load on,0.4,Line Mode,1005100,0,00202507000200,OG-001,offgrid
61b2fc8dacfdaf6b378b8d26d2a6d36e,2026-03-23 13:38:00,00202507001060,Off Grid,00073.08,00012.29,231.0,49.7,88.0,90.2,12,21,0.0,0,0,0,231.0,49.7,2494,2426,22,230.0,47.8,48.0,230.0,47.8,50.0,11000,11000,48.0,57.6,57.6,Pylon,2.0,70.0,Appliance,Utility Solar Bat,Solar + Utility,6,53.0,363,0,0.0,Load on,0.2,Line Mode,1005100,0,00202507000200,OG-001,offgrid
4de27a9a93ccd3b558a0b162f4b24d4f,2026-03-23 13:48:01,00202507001060,Off Grid,00073.08,00012.29,227.5,50.0,90.0,89.9,21,35,0.0,0,0,0,227.5,50.0,3025,3007,27,230.0,47.8,48.0,230.0,47.8,50.0,11000,11000,48.0,57.6,57.6,Pylon,2.0,70.0,Appliance,Utility Solar Bat,Solar + Utility,6,53.0,357,0,0.0,Load on,0.3,Line Mode,1005100,0,00202507000200,OG-001,offgrid
7e9b1efa3376a0fd5f3c4f6082cc37ef,2026-03-23 13:52:59,00202507001060,Off Grid,00073.08,00012.29,225.2,50.1,90.0,91.9,36,48,0.0,0,0,0,225.2,50.1,3625,3510,32,230.0,47.8,48.0,230.0,47.8,50.0,11000,11000,48.0,57.6,57.6,Pylon,2.0,70.0,Appliance,Utility Solar Bat,Solar + Utility,6,53.0,354,0,0.0,Load on,0.5,Line Mode,1005100,0,00202507000200,OG-001,offgrid
62b4d42d2cc691ac3d8303134808d5a7,2026-03-23 13:57:59,00202507001060,Off Grid,00073.08,00012.29,225.2,50.1,99.0,102.7,70,86,0.0,0,0,0,225.2,50.1,3580,3550,32,230.0,47.8,48.0,230.0,47.8,50.0,11000,11000,48.0,57.6,57.6,Pylon,2.0,70.0,Appliance,Utility Solar Bat,Solar + Utility,6,53.0,354,0,0.0,Load on,0.8,Line Mode,1005100,0,00202507000200,OG-001,offgrid
2105d70a3fde7af0616ae09bf67bc06f,2026-03-23 14:02:58,00202507001060,Off Grid,00073.08,00012.29,221.9,50.0,376.4,366.3,353,387,0.0,0,0,0,221.9,50.0,5037,5037,45,230.0,47.8,48.0,230.0,47.8,50.0,11000,11000,48.0,57.6,57.6,Pylon,2.0,70.0,Appliance,Utility Solar Bat,Solar + Utility,6,53.0,386,0,0.0,Load on,1.0,Line Mode,1005100,0,00202507000200,OG-001,offgrid
6efd8c4546c03eb22828acc5eeab04c3,2026-03-23 14:07:58,00202507001060,Off Grid,00073.08,00012.29,230.7,50.0,391.3,388.9,498,534,0.0,0,0,0,230.7,50.0,3345,3290,30,230.0,47.8,48.0,230.0,47.8,50.0,11000,11000,48.0,57.6,57.6,Pylon,2.0,70.0,Appliance,Utility Solar Bat,Solar + Utility,6,53.0,402,1,0.0,Load on,1.3,Line Mode,1005100,0,00202507000200,OG-001,offgrid
716b282645ce605b183b031059112c42,2026-03-23 14:12:59,00202507001060,Off Grid,00073.08,00012.29,233.5,50.0,389.7,386.4,644,676,0.0,0,0,0,233.5,50.0,3436,3349,31,230.0,47.8,48.0,230.0,47.8,50.0,11000,11000,48.0,57.6,57.6,Pylon,2.0,70.0,Appliance,Utility Solar Bat,Solar + Utility,6,53.0,399,1,0.0,Load on,1.7,Line Mode,1005100,0,00202507000200,OG-001,offgrid
25fb3e2506a1e0270480198184f29751,2026-03-23 14:18:01,00202507001060,Off Grid,00073.08,00012.29,239.0,49.9,395.2,392.2,774,814,0.0,0,0,0,239.0,49.9,3037,2913,27,230.0,47.8,48.0,230.0,47.8,50.0,11000,11000,48.0,57.6,57.6,Pylon,2.0,70.0,Appliance,Utility Solar Bat,Solar + Utility,6,53.0,405,1,0.0,Load on,2.0,Line Mode,1005500,0,00202507000200,OG-001,offgrid
6b1c158e9beb76da74c85cce2d7ab009,2026-03-23 14:23:00,00202507001060,Off Grid,00073.08,00012.29,241.1,49.9,399.2,400.2,881,926,0.0,0,0,0,241.1,49.9,3049,2966,27,230.0,47.8,48.0,230.0,47.8,50.0,11000,11000,48.0,57.6,57.6,Pylon,2.0,70.0,Appliance,Utility Solar Bat,Solar + Utility,6,53.0,408,2,0.0,Load on,2.3,Line Mode,1005500,0,00202507000200,OG-001,offgrid
4242913f53f5e67a1e63c953fc46c8f1,2026-03-23 14:28:02,00202507001060,Off Grid,00073.08,00012.29,242.2,50.0,398.8,406.1,1125,1107,0.0,0,0,0,242.2,50.0,3051,2975,27,230.0,47.8,48.0,230.0,47.8,50.0,11000,11000,48.0,57.6,57.6,Pylon,2.0,70.0,Appliance,Utility Solar Bat,Solar + Utility,6,53.0,415,2,0.0,Load on,2.7,Line Mode,1005500,0,00202507000200,OG-001,offgrid
1a0399193c71553a24d03e05f19107a6,2026-03-23 14:37:59,00202507001060,Off Grid,00073.08,00012.29,245.4,49.9,397.2,398.8,1399,1393,0.0,0,0,0,245.4,49.9,3288,3195,29,230.0,47.8,48.0,230.0,47.8,50.0,11000,11000,48.0,57.6,57.6,Pylon,2.0,70.0,Appliance,Utility Solar Bat,Solar + Utility,6,53.0,411,3,0.0,Load on,3.4,Line Mode,1005500,0,00202507000200,OG-001,offgrid
4fe8d16310c7de3e18874493ad3722e0,2026-03-23 14:42:59,00202507001060,Off Grid,00073.08,00012.29,243.1,50.0,392.4,394.4,1040,1055,0.0,0,0,0,243.1,50.0,3038,3038,27,230.0,47.8,48.0,230.0,47.8,50.0,11000,11000,48.0,57.6,57.6,Pylon,2.0,70.0,Appliance,Utility Solar Bat,Solar + Utility,6,53.0,405,2,0.0,Load on,2.6,Line Mode,1005500,0,00202507000200,OG-001,offgrid
66824a002f51069425fa9f8ed2969dbf,2026-03-23 14:47:56,00202507001060,Off Grid,00073.08,00012.29,240.4,50.0,383.0,390.4,849,841,0.0,0,0,0,240.4,50.0,3014,3014,27,230.0,47.8,48.0,230.0,47.8,50.0,11000,11000,48.0,57.6,57.6,Pylon,2.0,70.0,Appliance,Utility Solar Bat,Solar + Utility,6,53.0,398,2,0.0,Load on,2.1,Line Mode,1005500,0,00202507000200,OG-001,offgrid
6ab7526c565fe1c14ac5dc6b384d4ad6,2026-03-23 14:52:56,00202507001060,Off Grid,00073.08,00012.29,238.6,50.0,389.2,396.0,742,728,0.0,0,0,0,238.6,50.0,3030,2997,27,230.0,47.8,48.0,230.0,47.8,50.0,11000,11000,48.0,57.6,57.6,Pylon,2.0,70.0,Appliance,Utility Solar Bat,Solar + Utility,6,53.0,406,1,0.0,Load on,1.8,Line Mode,1005500,0,00202507000200,OG-001,offgrid
66945000561820202760096997186a90,2026-03-23 14:57:58,00202507001060,Off Grid,00073.08,00012.29,239.6,50.0,395.4,395.5,679,702,0.0,0,0,0,239.6,50.0,3013,2969,27,230.0,47.8,48.0,230.0,47.8,50.0,11000,11000,48.0,57.6,57.6,Pylon,2.0,70.0,Appliance,Utility Solar Bat,Solar + Utility,6,53.0,405,1,0.0,Load on,1.7,Line Mode,1005500,0,00202507000200,OG-001,offgrid
561718b8bc05f5880512c2593ed1fd85,2026-03-23 15:12:59,00202507001060,Off Grid,00073.08,00012.29,242.3,49.9,394.8,396.9,988,1028,0.0,0,0,0,242.3,49.9,3077,3037,27,230.0,47.8,48.0,230.0,47.8,50.0,11000,11000,48.0,57.6,57.6,Pylon,2.0,70.0,Appliance,Utility Solar Bat,Solar + Utility,6,53.0,405,2,0.0,Load on,2.5,Line Mode,1005500,0,00202507000200,OG-001,offgrid
7b14846a09e4e13f4b83f4a0e9304890,2026-03-23 15:27:51,00202507001060,Off Grid,00073.08,00012.29,243.4,49.9,170.8,185.4,601,633,0.0,0,0,0,243.4,49.9,2799,2716,25,230.0,47.8,48.0,230.0,47.8,50.0,11000,11000,48.0,57.6,57.6,Pylon,2.0,70.0,Appliance,Utility Solar Bat,Solar + Utility,6,53.0,380,3,0.0,Load on,3.4,Line Mode,1007300,0,00202507000200,OG-001,offgrid
2469f38c1361e70f4794b6e5e560a8ca,2026-03-23 15:47:52,00202507001060,Off Grid,00073.08,00012.29,243.5,49.8,436.2,440.6,195,221,0.0,0,0,0,243.5,49.8,727,626,6,230.0,47.8,48.0,230.0,47.8,50.0,11000,11000,48.0,57.6,57.6,Pylon,2.0,70.0,Appliance,Utility Solar Bat,Solar + Utility,6,53.0,470,0,0.0,Load on,0.5,Line Mode,1007300,0,00202507000200,OG-001,offgrid
52ff6e6c805df3b9081a4701574ea5a6,2026-03-23 15:52:51,00202507001060,Off Grid,00073.08,00012.29,243.8,49.8,441.3,444.0,91,114,0.0,0,0,0,243.8,49.8,485,317,4,230.0,47.8,48.0,230.0,47.8,50.0,11000,11000,48.0,57.6,57.6,Pylon,2.0,70.0,Appliance,Utility Solar Bat,Solar + Utility,6,53.0,470,0,0.0,Load on,0.2,Line Mode,1007300,0,00202507000200,OG-001,offgrid
345797270bccac0f3d4d3bed2affce2b,2026-03-23 16:02:48,00202507001060,Off Grid,00073.08,00012.29,243.4,50.0,431.4,435.7,88,115,0.0,0,0,0,243.4,50.0,533,359,4,230.0,47.8,48.0,230.0,47.8,50.0,11000,11000,48.0,57.6,57.6,Pylon,2.0,70.0,Appliance,Utility Solar Bat,Solar + Utility,6,53.0,464,0,0.0,Load on,0.2,Line Mode,1007300,0,00202507000200,OG-001,offgrid
1d81b400eeda07912071759124f38dd4,2026-03-23 16:07:46,00202507001060,Off Grid,00073.08,00012.29,243.9,49.8,430.7,433.8,94,109,0.0,0,0,0,243.9,49.8,536,369,4,230.0,47.8,48.0,230.0,47.8,50.0,11000,11000,48.0,57.6,57.6,Pylon,2.0,70.0,Appliance,Utility Solar Bat,Solar + Utility,6,53.0,464,0,0.0,Load on,0.2,Line Mode,1007300,0,00202507000200,OG-001,offgrid
173d89c22c89675a7261a24894a42030,2026-03-23 16:12:42,00202507001060,Off Grid,00073.08,00012.29,243.9,49.9,430.0,432.5,76,105,0.0,0,0,0,243.9,49.9,439,318,3,230.0,47.8,48.0,230.0,47.8,50.0,11000,11000,48.0,57.6,57.6,Pylon,2.0,70.0,Appliance,Utility Solar Bat,Solar + Utility,6,53.0,463,0,0.0,Load on,0.2,Line Mode,1007300,0,00202507000200,OG-001,offgrid
6dd6a255a1e7ff9f500d95c27b092a4c,2026-03-23 16:22:38,00202507001060,Off Grid,00073.08,00012.29,242.2,49.9,307.7,308.3,249,287,0.0,0,0,0,242.2,49.9,930,930,8,230.0,47.8,48.0,230.0,47.8,50.0,11000,11000,48.0,57.6,57.6,Pylon,2.0,70.0,Appliance,Utility Solar Bat,Solar + Utility,6,53.0,422,0,0.0,Load on,0.9,Line Mode,1008600,0,00202507000200,OG-001,offgrid
65bb7ecc42edf94333406ef2d17ac2d1,2026-03-23 16:27:39,00202507001060,Off Grid,00073.08,00012.29,242.9,50.0,437.5,439.8,91,123,0.0,0,0,0,242.9,50.0,413,303,3,230.0,47.8,48.0,230.0,47.8,50.0,11000,11000,48.0,57.6,57.6,Pylon,2.0,70.0,Appliance,Utility Solar Bat,Solar + Utility,6,53.0,470,0,0.0,Load on,0.2,Line Mode,1008600,0,00202507000200,OG-001,offgrid
667d1d8e641e9c642d1345822862fdb2,2026-03-23 16:32:42,00202507001060,Off Grid,00073.08,00012.29,241.5,50.0,438.2,441.9,95,115,0.0,0,0,0,241.5,50.0,505,421,4,230.0,47.8,48.0,230.0,47.8,50.0,11000,11000,48.0,57.6,57.6,Pylon,2.0,70.0,Appliance,Utility Solar Bat,Solar + Utility,6,53.0,470,0,0.0,Load on,0.2,Line Mode,1008600,0,00202507000200,OG-001,offgrid
06f4107af12ba911100fea4cc4338d1a,2026-03-23 16:37:38,00202507001060,Off Grid,00073.08,00012.29,242.3,50.1,437.3,439.4,116,130,0.0,0,0,0,242.3,50.1,533,435,4,230.0,47.8,48.0,230.0,47.8,50.0,11000,11000,48.0,57.6,57.6,Pylon,2.0,70.0,Appliance,Utility Solar Bat,Solar + Utility,6,53.0,470,0,0.0,Load on,0.2,Line Mode,1008600,0,00202507000200,OG-001,offgrid
6ea725fb6a8c787b41f1e4eeb2d985f9,2026-03-23 16:42:35,00202507001060,Off Grid,00073.08,00012.29,241.3,49.9,375.1,366.4,299,336,0.0,0,0,0,241.3,49.9,892,879,8,230.0,47.8,48.0,230.0,47.8,50.0,11000,11000,48.0,57.6,57.6,Pylon,2.0,70.0,Appliance,Utility Solar Bat,Solar + Utility,6,53.0,385,0,0.0,Load on,0.9,Line Mode,1008600,0,00202507000200,OG-001,offgrid
18d067fb12a248cd73e0fef8045c9e88,2026-03-23 16:47:37,00202507001060,Off Grid,00073.08,00012.29,237.5,49.9,364.8,361.1,258,299,0.0,0,0,0,237.5,49.9,926,879,8,230.0,47.8,48.0,230.0,47.8,50.0,11000,11000,48.0,57.6,57.6,Pylon,2.0,70.0,Appliance,Utility Solar Bat,Solar + Utility,6,53.0,375,0,0.0,Load on,0.8,Line Mode,1008600,0,00202507000200,OG-001,offgrid
0a8028c135755ced7e2ee08ff9586fc0,2026-03-23 16:57:34,00202507001060,Off Grid,00073.08,00012.29,238.5,49.9,421.4,428.2,149,158,0.0,0,0,0,238.5,49.9,548,502,4,230.0,47.8,48.0,230.0,47.8,50.0,11000,11000,48.0,57.6,57.6,Pylon,2.0,70.0,Appliance,Utility Solar Bat,Solar + Utility,6,53.0,458,0,0.0,Load on,0.3,Line Mode,1008600,0,00202507000200,OG-001,offgrid
0f749fb83bb56d635fe82690aa52f45f,2026-03-23 17:02:32,00202507001060,Off Grid,00073.08,00012.29,237.9,49.9,421.3,426.7,113,149,0.0,0,0,0,237.9,49.9,618,514,5,230.0,47.8,48.0,230.0,47.8,50.0,11000,11000,48.0,57.6,57.6,Pylon,2.0,70.0,Appliance,Utility Solar Bat,Solar + Utility,6,53.0,458,0,0.0,Load on,0.3,Line Mode,1008600,0,00202507000200,OG-001,offgrid
0ac4361cb26e44ef70d019e8cf9784e5,2026-03-23 17:07:31,00202507001060,Off Grid,00073.08,00012.29,237.8,49.8,333.7,335.1,172,204,0.0,0,0,0,237.8,49.8,782,741,7,230.0,47.8,48.0,230.0,47.8,50.0,11000,11000,48.0,57.6,57.6,Pylon,2.0,70.0,Appliance,Utility Solar Bat,Solar + Utility,6,53.0,372,0,0.0,Load on,0.6,Line Mode,1008600,0,00202507000200,OG-001,offgrid
3d57b583f491b25534da58ba37625fb3,2026-03-23 17:17:33,00202507001060,Off Grid,00073.08,00012.29,240.7,49.9,422.2,426.1,106,81,0.0,0,0,0,240.7,49.9,553,329,5,230.0,47.8,48.0,230.0,47.8,50.0,11000,11000,48.0,57.6,57.6,Pylon,2.0,70.0,Appliance,Utility Solar Bat,Solar + Utility,6,53.0,456,0,0.0,Load on,0.1,Line Mode,1008900,0,00202507000200,OG-001,offgrid
1215018442b7dbb35521dfb72aa86d67,2026-03-23 17:22:29,00202507001060,Off Grid,00073.08,00012.29,242.0,49.8,408.8,420.6,87,103,0.0,0,0,0,242.0,49.8,508,314,4,230.0,47.8,48.0,230.0,47.8,50.0,11000,11000,48.0,57.6,57.6,Pylon,2.0,70.0,Appliance,Utility Solar Bat,Solar + Utility,6,53.0,453,0,0.0,Load on,0.2,Line Mode,1008900,0,00202507000200,OG-001,offgrid
648da7867dcbd4617c1d46900793c54a,2026-03-23 17:27:30,00202507001060,Off Grid,00073.08,00012.29,237.1,49.8,89.9,91.8,31,44,0.0,0,0,0,237.1,49.8,901,761,8,230.0,47.8,48.0,230.0,47.8,50.0,11000,11000,48.0,57.6,57.6,Pylon,2.0,70.0,Appliance,Utility Solar Bat,Solar + Utility,6,53.0,373,0,0.0,Load on,0.4,Line Mode,1008900,0,00202507000200,OG-001,offgrid
13d79d132b779503694cfcc68b871413,2026-03-23 17:37:30,00202507001060,Off Grid,00073.08,00012.29,232.0,49.9,90.0,90.0,28,41,0.0,0,0,0,232.0,49.9,1842,1842,16,230.0,47.8,48.0,230.0,47.8,50.0,11000,11000,48.0,57.6,57.6,Pylon,2.0,70.0,Appliance,Utility Solar Bat,Solar + Utility,6,53.0,365,0,0.0,Load on,0.4,Line Mode,1008900,0,00202507000200,OG-001,offgrid
0ed686ca3ae36f5a07e4cc86bbd00931,2026-03-23 17:42:31,00202507001060,Off Grid,00073.08,00012.29,236.3,49.8,90.2,91.8,24,35,0.0,0,0,0,236.3,49.8,519,428,4,230.0,47.8,48.0,230.0,47.8,50.0,11000,11000,48.0,57.6,57.6,Pylon,2.0,70.0,Appliance,Utility Solar Bat,Solar + Utility,6,53.0,377,0,0.0,Load on,0.3,Line Mode,1008900,0,00202507000200,OG-001,offgrid
39c125b31cc77b7a493a5bfa21ee207d,2026-03-23 17:47:32,00202507001060,Off Grid,00073.08,00012.29,240.5,49.8,383.9,101.3,61,64,0.0,0,0,0,240.5,49.8,529,320,4,230.0,47.8,48.0,230.0,47.8,50.0,11000,11000,48.0,57.6,57.6,Pylon,2.0,70.0,Appliance,Utility Solar Bat,Solar + Utility,6,53.0,418,0,0.0,Load on,0.6,Line Mode,1008900,0,00202507000200,OG-001,offgrid
5cba28376fd9e47c53c2a4edfd2b1091,2026-03-23 17:52:31,00202507001060,Off Grid,00073.08,00012.29,239.8,49.8,104.7,106.4,15,18,0.0,0,0,0,239.8,49.8,504,265,4,230.0,47.8,48.0,230.0,47.8,50.0,11000,11000,48.0,57.6,57.6,Pylon,2.0,70.0,Appliance,Utility Solar Bat,Solar + Utility,6,53.0,415,0,0.0,Load on,0.1,Line Mode,1008900,0,00202507000200,OG-001,offgrid
2559bef4f199248378e2d5d98f2abd5d,2026-03-23 18:02:33,00202507001060,Off Grid,00073.08,00012.29,237.1,49.9,0.0,0.0,0,0,0.0,0,0,0,237.1,49.9,711,548,6,230.0,47.8,48.0,230.0,47.8,50.0,11000,11000,48.0,57.6,57.6,Pylon,2.0,70.0,Appliance,Utility Solar Bat,Solar + Utility,6,53.0,371,0,0.0,Load on,0.0,Line Mode,1009000,0,00202507000200,OG-001,offgrid
4de1cd6c16596f3f2318a6e93ae60a4f,2026-03-23 18:07:29,00202507001060,Off Grid,00073.08,00012.29,238.4,49.9,0.0,0.0,0,0,0.0,0,0,0,238.4,49.9,524,389,4,230.0,47.8,48.0,230.0,47.8,50.0,11000,11000,48.0,57.6,57.6,Pylon,2.0,70.0,Appliance,Utility Solar Bat,Solar + Utility,6,53.0,373,0,0.0,Load on,0.0,Line Mode,1009000,0,00202507000200,OG-001,offgrid
42856d465cc1c8f856d06b861effe300,2026-03-23 18:12:30,00202507001060,Off Grid,00073.08,00012.29,235.0,49.9,0.0,86.5,0,0,0.0,0,0,0,235.0,49.9,517,369,4,230.0,47.8,48.0,230.0,47.8,50.0,11000,11000,48.0,57.6,57.6,Pylon,2.0,70.0,Appliance,Utility Solar Bat,Solar + Utility,6,53.0,368,0,0.0,Load on,0.0,Line Mode,1009000,0,00202507000200,OG-001,offgrid
57b8c9e13441a0e82a0687d7e28904b8,2026-03-23 18:17:30,00202507001060,Off Grid,00073.08,00012.29,236.5,49.9,0.0,0.0,0,0,0.0,0,0,0,236.5,49.9,543,376,4,230.0,47.8,48.0,230.0,47.8,50.0,11000,11000,48.0,57.6,57.6,Pylon,2.0,70.0,Appliance,Utility Solar Bat,Solar + Utility,6,53.0,371,0,0.0,Load on,0.0,Line Mode,1009000,0,00202507000200,OG-001,offgrid
47bf8b1727dd94270cf7b98fa06362f6,2026-03-23 18:22:31,00202507001060,Off Grid,00073.08,00012.29,234.9,49.8,75.0,0.0,0,0,0.0,0,0,0,234.9,49.8,563,365,5,230.0,47.8,48.0,230.0,47.8,50.0,11000,11000,48.0,57.6,57.6,Pylon,2.0,70.0,Appliance,Utility Solar Bat,Solar + Utility,6,53.0,369,0,0.0,Load on,0.0,Line Mode,1009000,0,00202507000200,OG-001,offgrid
78d42217765e5277628453c64202f573,2026-03-23 18:27:30,00202507001060,Off Grid,00073.08,00012.29,235.5,49.9,0.0,0.0,0,0,0.0,0,0,0,235.5,49.9,541,288,4,230.0,47.8,48.0,230.0,47.8,50.0,11000,11000,48.0,57.6,57.6,Pylon,2.0,70.0,Appliance,Utility Solar Bat,Solar + Utility,6,53.0,370,0,0.0,Load on,0.0,Line Mode,1009000,0,00202507000200,OG-001,offgrid
6f125726609635c10ee06730c46f1cc6,2026-03-23 18:32:31,00202507001060,Off Grid,00073.08,00012.29,235.7,49.9,0.0,0.0,0,0,0.0,0,0,0,235.7,49.9,589,359,5,230.0,47.8,48.0,230.0,47.8,50.0,11000,11000,48.0,57.6,57.6,Pylon,2.0,70.0,Appliance,Utility Solar Bat,Solar + Utility,6,53.0,371,0,0.0,Load on,0.0,Line Mode,1009000,0,00202507000200,OG-001,offgrid
5e70ecc44427b19f20869946a4d500df,2026-03-23 18:42:32,00202507001060,Off Grid,00073.08,00012.29,235.7,49.9,0.0,0.0,0,0,0.0,0,0,0,235.7,49.9,589,421,5,230.0,47.8,48.0,230.0,47.8,50.0,11000,11000,48.0,57.6,57.6,Pylon,2.0,70.0,Appliance,Utility Solar Bat,Solar + Utility,6,53.0,370,0,0.0,Load on,0.0,Line Mode,1009000,0,00202507000200,OG-001,offgrid
481bdd0fb8d3529a5b3f812cc6f3b347,2026-03-23 18:47:29,00202507001060,Off Grid,00073.08,00012.29,236.0,49.9,0.0,0.0,0,0,0.0,0,0,0,236.0,49.9,589,505,5,230.0,47.8,48.0,230.0,47.8,50.0,11000,11000,48.0,57.6,57.6,Pylon,2.0,70.0,Appliance,Utility Solar Bat,Solar + Utility,6,53.0,370,0,0.0,Load on,0.0,Line Mode,1009000,0,00202507000200,OG-001,offgrid
546ab35a27d763622d6339299c57556d,2026-03-23 18:52:29,00202507001060,Off Grid,00073.08,00012.29,235.0,49.9,0.0,0.0,0,0,0.0,0,0,0,235.0,49.9,518,404,4,230.0,47.8,48.0,230.0,47.8,50.0,11000,11000,48.0,57.6,57.6,Pylon,2.0,70.0,Appliance,Utility Solar Bat,Solar + Utility,6,53.0,370,0,0.0,Load on,0.0,Line Mode,1009000,0,00202507000200,OG-001,offgrid
0b34454b4735705463c2bc78f481ed9c,2026-03-23 18:57:31,00202507001060,Off Grid,00073.08,00012.29,236.7,49.9,0.0,0.0,0,0,0.0,0,0,0,236.7,49.9,591,394,5,230.0,47.8,48.0,230.0,47.8,50.0,11000,11000,48.0,57.6,57.6,Pylon,2.0,70.0,Appliance,Utility Solar Bat,Solar + Utility,6,53.0,371,0,0.0,Load on,0.0,Line Mode,1009000,0,00202507000200,OG-001,offgrid
742dcd3ba68c0b5e5aba4255aaa3fad2,2026-03-23 19:02:32,00202507001060,Off Grid,00073.08,00012.29,236.9,49.9,0.0,0.0,0,0,0.0,0,0,0,236.9,49.9,758,614,6,230.0,47.8,48.0,230.0,47.8,50.0,11000,11000,48.0,57.6,57.6,Pylon,2.0,70.0,Appliance,Utility Solar Bat,Solar + Utility,6,53.0,372,0,0.0,Load on,0.0,Line Mode,1009000,0,00202507000200,OG-001,offgrid
0224237ee826d41701738f54fa8cd7e6,2026-03-23 19:13:33,00202507001060,Off Grid,00073.08,00012.29,230.0,50.0,0.0,0.0,0,0,0.0,0,0,0,230.0,50.0,1909,1873,17,230.0,47.8,48.0,230.0,47.8,50.0,11000,11000,48.0,57.6,57.6,Pylon,2.0,70.0,Appliance,Utility Solar Bat,Solar + Utility,6,53.0,360,0,0.0,Load on,0.0,Line Mode,1009000,0,00202507000200,OG-001,offgrid
0f2c6ed3400bf628046bd5e32e1e77fe,2026-03-23 19:18:34,00202507001060,Off Grid,00073.08,00012.29,236.8,50.0,0.0,0.0,0,0,0.0,0,0,0,236.8,50.0,615,521,5,230.0,47.8,48.0,230.0,47.8,50.0,11000,11000,48.0,57.6,57.6,Pylon,2.0,70.0,Appliance,Utility Solar Bat,Solar + Utility,6,53.0,371,0,0.0,Load on,0.0,Line Mode,1009000,0,00202507000200,OG-001,offgrid
73d924a3726e818b14232191ea59e31e,2026-03-23 19:28:36,00202507001060,Off Grid,00073.08,00012.29,236.0,49.9,0.0,0.0,0,0,0.0,0,0,0,236.0,49.9,637,499,5,230.0,47.8,48.0,230.0,47.8,50.0,11000,11000,48.0,57.6,57.6,Pylon,2.0,70.0,Appliance,Utility Solar Bat,Solar + Utility,6,53.0,370,0,0.0,Load on,0.0,Line Mode,1009000,0,00202507000200,OG-001,offgrid
56f78e4b46f441a80f95d32069b44bb0,2026-03-23 19:33:36,00202507001060,Off Grid,00073.08,00012.29,220.9,49.9,0.0,0.0,0,0,0.0,0,0,0,220.9,49.9,3136,3089,28,230.0,47.8,48.0,230.0,47.8,50.0,11000,11000,48.0,57.6,57.6,Pylon,2.0,70.0,Appliance,Utility Solar Bat,Solar + Utility,6,53.0,350,0,0.0,Load on,0.0,Line Mode,1009000,0,00202507000200,OG-001,offgrid
58db180e5fa4943a381a4c86bbdc7753,2026-03-23 19:38:36,00202507001060,Off Grid,00073.08,00012.29,221.1,50.0,0.0,0.0,0,0,0.0,0,0,0,221.1,50.0,3161,3094,28,230.0,47.8,48.0,230.0,47.8,50.0,11000,11000,48.0,57.6,57.6,Pylon,2.0,70.0,Appliance,Utility Solar Bat,Solar + Utility,6,53.0,350,0,0.0,Load on,0.0,Line Mode,1009000,0,00202507000200,OG-001,offgrid
26004b25443c8830294a162bf88870c7,2026-03-23 19:43:38,00202507001060,Off Grid,00073.08,00012.29,219.8,49.9,0.0,0.0,0,0,0.0,0,0,0,219.8,49.9,3188,3099,28,230.0,47.8,48.0,230.0,47.8,50.0,11000,11000,48.0,57.6,57.6,Pylon,2.0,70.0,Appliance,Utility Solar Bat,Solar + Utility,6,53.0,349,0,0.0,Load on,0.0,Line Mode,1009000,0,00202507000200,OG-001,offgrid
504928a0b35f3e671f15adebf0c36849,2026-03-23 19:48:34,00202507001060,Off Grid,00073.08,00012.29,221.5,50.0,0.0,0.0,0,0,0.0,0,0,0,221.5,50.0,3153,3131,28,230.0,47.8,48.0,230.0,47.8,50.0,11000,11000,48.0,57.6,57.6,Pylon,2.0,70.0,Appliance,Utility Solar Bat,Solar + Utility,6,53.0,350,0,0.0,Load on,0.0,Line Mode,1009000,0,00202507000200,OG-001,offgrid
37fa451affa91cc1161045f7b9df8162,2026-03-23 19:58:38,00202507001060,Off Grid,00073.08,00012.29,221.6,50.0,0.0,0.0,0,0,0.0,0,0,0,221.6,50.0,3235,3187,29,230.0,47.8,48.0,230.0,47.8,50.0,11000,11000,48.0,57.6,57.6,Pylon,2.0,70.0,Appliance,Utility Solar Bat,Solar + Utility,6,53.0,350,0,0.0,Load on,0.0,Line Mode,1009000,0,00202507000200,OG-001,offgrid
76e6dda2636752916d9ac0a60269efe7,2026-03-23 20:03:44,00202507001060,Off Grid,00073.08,00012.29,222.9,50.1,0.0,0.0,0,0,0.0,0,0,0,222.9,50.1,3163,3063,28,230.0,47.8,48.0,230.0,47.8,50.0,11000,11000,48.0,57.6,57.6,Pylon,2.0,70.0,Appliance,Utility Solar Bat,Solar + Utility,6,53.0,351,0,0.0,Load on,0.0,Line Mode,1009000,0,00202507000200,OG-001,offgrid
4f6062f235d1fd7875f1e9471ec28bb3,2026-03-23 20:08:47,00202507001060,Off Grid,00073.08,00012.29,223.1,50.0,0.0,0.0,0,0,0.0,0,0,0,223.1,50.0,3123,3093,28,230.0,47.8,48.0,230.0,47.8,50.0,11000,11000,48.0,57.6,57.6,Pylon,2.0,70.0,Appliance,Utility Solar Bat,Solar + Utility,6,53.0,351,0,0.0,Load on,0.0,Line Mode,1009000,0,00202507000200,OG-001,offgrid
08d8b1099336cafb4eaf2283938a6559,2026-03-23 20:13:49,00202507001060,Off Grid,00073.08,00012.29,222.0,49.9,0.0,0.0,0,0,0.0,0,0,0,222.0,49.9,3196,3148,29,230.0,47.8,48.0,230.0,47.8,50.0,11000,11000,48.0,57.6,57.6,Pylon,2.0,70.0,Appliance,Utility Solar Bat,Solar + Utility,6,53.0,350,0,0.0,Load on,0.0,Line Mode,1009000,0,00202507000200,OG-001,offgrid
01be87eeaecb576973b75ee48bb331dd,2026-03-23 20:23:31,00202507001060,Off Grid,00073.08,00012.29,223.9,50.0,0.0,0.0,0,0,0.0,0,0,0,223.9,50.0,3215,3215,29,230.0,47.8,48.0,230.0,47.8,50.0,11000,11000,48.0,57.6,57.6,Pylon,2.0,70.0,Appliance,Utility Solar Bat,Solar + Utility,6,53.0,353,0,0.0,Load on,0.0,Line Mode,1009000,0,00202507000200,OG-001,offgrid
2419e59e06415db95dcfb755fa391b0e,2026-03-23 20:28:28,00202507001060,Off Grid,00073.08,00012.29,222.8,50.0,0.0,0.0,0,0,0.0,0,0,0,222.8,50.0,3186,3135,28,230.0,47.8,48.0,230.0,47.8,50.0,11000,11000,48.0,57.6,57.6,Pylon,2.0,70.0,Appliance,Utility Solar Bat,Solar + Utility,6,53.0,350,0,0.0,Load on,0.0,Line Mode,1009000,0,00202507000200,OG-001,offgrid
474a5f36ff92bcb9365510c507aa613a,2026-03-23 20:33:24,00202507001060,Off Grid,00073.08,00012.29,224.1,50.0,0.0,0.0,0,0,0.0,0,0,0,224.1,50.0,3203,3153,29,230.0,47.8,48.0,230.0,47.8,50.0,11000,11000,48.0,57.6,57.6,Pylon,2.0,70.0,Appliance,Utility Solar Bat,Solar + Utility,6,53.0,353,0,0.0,Load on,0.0,Line Mode,1009000,0,00202507000200,OG-001,offgrid
61e375882d0a8fff341636108fdbb883,2026-03-23 20:43:18,00202507001060,Off Grid,00073.08,00012.29,226.5,49.9,0.0,0.0,0,0,0.0,0,0,0,226.5,49.9,3148,3092,28,230.0,47.8,48.0,230.0,47.8,50.0,11000,11000,48.0,57.6,57.6,Pylon,2.0,70.0,Appliance,Utility Solar Bat,Solar + Utility,6,53.0,356,0,0.0,Load on,0.0,Line Mode,1009000,0,00202507000200,OG-001,offgrid
3dbb97ff4cbc2c3e79ac89c2bad80372,2026-03-23 20:48:16,00202507001060,Off Grid,00073.08,00012.29,222.0,50.0,0.0,0.0,0,0,0.0,0,0,0,222.0,50.0,4417,4383,40,230.0,47.8,48.0,230.0,47.8,50.0,11000,11000,48.0,57.6,57.6,Pylon,2.0,70.0,Appliance,Utility Solar Bat,Solar + Utility,6,53.0,350,0,0.0,Load on,0.0,Line Mode,1009000,0,00202507000200,OG-001,offgrid
2f145f9e35eff5c646dccf5182337317,2026-03-23 21:08:01,00202507001060,Off Grid,00073.08,00012.29,227.7,49.8,0.0,0.0,0,0,0.0,0,0,0,227.7,49.8,3461,3444,31,230.0,47.8,48.0,230.0,47.8,50.0,11000,11000,48.0,57.6,57.6,Pylon,2.0,70.0,Appliance,Utility Solar Bat,Solar + Utility,6,53.0,358,0,0.0,Load on,0.0,Line Mode,1009000,0,00202507000200,OG-001,offgrid
69365993f6da61d70f12a8a030189669,2026-03-23 21:42:36,00202507001060,Off Grid,00073.08,00012.29,232.3,50.0,0.0,0.0,0,0,0.0,0,0,0,232.3,50.0,3208,3140,29,230.0,47.8,48.0,230.0,47.8,50.0,11000,11000,48.0,57.6,57.6,Pylon,2.0,70.0,Appliance,Utility Solar Bat,Solar + Utility,6,53.0,364,0,0.0,Load on,0.0,Line Mode,1009000,0,00202507000200,OG-001,offgrid
290a94761623b6b40ff75d90e9261e27,2026-03-23 21:57:29,00202507001060,Off Grid,00073.08,00012.29,230.3,50.0,0.0,0.0,0,0,0.0,0,0,0,230.3,50.0,3149,3149,28,230.0,47.8,48.0,230.0,47.8,50.0,11000,11000,48.0,57.6,57.6,Pylon,2.0,70.0,Appliance,Utility Solar Bat,Solar + Utility,6,53.0,361,0,0.0,Load on,0.0,Line Mode,1009000,0,00202507000200,OG-001,offgrid
0b6da46cbca0003f51a6bc9434095537,2026-03-23 22:32:03,00202507001060,Off Grid,00073.08,00012.29,229.5,50.0,0.0,0.0,0,0,0.0,0,0,0,229.5,50.0,3648,3648,33,230.0,47.8,48.0,230.0,47.8,50.0,11000,11000,48.0,57.6,57.6,Pylon,2.0,70.0,Appliance,Utility Solar Bat,Solar + Utility,6,53.0,360,0,0.0,Load on,0.0,Line Mode,1009000,0,00202507000200,OG-001,offgrid
603274b521b2d05030e84bb65d8d6f3e,2026-03-23 22:46:53,00202507001060,Off Grid,00073.08,00012.29,225.7,50.0,0.0,0.0,0,0,0.0,0,0,0,225.7,50.0,3701,3670,33,230.0,47.8,48.0,230.0,47.8,50.0,11000,11000,48.0,57.6,57.6,Pylon,2.0,70.0,Appliance,Utility Solar Bat,Solar + Utility,6,53.0,354,0,0.0,Load on,0.0,Line Mode,1009000,0,00202507000200,OG-001,offgrid
394a90b15700f80759c560c046f6983b,2026-03-23 23:06:41,00202507001060,Off Grid,00073.08,00012.29,224.9,50.1,0.0,0.0,0,0,0.0,0,0,0,224.9,50.1,3559,3556,32,230.0,47.8,48.0,230.0,47.8,50.0,11000,11000,48.0,57.6,57.6,Pylon,2.0,70.0,Appliance,Utility Solar Bat,Solar + Utility,6,53.0,354,0,0.0,Load on,0.0,Line Mode,1009000,0,00202507000200,OG-001,offgrid
11746ae0cb0824a0236244a76f5f9ac3,2026-03-23 23:41:13,00202507001060,Off Grid,00073.08,00012.29,234.9,50.0,0.0,0.0,0,0,0.0,0,0,0,234.9,50.0,3030,2919,27,230.0,47.8,48.0,230.0,47.8,50.0,11000,11000,48.0,57.6,57.6,Pylon,2.0,70.0,Appliance,Utility Solar Bat,Solar + Utility,6,53.0,369,0,0.0,Load on,0.0,Line Mode,1009000,0,00202507000200,OG-001,offgrid
549bab1ccd1fa1161ed0c718d2e84c9d,2026-03-24 00:05:59,00202507001060,Off Grid,00073.08,00012.29,230.9,50.1,0.0,0.0,0,0,0.0,0,0,0,230.9,50.1,2981,2981,27,230.0,47.8,48.0,230.0,47.8,50.0,11000,11000,48.0,57.6,57.6,Pylon,2.0,70.0,Appliance,Utility Solar Bat,Solar + Utility,6,53.0,363,0,0.0,Load on,0.0,Line Mode,1009000,0,00202507000200,OG-001,offgrid
19a055d6ec860e9c3f47c8c10c7046bd,2026-03-24 00:25:47,00202507001060,Off Grid,00073.08,00012.29,227.7,49.9,0.0,0.0,0,0,0.0,0,0,0,227.7,49.9,3549,3549,32,230.0,47.8,48.0,230.0,47.8,50.0,11000,11000,48.0,57.6,57.6,Pylon,2.0,70.0,Appliance,Utility Solar Bat,Solar + Utility,6,53.0,359,0,0.0,Load on,0.0,Line Mode,1009000,0,00202507000200,OG-001,offgrid
301037378a07baa94e748722f175f300,2026-03-24 00:50:32,00202507001060,Off Grid,00073.08,00012.29,231.2,49.8,0.0,0.0,0,0,0.0,0,0,0,231.2,49.8,3053,3021,27,230.0,47.8,48.0,230.0,47.8,50.0,11000,11000,48.0,57.6,57.6,Pylon,2.0,70.0,Appliance,Utility Solar Bat,Solar + Utility,6,53.0,364,0,0.0,Load on,0.0,Line Mode,1009000,0,00202507000200,OG-001,offgrid
380c1f9ae430fbc5123fbfb0fe915a1b,2026-03-24 01:54:45,00202507001060,Off Grid,00073.08,00012.29,228.4,49.9,0.0,0.0,0,0,0.0,0,0,0,228.4,49.9,3745,3647,34,230.0,47.8,48.0,230.0,47.8,50.0,11000,11000,48.0,57.6,57.6,Pylon,2.0,70.0,Appliance,Utility Solar Bat,Solar + Utility,6,53.0,358,0,0.0,Load on,0.0,Line Mode,1009000,0,00202507000200,OG-001,offgrid
0eec50e6de8d1ff73ea8591a32ca7a77,2026-03-24 02:58:45,00202507001060,Off Grid,00073.08,00012.29,233.3,49.8,0.0,0.0,0,0,0.0,0,0,0,233.3,49.8,3126,3074,28,230.0,47.8,48.0,230.0,47.8,50.0,11000,11000,48.0,57.6,57.6,Pylon,2.0,70.0,Appliance,Utility Solar Bat,Solar + Utility,6,53.0,366,0,0.0,Load on,0.0,Line Mode,1009000,0,00202507000200,OG-001,offgrid
15939f16b9997c5451fd63287b9fc1eb,2026-03-24 07:00:24,00202507001060,Off Grid,00073.08,00012.29,235.9,50.1,349.6,288.4,685,363,0.0,0,0,0,235.9,50.1,2626,2626,23,230.0,47.8,48.0,230.0,47.8,50.0,11000,11000,48.0,57.6,57.6,Pylon,2.0,70.0,Appliance,Utility Solar Bat,Solar + Utility,6,53.0,372,1,0.0,Load on,1.2,Line Mode,1009000,0,00202507000200,OG-001,offgrid
18471e1837e365e742ec5d9f3ac3a2e8,2026-03-24 09:07:52,00202507001060,Off Grid,00073.08,00012.29,237.4,50.0,189.1,357.6,640,1054,0.0,0,0,0,237.4,50.0,3442,3413,31,230.0,47.8,48.0,230.0,47.8,50.0,11000,11000,48.0,57.6,57.6,Pylon,2.0,70.0,Appliance,Utility Solar Bat,Solar + Utility,6,53.0,374,3,0.0,Load on,2.9,Line Mode,1012000,0,00202507000200,OG-001,offgrid
04814b4d48ec38f468301c9c5f1a77ca,2026-03-24 09:12:45,00202507001060,Off Grid,00073.08,00012.29,238.1,50.0,391.3,378.0,724,744,0.0,0,0,0,238.1,50.0,3020,2995,27,230.0,47.8,48.0,230.0,47.8,50.0,11000,11000,48.0,57.6,57.6,Pylon,2.0,70.0,Appliance,Utility Solar Bat,Solar + Utility,6,53.0,401,1,0.0,Load on,1.9,Line Mode,1012000,0,00202507000200,OG-001,offgrid
67043164f61400db71432ddeecccbd11,2026-03-24 09:22:32,00202507001060,Off Grid,00073.08,00012.29,245.8,50.0,449.4,449.5,1466,1534,0.0,0,0,0,245.8,50.0,3340,3340,30,230.0,47.8,48.0,230.0,47.8,50.0,11000,11000,48.0,57.6,57.6,Pylon,2.0,70.0,Appliance,Utility Solar Bat,Solar + Utility,6,53.0,470,3,0.0,Load on,3.4,Line Mode,1015500,0,00202507000200,OG-001,offgrid
2209a76bbab4eee8456bf0d0f3dd4394,2026-03-24 09:27:24,00202507001060,Off Grid,00073.08,00012.29,246.5,50.0,443.7,444.3,1410,1566,0.0,0,0,0,246.5,50.0,3256,3184,29,230.0,47.8,48.0,230.0,47.8,50.0,11000,11000,48.0,57.6,57.6,Pylon,2.0,70.0,Appliance,Utility Solar Bat,Solar + Utility,6,53.0,470,3,0.0,Load on,3.5,Line Mode,1015500,0,00202507000200,OG-001,offgrid
3f84259cfdeb01b02bdebc89e0d65904,2026-03-24 09:37:11,00202507001060,Off Grid,00073.08,00012.29,248.9,49.8,438.4,437.9,1268,1480,0.0,0,0,0,248.9,49.8,3048,3020,27,230.0,47.8,48.0,230.0,47.8,50.0,11000,11000,48.0,57.6,57.6,Pylon,2.0,70.0,Appliance,Utility Solar Bat,Solar + Utility,6,53.0,468,2,0.0,Load on,3.3,Line Mode,1015500,0,00202507000200,OG-001,offgrid
2937ddcdbf8539382ffdee75c0cab89e,2026-03-24 09:42:05,00202507001060,Off Grid,00073.08,00012.29,243.5,49.9,433.9,431.6,1519,1737,0.0,0,0,0,243.5,49.9,3619,3619,32,230.0,47.8,48.0,230.0,47.8,50.0,11000,11000,48.0,57.6,57.6,Pylon,2.0,70.0,Appliance,Utility Solar Bat,Solar + Utility,6,53.0,464,3,0.0,Load on,4.0,Line Mode,1015500,0,00202507000200,OG-001,offgrid
3018383859802ae03a25399ce974925c,2026-03-24 09:46:57,00202507001060,Off Grid,00073.08,00012.29,232.8,49.9,378.0,385.2,762,760,0.0,0,0,0,232.8,49.9,3817,3814,34,230.0,47.8,48.0,230.0,47.8,50.0,11000,11000,48.0,57.6,57.6,Pylon,2.0,70.0,Appliance,Utility Solar Bat,Solar + Utility,6,53.0,395,2,0.0,Load on,1.9,Line Mode,1015500,0,00202507000200,OG-001,offgrid
2771909bab068e215275166b24f642ec,2026-03-24 09:51:49,00202507001060,Off Grid,00073.08,00012.29,231.9,49.8,376.1,384.2,956,917,0.0,0,0,0,231.9,49.8,4645,4645,42,230.0,47.8,48.0,230.0,47.8,50.0,11000,11000,48.0,57.6,57.6,Pylon,2.0,70.0,Appliance,Utility Solar Bat,Solar + Utility,6,53.0,394,2,0.0,Load on,2.3,Line Mode,1015500,0,00202507000200,OG-001,offgrid
1f4843cc09c3e6a46b85e1d977232328,2026-03-24 09:56:41,00202507001060,Off Grid,00073.08,00012.29,241.9,49.9,393.6,399.7,1550,1571,0.0,0,0,0,241.9,49.9,4285,4230,38,230.0,47.8,48.0,230.0,47.8,50.0,11000,11000,48.0,57.6,57.6,Pylon,2.0,70.0,Appliance,Utility Solar Bat,Solar + Utility,6,53.0,420,3,0.0,Load on,3.9,Line Mode,1015500,0,00202507000200,OG-001,offgrid
6aaea319bd31786176d1e9a4ec71b173,2026-03-24 10:01:33,00202507001060,Off Grid,00073.08,00012.29,242.7,50.0,387.7,380.5,1424,1418,0.0,0,0,0,242.7,50.0,4020,3988,36,230.0,47.8,48.0,230.0,47.8,50.0,11000,11000,48.0,57.6,57.6,Pylon,2.0,70.0,Appliance,Utility Solar Bat,Solar + Utility,6,53.0,397,3,0.0,Load on,3.7,Line Mode,1015500,0,00202507000200,OG-001,offgrid
24f61dcc35b9139629518de356cf7b5b,2026-03-24 10:06:25,00202507001060,Off Grid,00073.08,00012.29,240.8,50.0,386.9,393.0,1407,1388,0.0,0,0,0,240.8,50.0,4246,4246,38,230.0,47.8,48.0,230.0,47.8,50.0,11000,11000,48.0,57.6,57.6,Pylon,2.0,70.0,Appliance,Utility Solar Bat,Solar + Utility,6,53.0,401,3,0.0,Load on,3.5,Line Mode,1015500,0,00202507000200,OG-001,offgrid
55e80e17764f65b828312e4d97d68f74,2026-03-24 10:11:19,00202507001060,Off Grid,00073.08,00012.29,246.4,50.0,289.0,334.2,1407,1598,0.0,0,0,0,246.4,50.0,3622,3531,32,230.0,47.8,48.0,230.0,47.8,50.0,11000,11000,48.0,57.6,57.6,Pylon,2.0,70.0,Appliance,Utility Solar Bat,Solar + Utility,6,53.0,386,4,0.0,Load on,4.7,Line Mode,1015500,0,00202507000200,OG-001,offgrid
720f8f9fe5d7cab87b1ab2e893738dca,2026-03-24 10:21:05,00202507001060,Off Grid,00073.08,00012.29,248.6,50.0,449.7,451.5,1240,1275,0.0,0,0,0,248.6,50.0,2784,2703,25,230.0,47.8,48.0,230.0,47.8,50.0,11000,11000,48.0,57.6,57.6,Pylon,2.0,70.0,Appliance,Utility Solar Bat,Solar + Utility,6,53.0,470,2,0.0,Load on,2.8,Line Mode,1018100,0,00202507000200,OG-001,offgrid
6354022f749d00943c51f52460232bd5,2026-03-24 10:25:58,00202507001060,Off Grid,00073.08,00012.29,249.6,50.0,441.9,442.6,1162,1209,0.0,0,0,0,249.6,50.0,2695,2618,24,230.0,47.8,48.0,230.0,47.8,50.0,11000,11000,48.0,57.6,57.6,Pylon,2.0,70.0,Appliance,Utility Solar Bat,Solar + Utility,6,53.0,470,2,0.0,Load on,2.7,Line Mode,1018100,0,00202507000200,OG-001,offgrid
1236f41dff9631f93eb6b32b028873a9,2026-03-24 10:30:50,00202507001060,Off Grid,00073.08,00012.29,248.8,50.0,429.8,428.5,1862,1988,0.0,0,0,0,248.8,50.0,4179,4158,37,230.0,47.8,48.0,230.0,47.8,50.0,11000,11000,48.0,57.6,57.6,Pylon,2.0,70.0,Appliance,Utility Solar Bat,Solar + Utility,6,53.0,459,4,0.0,Load on,4.6,Line Mode,1018100,0,00202507000200,OG-001,offgrid
0b6d0dc9dcf3f0a734c5a1ceb49f0e06,2026-03-24 10:35:43,00202507001060,Off Grid,00073.08,00012.29,246.5,49.9,421.0,412.9,1011,1367,0.0,0,0,0,246.5,49.9,2736,2663,24,230.0,47.8,48.0,230.0,47.8,50.0,11000,11000,48.0,57.6,57.6,Pylon,2.0,70.0,Appliance,Utility Solar Bat,Solar + Utility,6,53.0,451,2,0.0,Load on,3.3,Line Mode,1018100,0,00202507000200,OG-001,offgrid
2b292869eae122410b51ef80eddfd456,2026-03-24 10:40:35,00202507001060,Off Grid,00073.08,00012.29,245.5,49.9,435.3,429.7,947,1347,0.0,0,0,0,245.5,49.9,2675,2567,24,230.0,47.8,48.0,230.0,47.8,50.0,11000,11000,48.0,57.6,57.6,Pylon,2.0,70.0,Appliance,Utility Solar Bat,Solar + Utility,6,53.0,465,2,0.0,Load on,3.1,Line Mode,1018100,0,00202507000200,OG-001,offgrid
7b6dbc88e344de4a657c56dfc7dd160a,2026-03-24 10:45:27,00202507001060,Off Grid,00073.08,00012.29,247.6,49.9,442.2,437.9,1241,1708,0.0,0,0,0,247.6,49.9,3218,3155,29,230.0,47.8,48.0,230.0,47.8,50.0,11000,11000,48.0,57.6,57.6,Pylon,2.0,70.0,Appliance,Utility Solar Bat,Solar + Utility,6,53.0,470,2,0.0,Load on,3.9,Line Mode,1018100,0,00202507000200,OG-001,offgrid
297d1093fcd29bd065de2a940f4e6673,2026-03-24 10:50:21,00202507001060,Off Grid,00073.08,00012.29,245.5,50.0,389.9,394.2,1650,1679,0.0,0,0,0,245.5,50.0,3977,3971,36,230.0,47.8,48.0,230.0,47.8,50.0,11000,11000,48.0,57.6,57.6,Pylon,2.0,70.0,Appliance,Utility Solar Bat,Solar + Utility,6,53.0,399,4,0.0,Load on,4.2,Line Mode,1018100,0,00202507000200,OG-001,offgrid
2d01379af87f4fbe395bd40c9c57d36a,2026-03-24 10:55:14,00202507001060,Off Grid,00073.08,00012.29,243.0,50.3,425.7,426.3,1066,1097,0.0,0,0,0,243.0,50.3,2437,2359,22,230.0,47.8,48.0,230.0,47.8,50.0,11000,11000,48.0,57.6,57.6,Pylon,2.0,70.0,Appliance,Utility Solar Bat,Solar + Utility,6,53.0,457,2,0.0,Load on,2.5,Line Mode,1018100,0,00202507000200,OG-001,offgrid
7338e0b335ab5116275f6b1d0c81abcc,2026-03-24 11:00:08,00202507001060,Off Grid,00073.08,00012.29,243.0,50.0,423.9,416.9,965,1188,0.0,0,0,0,243.0,50.0,2454,2409,22,230.0,47.8,48.0,230.0,47.8,50.0,11000,11000,48.0,57.6,57.6,Pylon,2.0,70.0,Appliance,Utility Solar Bat,Solar + Utility,6,53.0,454,2,0.0,Load on,2.8,Line Mode,1018100,0,00202507000200,OG-001,offgrid
3ae0c9bedee588a6787be4d3ed690049,2026-03-24 11:05:02,00202507001060,Off Grid,00073.08,00012.29,244.1,50.0,177.7,189.1,661,706,0.0,0,0,0,244.1,50.0,2410,2410,21,230.0,47.8,48.0,230.0,47.8,50.0,11000,11000,48.0,57.6,57.6,Pylon,2.0,70.0,Appliance,Utility Solar Bat,Solar + Utility,6,53.0,385,3,0.0,Load on,3.7,Line Mode,1018100,0,00202507000200,OG-001,offgrid
22d04674538c0d5248be604f406f9a92,2026-03-24 11:09:54,00202507001060,Off Grid,00073.08,00012.29,245.7,50.0,442.6,444.8,859,911,0.0,0,0,0,245.7,50.0,2043,2043,18,230.0,47.8,48.0,230.0,47.8,50.0,11000,11000,48.0,57.6,57.6,Pylon,2.0,70.0,Appliance,Utility Solar Bat,Solar + Utility,6,53.0,470,1,0.0,Load on,2.0,Line Mode,1018100,0,00202507000200,OG-001,offgrid
362a82683aa1917c1bb1a012ffdbc220,2026-03-24 11:19:37,00202507001060,Off Grid,00073.08,00012.29,247.7,50.0,447.6,435.6,855,918,0.0,0,0,0,247.7,50.0,2046,2018,18,230.0,47.8,48.0,230.0,47.8,50.0,11000,11000,48.0,57.6,57.6,Pylon,2.0,70.0,Appliance,Utility Solar Bat,Solar + Utility,6,53.0,470,1,0.0,Load on,2.1,Line Mode,1020500,0,00202507000200,OG-001,offgrid
530700e8454c0b2678be10081df5ceca,2026-03-24 11:24:30,00202507001060,Off Grid,00073.08,00012.29,245.2,50.0,421.3,418.6,958,1073,0.0,0,0,0,245.2,50.0,2452,2359,22,230.0,47.8,48.0,230.0,47.8,50.0,11000,11000,48.0,57.6,57.6,Pylon,2.0,70.0,Appliance,Utility Solar Bat,Solar + Utility,6,53.0,451,2,0.0,Load on,2.5,Line Mode,1020500,0,00202507000200,OG-001,offgrid
59b38dd76f4cea20256c83c1f43116ce,2026-03-24 11:34:16,00202507001060,Off Grid,00073.08,00012.29,245.9,50.0,423.6,422.0,1757,1832,0.0,0,0,0,245.9,50.0,3934,3876,35,230.0,47.8,48.0,230.0,47.8,50.0,11000,11000,48.0,57.6,57.6,Pylon,2.0,70.0,Appliance,Utility Solar Bat,Solar + Utility,6,53.0,453,4,0.0,Load on,4.3,Line Mode,1020500,0,00202507000200,OG-001,offgrid
61a61676da8393794a6b866f5c8e9886,2026-03-24 11:39:10,00202507001060,Off Grid,00073.08,00012.29,245.3,50.0,412.3,428.1,1731,1507,0.0,0,0,0,245.3,50.0,3688,3560,33,230.0,47.8,48.0,230.0,47.8,50.0,11000,11000,48.0,57.6,57.6,Pylon,2.0,70.0,Appliance,Utility Solar Bat,Solar + Utility,6,53.0,450,4,0.0,Load on,3.5,Line Mode,1020500,0,00202507000200,OG-001,offgrid
50e930a50e21c01f24414ff60004b30d,2026-03-24 11:44:04,00202507001060,Off Grid,00073.08,00012.29,247.4,49.9,439.2,440.0,918,997,0.0,0,0,0,247.4,49.9,2252,2186,20,230.0,47.8,48.0,230.0,47.8,50.0,11000,11000,48.0,57.6,57.6,Pylon,2.0,70.0,Appliance,Utility Solar Bat,Solar + Utility,6,53.0,469,2,0.0,Load on,2.2,Line Mode,1020500,0,00202507000200,OG-001,offgrid
6b47a6b73eae179c70f0d18259eeb5c0,2026-03-24 11:48:56,00202507001060,Off Grid,00073.08,00012.29,246.8,50.0,437.0,441.2,1115,927,0.0,0,0,0,246.8,50.0,2324,2216,21,230.0,47.8,48.0,230.0,47.8,50.0,11000,11000,48.0,57.6,57.6,Pylon,2.0,70.0,Appliance,Utility Solar Bat,Solar + Utility,6,53.0,470,2,0.0,Load on,2.1,Line Mode,1020500,0,00202507000200,OG-001,offgrid
3f7b7ad6cf69f2207d5e826d907541fb,2026-03-24 11:53:46,00202507001060,Off Grid,00073.08,00012.29,247.3,50.0,443.5,432.2,1100,935,0.0,0,0,0,247.3,50.0,2398,2251,21,230.0,47.8,48.0,230.0,47.8,50.0,11000,11000,48.0,57.6,57.6,Pylon,2.0,70.0,Appliance,Utility Solar Bat,Solar + Utility,6,53.0,470,2,0.0,Load on,2.1,Line Mode,1020500,0,00202507000200,OG-001,offgrid
056aba2ffe031c5145667ef240fb50ae,2026-03-24 15:43:08,00202507001060,Off Grid,00073.08,00012.29,236.8,50.1,391.0,397.6,752,733,0.0,0,0,0,236.8,50.1,2651,2605,24,230.0,47.8,48.0,230.0,47.8,50.0,11000,11000,48.0,57.6,57.6,Pylon,2.0,70.0,Appliance,Utility Solar Bat,Solar + Utility,6,53.0,410,1,0.0,Load on,1.8,Line Mode,1026500,0,00202507000200,OG-001,offgrid
5c648734b40ccd731c753047437a7147,2026-03-24 15:48:00,00202507001060,Off Grid,00073.08,00012.29,240.5,50.1,383.9,396.7,801,798,0.0,0,0,0,240.5,50.1,2501,2410,22,230.0,47.8,48.0,230.0,47.8,50.0,11000,11000,48.0,57.6,57.6,Pylon,2.0,70.0,Appliance,Utility Solar Bat,Solar + Utility,6,53.0,402,2,0.0,Load on,2.0,Line Mode,1026500,0,00202507000200,OG-001,offgrid
0c9709c1a4767bec159c9b8ef45efd10,2026-03-24 15:52:51,00202507001060,Off Grid,00073.08,00012.29,241.0,50.1,389.9,397.6,813,789,0.0,0,0,0,241.0,50.1,2239,2116,20,230.0,47.8,48.0,230.0,47.8,50.0,11000,11000,48.0,57.6,57.6,Pylon,2.0,70.0,Appliance,Utility Solar Bat,Solar + Utility,6,53.0,406,2,0.0,Load on,1.9,Line Mode,1026500,0,00202507000200,OG-001,offgrid
401dcb5313b497fc1e3fad2b2641a7c7,2026-03-24 15:57:43,00202507001060,Off Grid,00073.08,00012.29,237.6,50.0,379.6,386.1,662,651,0.0,0,0,0,237.6,50.0,2262,2262,20,230.0,47.8,48.0,230.0,47.8,50.0,11000,11000,48.0,57.6,57.6,Pylon,2.0,70.0,Appliance,Utility Solar Bat,Solar + Utility,6,53.0,395,1,0.0,Load on,1.6,Line Mode,1026500,0,00202507000200,OG-001,offgrid
504f7a6f2200f62e757853b01cb7b5c6,2026-03-24 16:02:35,00202507001060,Off Grid,00073.08,00012.29,236.1,49.9,377.1,375.4,450,490,0.0,0,0,0,236.1,49.9,2006,1919,18,230.0,47.8,48.0,230.0,47.8,50.0,11000,11000,48.0,57.6,57.6,Pylon,2.0,70.0,Appliance,Utility Solar Bat,Solar + Utility,6,53.0,387,1,0.0,Load on,1.3,Line Mode,1026500,0,00202507000200,OG-001,offgrid
1e86c4d9c6a2b3d87cc113039a544a7d,2026-03-24 16:12:22,00202507001060,Off Grid,00073.08,00012.29,235.0,49.9,354.9,363.6,288,262,0.0,0,0,0,235.0,49.9,1949,1825,17,230.0,47.8,48.0,230.0,47.8,50.0,11000,11000,48.0,57.6,57.6,Pylon,2.0,70.0,Appliance,Utility Solar Bat,Solar + Utility,6,53.0,375,0,0.0,Load on,0.7,Line Mode,1026500,0,00202507000200,OG-001,offgrid
3a216dab96c4993649dc6a3be415e4cd,2026-03-24 16:17:14,00202507001060,Off Grid,00073.08,00012.29,235.1,50.0,366.0,372.7,235,214,0.0,0,0,0,235.1,50.0,2112,2058,19,230.0,47.8,48.0,230.0,47.8,50.0,11000,11000,48.0,57.6,57.6,Pylon,2.0,70.0,Appliance,Utility Solar Bat,Solar + Utility,6,53.0,381,0,0.0,Load on,0.5,Line Mode,1027700,0,00202507000200,OG-001,offgrid
0d7607b460f75c1f70e7f5772929c4e7,2026-03-24 16:22:07,00202507001060,Off Grid,00073.08,00012.29,235.3,49.9,356.7,370.1,240,219,0.0,0,0,0,235.3,49.9,2117,1977,19,230.0,47.8,48.0,230.0,47.8,50.0,11000,11000,48.0,57.6,57.6,Pylon,2.0,70.0,Appliance,Utility Solar Bat,Solar + Utility,6,53.0,380,0,0.0,Load on,0.5,Line Mode,1027700,0,00202507000200,OG-001,offgrid
7f5cbcec2dd0264339ddafc2da5f7860,2026-03-24 16:27:01,00202507001060,Off Grid,00073.08,00012.29,231.8,49.9,359.3,356.2,192,234,0.0,0,0,0,231.8,49.9,2433,2387,22,230.0,47.8,48.0,230.0,47.8,50.0,11000,11000,48.0,57.6,57.6,Pylon,2.0,70.0,Appliance,Utility Solar Bat,Solar + Utility,6,53.0,369,0,0.0,Load on,0.6,Line Mode,1027700,0,00202507000200,OG-001,offgrid
05f9781ec1fd70f5708f412743a69aa9,2026-03-24 16:31:53,00202507001060,Off Grid,00073.08,00012.29,232.6,49.9,90.0,90.9,38,51,0.0,0,0,0,232.6,49.9,2279,2205,20,230.0,47.8,48.0,230.0,47.8,50.0,11000,11000,48.0,57.6,57.6,Pylon,2.0,70.0,Appliance,Utility Solar Bat,Solar + Utility,6,53.0,365,0,0.0,Load on,0.5,Line Mode,1027700,0,00202507000200,OG-001,offgrid
20111f9e5df759902c6cfefc74fa4057,2026-03-24 16:36:44,00202507001060,Off Grid,00073.08,00012.29,223.9,49.8,90.0,90.0,32,44,0.0,0,0,0,223.9,49.8,3561,3561,32,230.0,47.8,48.0,230.0,47.8,50.0,11000,11000,48.0,57.6,57.6,Pylon,2.0,70.0,Appliance,Utility Solar Bat,Solar + Utility,6,53.0,352,0,0.0,Load on,0.4,Line Mode,1027700,0,00202507000200,OG-001,offgrid
7cee2889e2e0762e04974691b67d657b,2026-03-24 16:41:37,00202507001060,Off Grid,00073.08,00012.29,225.8,49.8,89.9,90.0,33,46,0.0,0,0,0,225.8,49.8,2212,2153,20,230.0,47.8,48.0,230.0,47.8,50.0,11000,11000,48.0,57.6,57.6,Pylon,2.0,70.0,Appliance,Utility Solar Bat,Solar + Utility,6,53.0,353,0,0.0,Load on,0.5,Line Mode,1027700,0,00202507000200,OG-001,offgrid
4d43a4ffc1b1533536e61922ced9173e,2026-03-24 16:51:22,00202507001060,Off Grid,00073.08,00012.29,230.4,49.9,94.6,102.8,71,61,0.0,0,0,0,230.4,49.9,2260,2260,20,230.0,47.8,48.0,230.0,47.8,50.0,11000,11000,48.0,57.6,57.6,Pylon,2.0,70.0,Appliance,Utility Solar Bat,Solar + Utility,6,53.0,361,0,0.0,Load on,0.5,Line Mode,1027700,0,00202507000200,OG-001,offgrid
4ceed1d678f4e11328ee14bc3b561ddb,2026-03-24 17:01:08,00202507001060,Off Grid,00073.08,00012.29,230.8,49.8,89.9,91.0,42,55,0.0,0,0,0,230.8,49.8,2583,2503,23,230.0,47.8,48.0,230.0,47.8,50.0,11000,11000,48.0,57.6,57.6,Pylon,2.0,70.0,Appliance,Utility Solar Bat,Solar + Utility,6,53.0,363,0,0.0,Load on,0.6,Line Mode,1027700,0,00202507000200,OG-001,offgrid
0218dc3ea5c5d4d227579d28a2a54839,2026-03-24 17:06:01,00202507001060,Off Grid,00073.08,00012.29,227.9,49.8,90.0,91.0,38,51,0.0,0,0,0,227.9,49.8,3173,3173,28,230.0,47.8,48.0,230.0,47.8,50.0,11000,11000,48.0,57.6,57.6,Pylon,2.0,70.0,Appliance,Utility Solar Bat,Solar + Utility,6,53.0,360,0,0.0,Load on,0.5,Line Mode,1027700,0,00202507000200,OG-001,offgrid
6fe52d9e1792c8265206744618cc1715,2026-03-24 17:10:52,00202507001060,Off Grid,00073.08,00012.29,225.0,49.9,89.9,90.0,36,49,0.0,0,0,0,225.0,49.9,3128,3128,28,230.0,47.8,48.0,230.0,47.8,50.0,11000,11000,48.0,57.6,57.6,Pylon,2.0,70.0,Appliance,Utility Solar Bat,Solar + Utility,6,53.0,354,0,0.0,Load on,0.5,Line Mode,1027700,0,00202507000200,OG-001,offgrid
68130ea272e020732b77895ba58950fd,2026-03-24 17:15:44,00202507001060,Off Grid,00073.08,00012.29,226.7,49.8,90.0,90.0,35,43,0.0,0,0,0,226.7,49.8,2724,2664,24,230.0,47.8,48.0,230.0,47.8,50.0,11000,11000,48.0,57.6,57.6,Pylon,2.0,70.0,Appliance,Utility Solar Bat,Solar + Utility,6,53.0,358,0,0.0,Load on,0.4,Line Mode,1027900,0,00202507000200,OG-001,offgrid
47529763c26b8b40647d2b3f72524a18,2026-03-24 17:20:36,00202507001060,Off Grid,00073.08,00012.29,226.4,49.9,90.0,89.9,24,38,0.0,0,0,0,226.4,49.9,2739,2708,24,230.0,47.8,48.0,230.0,47.8,50.0,11000,11000,48.0,57.6,57.6,Pylon,2.0,70.0,Appliance,Utility Solar Bat,Solar + Utility,6,53.0,356,0,0.0,Load on,0.4,Line Mode,1027900,0,00202507000200,OG-001,offgrid
0a539dbc7d8e0a030202428192396077,2026-03-24 17:25:29,00202507001060,Off Grid,00073.08,00012.29,223.9,49.8,90.0,90.0,15,28,0.0,0,0,0,223.9,49.8,2559,2526,23,230.0,47.8,48.0,230.0,47.8,50.0,11000,11000,48.0,57.6,57.6,Pylon,2.0,70.0,Appliance,Utility Solar Bat,Solar + Utility,6,53.0,353,0,0.0,Load on,0.3,Line Mode,1027900,0,00202507000200,OG-001,offgrid
238d3ceddc3884ad7233f91a6f4c4c5f,2026-03-24 17:30:23,00202507001060,Off Grid,00073.08,00012.29,223.1,49.9,89.9,89.7,14,27,0.0,0,0,0,223.1,49.9,2565,2518,23,230.0,47.8,48.0,230.0,47.8,50.0,11000,11000,48.0,57.6,57.6,Pylon,2.0,70.0,Appliance,Utility Solar Bat,Solar + Utility,6,53.0,351,0,0.0,Load on,0.3,Line Mode,1027900,0,00202507000200,OG-001,offgrid
525361dbb520676c4cb12db771e02fc3,2026-03-24 17:35:15,00202507001060,Off Grid,00073.08,00012.29,218.8,49.9,88.0,90.2,13,20,0.0,0,0,0,218.8,49.9,2559,2497,23,230.0,47.8,48.0,230.0,47.8,50.0,11000,11000,48.0,57.6,57.6,Pylon,2.0,70.0,Appliance,Utility Solar Bat,Solar + Utility,6,53.0,350,0,0.0,Load on,0.2,Line Mode,1027900,0,00202507000200,OG-001,offgrid
69d78d53acc771d05a89299fd4f76a90,2026-03-24 17:45:02,00202507001060,Off Grid,00073.08,00012.29,224.9,49.9,0.0,0.0,0,0,0.0,0,0,0,224.9,49.9,2684,2599,24,230.0,47.8,48.0,230.0,47.8,50.0,11000,11000,48.0,57.6,57.6,Pylon,2.0,70.0,Appliance,Utility Solar Bat,Solar + Utility,6,53.0,354,0,0.0,Load on,0.0,Line Mode,1027900,0,00202507000200,OG-001,offgrid
00263e1a02b3237e5481c799d13c0213,2026-03-24 17:49:55,00202507001060,Off Grid,00073.08,00012.29,224.1,49.9,0.0,0.0,0,0,0.0,0,0,0,224.1,49.9,2607,2551,23,230.0,47.8,48.0,230.0,47.8,50.0,11000,11000,48.0,57.6,57.6,Pylon,2.0,70.0,Appliance,Utility Solar Bat,Solar + Utility,6,53.0,353,0,0.0,Load on,0.0,Line Mode,1027900,0,00202507000200,OG-001,offgrid
340a34398d4620304fe6be0284de0cd1,2026-03-24 17:54:46,00202507001060,Off Grid,00073.08,00012.29,224.6,49.9,0.0,0.0,0,0,0.0,0,0,0,224.6,49.9,2695,2634,24,230.0,47.8,48.0,230.0,47.8,50.0,11000,11000,48.0,57.6,57.6,Pylon,2.0,70.0,Appliance,Utility Solar Bat,Solar + Utility,6,53.0,354,0,0.0,Load on,0.0,Line Mode,1027900,0,00202507000200,OG-001,offgrid
300344d2f0f0deb36a90e846fc01666c,2026-03-24 18:04:30,00202507001060,Off Grid,00073.08,00012.29,227.6,49.8,123.9,0.0,0,0,0.0,0,0,0,227.6,49.8,1817,1817,16,230.0,47.8,48.0,230.0,47.8,50.0,11000,11000,48.0,57.6,57.6,Pylon,2.0,70.0,Appliance,Utility Solar Bat,Solar + Utility,6,53.0,358,0,0.0,Load on,0.0,Line Mode,1027900,0,00202507000200,OG-001,offgrid
3a2e78ecae5b171a7c277b25eaf9ad12,2026-03-24 18:09:24,00202507001060,Off Grid,00073.08,00012.29,238.2,49.8,0.0,0.0,0,0,0.0,0,0,0,238.2,49.8,619,483,5,230.0,47.8,48.0,230.0,47.8,50.0,11000,11000,48.0,57.6,57.6,Pylon,2.0,70.0,Appliance,Utility Solar Bat,Solar + Utility,6,53.0,369,0,0.0,Load on,0.0,Line Mode,1027900,0,00202507000200,OG-001,offgrid
194cf68bf49b5ce90d65252efe2f0bab,2026-03-24 18:14:16,00202507001060,Off Grid,00073.08,00012.29,237.5,49.9,66.9,70.7,0,0,0.0,0,0,0,237.5,49.9,641,480,5,230.0,47.8,48.0,230.0,47.8,50.0,11000,11000,48.0,57.6,57.6,Pylon,2.0,70.0,Appliance,Utility Solar Bat,Solar + Utility,6,53.0,374,0,0.0,Load on,0.0,Line Mode,1027900,0,00202507000200,OG-001,offgrid
3731fc9a255202493d8a80c1f808e7ca,2026-03-24 18:19:09,00202507001060,Off Grid,00073.08,00012.29,221.7,50.1,0.0,60.0,0,0,0.0,0,0,0,221.7,50.1,3150,3150,28,230.0,47.8,48.0,230.0,47.8,50.0,11000,11000,48.0,57.6,57.6,Pylon,2.0,70.0,Appliance,Utility Solar Bat,Solar + Utility,6,53.0,350,0,0.0,Load on,0.0,Line Mode,1027900,0,00202507000200,OG-001,offgrid
568544e7a85a1d4f770509d8aa7e0d6e,2026-03-24 18:24:03,00202507001060,Off Grid,00073.08,00012.29,223.0,50.0,0.0,0.0,0,0,0.0,0,0,0,223.0,50.0,3411,3356,31,230.0,47.8,48.0,230.0,47.8,50.0,11000,11000,48.0,57.6,57.6,Pylon,2.0,70.0,Appliance,Utility Solar Bat,Solar + Utility,6,53.0,351,0,0.0,Load on,0.0,Line Mode,1027900,0,00202507000200,OG-001,offgrid
7af1023068fef5235c15ebbe68bdf373,2026-03-24 18:28:57,00202507001060,Off Grid,00073.08,00012.29,222.5,49.9,72.8,62.2,0,0,0.0,0,0,0,222.5,49.9,3115,3060,28,230.0,47.8,48.0,230.0,47.8,50.0,11000,11000,48.0,57.6,57.6,Pylon,2.0,70.0,Appliance,Utility Solar Bat,Solar + Utility,6,53.0,350,0,0.0,Load on,0.0,Line Mode,1027900,0,00202507000200,OG-001,offgrid
1d6be8df1bc5bd1506dd64dbff30a43d,2026-03-24 18:33:50,00202507001060,Off Grid,00073.08,00012.29,222.7,50.0,0.0,72.2,0,0,0.0,0,0,0,222.7,50.0,3162,3148,28,230.0,47.8,48.0,230.0,47.8,50.0,11000,11000,48.0,57.6,57.6,Pylon,2.0,70.0,Appliance,Utility Solar Bat,Solar + Utility,6,53.0,351,0,0.0,Load on,0.0,Line Mode,1027900,0,00202507000200,OG-001,offgrid
497c918e89ca8a6e2e20bd7c600a2075,2026-03-24 18:43:34,00202507001060,Off Grid,00073.08,00012.29,225.6,49.9,0.0,62.6,0,0,0.0,0,0,0,225.6,49.9,3176,3176,28,230.0,47.8,48.0,230.0,47.8,50.0,11000,11000,48.0,57.6,57.6,Pylon,2.0,70.0,Appliance,Utility Solar Bat,Solar + Utility,6,53.0,354,0,0.0,Load on,0.0,Line Mode,1027900,0,00202507000200,OG-001,offgrid
174fccb201696aab2e134f940dc6935a,2026-03-24 18:48:26,00202507001060,Off Grid,00073.08,00012.29,226.7,49.9,66.3,0.0,0,0,0.0,0,0,0,226.7,49.9,3180,3149,28,230.0,47.8,48.0,230.0,47.8,50.0,11000,11000,48.0,57.6,57.6,Pylon,2.0,70.0,Appliance,Utility Solar Bat,Solar + Utility,6,53.0,357,0,0.0,Load on,0.0,Line Mode,1027900,0,00202507000200,OG-001,offgrid
6f6b703623a0b5ed65a48f3ad8133195,2026-03-24 18:53:20,00202507001060,Off Grid,00073.08,00012.29,226.9,49.9,0.0,0.0,0,0,0.0,0,0,0,226.9,49.9,3244,3212,29,230.0,47.8,48.0,230.0,47.8,50.0,11000,11000,48.0,57.6,57.6,Pylon,2.0,70.0,Appliance,Utility Solar Bat,Solar + Utility,6,53.0,356,0,0.0,Load on,0.0,Line Mode,1027900,0,00202507000200,OG-001,offgrid
1050b4db6d9ba3c85274b5ca68aa0b2f,2026-03-24 18:58:13,00202507001060,Off Grid,00073.08,00012.29,226.0,50.0,0.0,64.4,0,0,0.0,0,0,0,226.0,50.0,3209,3165,29,230.0,47.8,48.0,230.0,47.8,50.0,11000,11000,48.0,57.6,57.6,Pylon,2.0,70.0,Appliance,Utility Solar Bat,Solar + Utility,6,53.0,355,0,0.0,Load on,0.0,Line Mode,1027900,0,00202507000200,OG-001,offgrid
430b548a1e57b59578da0fe68cc61bf8,2026-03-24 19:08:02,00202507001060,Off Grid,00073.08,00012.29,225.6,50.0,0.0,60.7,0,0,0.0,0,0,0,225.6,50.0,3180,3121,28,230.0,47.8,48.0,230.0,47.8,50.0,11000,11000,48.0,57.6,57.6,Pylon,2.0,70.0,Appliance,Utility Solar Bat,Solar + Utility,6,53.0,355,0,0.0,Load on,0.0,Line Mode,1027900,0,00202507000200,OG-001,offgrid
103ceb28bef235f2133610502e0c56ef,2026-03-24 19:12:55,00202507001060,Off Grid,00073.08,00012.29,225.6,50.0,0.0,0.0,0,0,0.0,0,0,0,225.6,50.0,3226,3185,29,230.0,47.8,48.0,230.0,47.8,50.0,11000,11000,48.0,57.6,57.6,Pylon,2.0,70.0,Appliance,Utility Solar Bat,Solar + Utility,6,53.0,355,0,0.0,Load on,0.0,Line Mode,1027900,0,00202507000200,OG-001,offgrid
50c96cc6163dfb7b6936d5f58f4ad57d,2026-03-24 19:17:48,00202507001060,Off Grid,00073.08,00012.29,223.2,49.9,0.0,0.0,0,0,0.0,0,0,0,223.2,49.9,3258,3212,29,230.0,47.8,48.0,230.0,47.8,50.0,11000,11000,48.0,57.6,57.6,Pylon,2.0,70.0,Appliance,Utility Solar Bat,Solar + Utility,6,53.0,351,0,0.0,Load on,0.0,Line Mode,1027900,0,00202507000200,OG-001,offgrid
5039308f6393bd3f0851eff79b667615,2026-03-24 19:22:39,00202507001060,Off Grid,00073.08,00012.29,223.8,49.9,0.0,0.0,0,0,0.0,0,0,0,223.8,49.9,3446,3379,31,230.0,47.8,48.0,230.0,47.8,50.0,11000,11000,48.0,57.6,57.6,Pylon,2.0,70.0,Appliance,Utility Solar Bat,Solar + Utility,6,53.0,352,0,0.0,Load on,0.0,Line Mode,1027900,0,00202507000200,OG-001,offgrid
2458d563a7f54ad842f19fb62c052404,2026-03-24 19:27:33,00202507001060,Off Grid,00073.08,00012.29,225.8,50.0,0.0,0.0,0,0,0.0,0,0,0,225.8,50.0,3206,3174,29,230.0,47.8,48.0,230.0,47.8,50.0,11000,11000,48.0,57.6,57.6,Pylon,2.0,70.0,Appliance,Utility Solar Bat,Solar + Utility,6,53.0,354,0,0.0,Load on,0.0,Line Mode,1027900,0,00202507000200,OG-001,offgrid
6e86d51d95d968b37d8b79d1da39e6f2,2026-03-24 19:32:26,00202507001060,Off Grid,00073.08,00012.29,222.3,49.9,0.0,0.0,0,0,0.0,0,0,0,222.3,49.9,3209,3104,29,230.0,47.8,48.0,230.0,47.8,50.0,11000,11000,48.0,57.6,57.6,Pylon,2.0,70.0,Appliance,Utility Solar Bat,Solar + Utility,6,53.0,350,0,0.0,Load on,0.0,Line Mode,1027900,0,00202507000200,OG-001,offgrid
07fae8d77b12b82d1ed20500054c095c,2026-03-24 19:37:21,00202507001060,Off Grid,00073.08,00012.29,215.1,49.9,0.0,0.0,0,0,0.0,0,0,0,215.1,49.9,4388,4369,39,230.0,47.8,48.0,230.0,47.8,50.0,11000,11000,48.0,57.6,57.6,Pylon,2.0,70.0,Appliance,Utility Solar Bat,Solar + Utility,6,53.0,350,0,0.0,Load on,0.0,Line Mode,1027900,0,00202507000200,OG-001,offgrid
38fb929a22d8ba286bd01e40c16b17b7,2026-03-24 19:42:16,00202507001060,Off Grid,00073.08,00012.29,222.0,50.0,0.0,0.0,0,0,0.0,0,0,0,222.0,50.0,3219,3175,29,230.0,47.8,48.0,230.0,47.8,50.0,11000,11000,48.0,57.6,57.6,Pylon,2.0,70.0,Appliance,Utility Solar Bat,Solar + Utility,6,53.0,351,0,0.0,Load on,0.0,Line Mode,1027900,0,00202507000200,OG-001,offgrid
31c4755c6ef509c66f8c53bb902e84c1,2026-03-24 19:47:09,00202507001060,Off Grid,00073.08,00012.29,224.0,49.9,0.0,0.0,0,0,0.0,0,0,0,224.0,49.9,3198,3115,29,230.0,47.8,48.0,230.0,47.8,50.0,11000,11000,48.0,57.6,57.6,Pylon,2.0,70.0,Appliance,Utility Solar Bat,Solar + Utility,6,53.0,352,0,0.0,Load on,0.0,Line Mode,1027900,0,00202507000200,OG-001,offgrid
77548a90419cdeb60b99de398908e7bd,2026-03-24 19:52:01,00202507001060,Off Grid,00073.08,00012.29,223.9,50.0,0.0,0.0,0,0,0.0,0,0,0,223.9,50.0,3281,3237,29,230.0,47.8,48.0,230.0,47.8,50.0,11000,11000,48.0,57.6,57.6,Pylon,2.0,70.0,Appliance,Utility Solar Bat,Solar + Utility,6,53.0,352,0,0.0,Load on,0.0,Line Mode,1027900,0,00202507000200,OG-001,offgrid
7fee72f6b60d694b62a69a3b31a80704,2026-03-24 20:40:52,00202507001060,Off Grid,00073.08,00012.29,220.9,50.0,0.0,0.0,0,0,0.0,0,0,0,220.9,50.0,3291,3197,29,230.0,47.8,48.0,230.0,47.8,50.0,11000,11000,48.0,57.6,57.6,Pylon,2.0,70.0,Appliance,Utility Solar Bat,Solar + Utility,6,53.0,350,0,0.0,Load on,0.0,Line Mode,1027900,0,00202507000200,OG-001,offgrid
6e5d821bda9f97cc4fd8b3174e2d1bf7,2026-03-24 22:02:35,00202507001060,Off Grid,00073.08,00012.29,224.3,50.0,0.0,0.0,0,0,0.0,0,0,0,224.3,50.0,3207,3158,29,230.0,47.8,48.0,230.0,47.8,50.0,11000,11000,48.0,57.6,57.6,Pylon,2.0,70.0,Appliance,Utility Solar Bat,Solar + Utility,6,53.0,353,0,0.0,Load on,0.0,Line Mode,1027900,0,00202507000200,OG-001,offgrid
43e47c992f9695b0510f2a1883cb7268,2026-03-24 22:36:59,00202507001060,Off Grid,00073.08,00012.29,224.2,50.0,0.0,0.0,0,0,0.0,0,0,0,224.2,50.0,3721,3641,33,230.0,47.8,48.0,230.0,47.8,50.0,11000,11000,48.0,57.6,57.6,Pylon,2.0,70.0,Appliance,Utility Solar Bat,Solar + Utility,6,53.0,352,0,0.0,Load on,0.0,Line Mode,1027900,0,00202507000200,OG-001,offgrid
35bfccce4e3ce61750bf54fb97340878,2026-03-24 23:50:32,00202507001060,Off Grid,00073.08,00012.29,232.7,50.0,0.0,0.0,0,0,0.0,0,0,0,232.7,50.0,3211,3141,29,230.0,47.8,48.0,230.0,47.8,50.0,11000,11000,48.0,57.6,57.6,Pylon,2.0,70.0,Appliance,Utility Solar Bat,Solar + Utility,6,53.0,366,0,0.0,Load on,0.0,Line Mode,1027900,0,00202507000200,OG-001,offgrid
281a4ad0ddc25838753ec565bfb3bc6b,2026-03-25 00:39:32,00202507001060,Off Grid,00073.08,00012.29,231.4,49.9,0.0,0.0,0,0,0.0,0,0,0,231.4,49.9,3609,3546,32,230.0,47.8,48.0,230.0,47.8,50.0,11000,11000,48.0,57.6,57.6,Pylon,2.0,70.0,Appliance,Utility Solar Bat,Solar + Utility,6,53.0,364,0,0.0,Load on,0.0,Line Mode,1027900,0,00202507000200,OG-001,offgrid
6fb2ed642b36508d16036175f8832173,2026-03-25 01:48:10,00202507001060,Off Grid,00073.08,00012.29,229.5,50.0,60.0,61.8,0,0,0.0,0,0,0,229.5,50.0,3832,3827,34,230.0,47.8,48.0,230.0,47.8,50.0,11000,11000,48.0,57.6,57.6,Pylon,2.0,70.0,Appliance,Utility Solar Bat,Solar + Utility,6,53.0,361,0,0.0,Load on,0.0,Line Mode,1027900,0,00202507000200,OG-001,offgrid
659e913d5c7b780746f979af8aa57ae8,2026-03-25 02:46:52,00202507001060,Off Grid,00073.08,00012.29,220.2,49.9,0.0,0.0,0,0,0.0,0,0,0,220.2,49.9,5458,5446,49,230.0,47.8,48.0,230.0,47.8,50.0,11000,11000,48.0,57.6,57.6,Pylon,2.0,70.0,Appliance,Utility Solar Bat,Solar + Utility,6,53.0,350,0,0.0,Load on,0.0,Line Mode,1027900,0,00202507000200,OG-001,offgrid
670a87597a2ac8821ed0c438806f2dc6,2026-03-25 03:35:48,00202507001060,Off Grid,00073.08,00012.29,220.7,49.9,0.0,0.0,0,0,0.0,0,0,0,220.7,49.9,5571,5555,50,230.0,47.8,48.0,230.0,47.8,50.0,11000,11000,48.0,57.6,57.6,Pylon,2.0,70.0,Appliance,Utility Solar Bat,Solar + Utility,6,53.0,350,0,0.0,Load on,0.0,Line Mode,1027900,0,00202507000200,OG-001,offgrid
12eadcc681930d0e4956798e008d9d35,2026-03-25 03:40:41,00202507001060,Off Grid,00073.08,00012.29,221.5,50.0,0.0,0.0,0,0,0.0,0,0,0,221.5,50.0,5448,5438,49,230.0,47.8,48.0,230.0,47.8,50.0,11000,11000,48.0,57.6,57.6,Pylon,2.0,70.0,Appliance,Utility Solar Bat,Solar + Utility,6,53.0,350,0,0.0,Load on,0.0,Line Mode,1027900,0,00202507000200,OG-001,offgrid
1bfb42c98844c1053257427509ced907,2026-03-25 04:39:27,00202507001060,Off Grid,00073.08,00012.29,217.8,49.9,0.0,0.0,0,0,0.0,0,0,0,217.8,49.9,5861,5767,53,230.0,47.8,48.0,230.0,47.8,50.0,11000,11000,48.0,57.6,57.6,Pylon,2.0,70.0,Appliance,Utility Solar Bat,Solar + Utility,6,53.0,350,0,0.0,Load on,0.0,Line Mode,1027900,0,00202507000200,OG-001,offgrid
78fc7da28bdb68a01e2fbdd8723e91f1,2026-03-25 05:43:07,00202507001060,Off Grid,00073.08,00012.29,230.8,49.9,0.0,0.0,0,0,0.0,0,0,0,230.8,49.9,3633,3633,33,230.0,47.8,48.0,230.0,47.8,50.0,11000,11000,48.0,57.6,57.6,Pylon,2.0,70.0,Appliance,Utility Solar Bat,Solar + Utility,6,53.0,362,0,0.0,Load on,0.0,Line Mode,1027900,0,00202507000200,OG-001,offgrid
7a1c52e717aed83d1d415e9ef4d72695,2026-03-25 06:41:48,00202507001060,Off Grid,00073.08,00012.29,208.9,50.0,95.9,102.7,89,76,0.0,0,0,0,208.9,50.0,6287,6287,57,230.0,47.8,48.0,230.0,47.8,50.0,11000,11000,48.0,57.6,57.6,Pylon,2.0,70.0,Appliance,Utility Solar Bat,Solar + Utility,6,53.0,350,0,0.0,Load on,0.7,Line Mode,1028000,0,00202507000200,OG-001,offgrid
1398b35c12340a5521e62b7d5e39519d,2026-03-25 07:45:30,00202507001060,Off Grid,00073.08,00012.29,221.4,49.9,398.5,387.3,793,814,0.0,0,0,0,221.4,49.9,5291,5279,48,230.0,47.8,48.0,230.0,47.8,50.0,11000,11000,48.0,57.6,57.6,Pylon,2.0,70.0,Appliance,Utility Solar Bat,Solar + Utility,6,53.0,408,1,0.0,Load on,2.1,Line Mode,1028100,0,00202507000200,OG-001,offgrid
4384712484a57e071a56b9fcaf3d45ed,2026-03-25 08:44:13,00202507001060,Off Grid,00073.08,00012.29,234.0,50.0,395.5,405.7,1604,1506,0.0,0,0,0,234.0,50.0,5505,5468,50,230.0,47.8,48.0,230.0,47.8,50.0,11000,11000,48.0,57.6,57.6,Pylon,2.0,70.0,Appliance,Utility Solar Bat,Solar + Utility,6,53.0,414,4,0.0,Load on,3.7,Line Mode,1029600,0,00202507000200,OG-001,offgrid
1855fd70a55afbcd40d7999e21d3bb4c,2026-03-25 08:49:04,00202507001060,Off Grid,00073.08,00012.29,233.1,49.9,394.9,363.5,1420,1371,0.0,0,0,0,233.1,49.9,5349,5314,48,230.0,47.8,48.0,230.0,47.8,50.0,11000,11000,48.0,57.6,57.6,Pylon,2.0,70.0,Appliance,Utility Solar Bat,Solar + Utility,6,53.0,404,3,0.0,Load on,3.7,Line Mode,1029600,0,00202507000200,OG-001,offgrid
0df058665c9e8e0849039f7410df1886,2026-03-25 08:53:59,00202507001060,Off Grid,00073.08,00012.29,230.8,49.9,394.5,408.3,1325,1257,0.0,0,0,0,230.8,49.9,5333,5238,48,230.0,47.8,48.0,230.0,47.8,50.0,11000,11000,48.0,57.6,57.6,Pylon,2.0,70.0,Appliance,Utility Solar Bat,Solar + Utility,6,53.0,417,3,0.0,Load on,3.0,Line Mode,1029600,0,00202507000200,OG-001,offgrid
1c26b561a6045bf81cfd77ffe0fe9881,2026-03-25 08:58:54,00202507001060,Off Grid,00073.08,00012.29,234.1,49.8,393.9,387.0,1259,1267,0.0,0,0,0,234.1,49.8,4916,4902,44,230.0,47.8,48.0,230.0,47.8,50.0,11000,11000,48.0,57.6,57.6,Pylon,2.0,70.0,Appliance,Utility Solar Bat,Solar + Utility,6,53.0,403,3,0.0,Load on,3.2,Line Mode,1029600,0,00202507000200,OG-001,offgrid
096ab182ccbf298c5f0e8eae5473b2ab,2026-03-25 09:03:46,00202507001060,Off Grid,00073.08,00012.29,237.3,50.0,399.8,408.3,1295,1258,0.0,0,0,0,237.3,50.0,4375,4375,39,230.0,47.8,48.0,230.0,47.8,50.0,11000,11000,48.0,57.6,57.6,Pylon,2.0,70.0,Appliance,Utility Solar Bat,Solar + Utility,6,53.0,419,3,0.0,Load on,3.0,Line Mode,1029600,0,00202507000200,OG-001,offgrid
2617e0e4ced5761114273c0284f61dd4,2026-03-25 09:13:55,00202507001060,Off Grid,00073.08,00012.29,235.3,49.8,385.1,389.8,1188,1183,0.0,0,0,0,235.3,49.8,4517,4465,41,230.0,47.8,48.0,230.0,47.8,50.0,11000,11000,48.0,57.6,57.6,Pylon,2.0,70.0,Appliance,Utility Solar Bat,Solar + Utility,6,53.0,399,3,0.0,Load on,3.0,Line Mode,1029600,0,00202507000200,OG-001,offgrid
4266fa6700f6269d4065e0b41c8662e8,2026-03-25 09:18:51,00202507001060,Off Grid,00073.08,00012.29,229.6,49.9,372.3,377.9,810,801,0.0,0,0,0,229.6,49.9,5013,5013,45,230.0,47.8,48.0,230.0,47.8,50.0,11000,11000,48.0,57.6,57.6,Pylon,2.0,70.0,Appliance,Utility Solar Bat,Solar + Utility,6,53.0,388,2,0.0,Load on,2.1,Line Mode,1032800,0,00202507000200,OG-001,offgrid
673b24e5e5b004fa4758250e11c2d69d,2026-03-25 09:33:43,00202507001060,Off Grid,00073.08,00012.29,239.1,50.0,391.6,394.7,1296,1293,0.0,0,0,0,239.1,50.0,4300,4241,39,230.0,47.8,48.0,230.0,47.8,50.0,11000,11000,48.0,57.6,57.6,Pylon,2.0,70.0,Appliance,Utility Solar Bat,Solar + Utility,6,53.0,403,3,0.0,Load on,3.2,Line Mode,1032800,0,00202507000200,OG-001,offgrid
0327e227e5f8543c600ec1793ad20edd,2026-03-25 09:38:40,00202507001060,Off Grid,00073.08,00012.29,233.7,50.0,386.6,390.2,877,877,0.0,0,0,0,233.7,50.0,4790,4733,43,230.0,47.8,48.0,230.0,47.8,50.0,11000,11000,48.0,57.6,57.6,Pylon,2.0,70.0,Appliance,Utility Solar Bat,Solar + Utility,6,53.0,399,2,0.0,Load on,2.2,Line Mode,1032800,0,00202507000200,OG-001,offgrid
38414a6bd54263797bab2c8938335d01,2026-03-25 09:43:37,00202507001060,Off Grid,00073.08,00012.29,227.2,50.0,379.3,381.7,645,644,0.0,0,0,0,227.2,50.0,5248,5208,47,230.0,47.8,48.0,230.0,47.8,50.0,11000,11000,48.0,57.6,57.6,Pylon,2.0,70.0,Appliance,Utility Solar Bat,Solar + Utility,6,53.0,394,1,0.0,Load on,1.6,Line Mode,1032800,0,00202507000200,OG-001,offgrid
6f0fcc087becf08a09b6f6e39306da77,2026-03-25 10:03:35,00202507001060,Off Grid,00073.08,00012.29,218.0,49.8,367.6,374.2,320,306,0.0,0,0,0,218.0,49.8,5646,5611,51,230.0,47.8,48.0,230.0,47.8,50.0,11000,11000,48.0,57.6,57.6,Pylon,2.0,70.0,Appliance,Utility Solar Bat,Solar + Utility,6,53.0,384,0,0.0,Load on,0.8,Line Mode,1032800,0,00202507000200,OG-001,offgrid
2628f1b26e1c5dbe323680df3706b197,2026-03-25 12:37:41,00202507001060,Off Grid,00073.08,00012.29,220.5,49.9,436.6,438.2,66,80,0.0,0,0,0,220.5,49.9,4101,4101,37,230.0,47.8,48.0,230.0,47.8,50.0,11000,11000,48.0,57.6,57.6,Pylon,2.0,70.0,Appliance,Utility Solar Bat,Solar + Utility,6,53.0,499,0,0.0,Load on,0.1,Line Mode,1034300,0,00202507000200,OG-001,offgrid
10fc8407ae73d00c43efe20783c32905,2026-03-25 12:42:41,00202507001060,Off Grid,00073.08,00012.29,230.8,49.9,442.0,442.9,68,82,0.0,0,0,0,0.0,0.0,0,0,0,230.0,47.8,48.0,230.0,47.8,50.0,11000,11000,48.0,57.6,57.6,Pylon,2.0,70.0,Appliance,Utility Solar Bat,Solar + Utility,6,53.0,492,0,0.0,Load off,0.1,Fault Mode,1034400,08,00202507000200,OG-001,offgrid
3a00b697f8faa4c73e4035fa40314bb6,2026-03-25 12:47:43,00202507001060,Off Grid,00073.08,00012.29,234.1,49.8,453.1,453.7,70,84,0.0,0,0,0,0.0,0.0,0,0,0,230.0,47.8,48.0,230.0,47.8,50.0,11000,11000,48.0,57.6,57.6,Pylon,2.0,70.0,Appliance,Utility Solar Bat,Solar + Utility,6,53.0,457,0,0.0,Load off,0.1,Fault Mode,1034400,08,00202507000200,OG-001,offgrid
38c84f2ca800776a0aa846f5665b62ac,2026-03-25 12:52:41,00202507001060,Off Grid,00073.08,00012.29,234.9,49.8,457.1,459.3,69,84,0.0,0,0,0,0.0,0.0,0,0,0,230.0,47.8,48.0,230.0,47.8,50.0,11000,11000,48.0,57.6,57.6,Pylon,2.0,70.0,Appliance,Utility Solar Bat,Solar + Utility,6,53.0,461,0,0.0,Load off,0.1,Fault Mode,1034400,08,00202507000200,OG-001,offgrid
79f3975b40fa390529e2902a0c645c0e,2026-03-25 13:02:41,00202507001060,Off Grid,00073.08,00012.29,216.1,50.0,438.4,438.4,67,80,0.0,0,0,0,0.0,0.0,0,0,0,230.0,47.8,48.0,230.0,47.8,50.0,11000,11000,48.0,57.6,57.6,Pylon,2.0,70.0,Appliance,Utility Solar Bat,Solar + Utility,6,53.0,442,0,0.0,Load off,0.1,Fault Mode,1034400,08,00202507000200,OG-001,offgrid
632d7a4cc697aaad6079451c48e79c61,2026-03-25 13:07:40,00202507001060,Off Grid,00073.08,00012.29,227.2,49.8,445.7,446.0,68,82,0.0,0,0,0,0.0,0.0,0,0,0,230.0,47.8,48.0,230.0,47.8,50.0,11000,11000,48.0,57.6,57.6,Pylon,2.0,70.0,Appliance,Utility Solar Bat,Solar + Utility,6,53.0,450,0,0.0,Load off,0.1,Fault Mode,1034400,08,00202507000200,OG-001,offgrid
4c02aaa222214856215d49201805999e,2026-03-25 13:12:39,00202507001060,Off Grid,00073.08,00012.29,230.4,49.8,456.3,456.6,69,84,0.0,0,0,0,0.0,0.0,0,0,0,230.0,47.8,48.0,230.0,47.8,50.0,11000,11000,48.0,57.6,57.6,Pylon,2.0,70.0,Appliance,Utility Solar Bat,Solar + Utility,6,53.0,460,0,0.0,Load off,0.1,Fault Mode,1034400,08,00202507000200,OG-001,offgrid
2d32a92cf73c0a10048cee98e5624a32,2026-03-25 13:22:40,00202507001060,Off Grid,00073.08,00012.29,222.7,50.0,462.1,462.6,70,86,0.0,0,0,0,0.0,0.0,0,0,0,230.0,47.8,48.0,230.0,47.8,50.0,11000,11000,48.0,57.6,57.6,Pylon,2.0,70.0,Appliance,Utility Solar Bat,Solar + Utility,6,53.0,466,0,0.0,Load off,0.1,Fault Mode,1034500,08,00202507000200,OG-001,offgrid
47387a67dbc799543573ff9f9590de0d,2026-03-25 13:27:38,00202507001060,Off Grid,00073.08,00012.29,223.5,50.0,462.4,462.6,70,87,0.0,0,0,0,0.0,0.0,0,0,0,230.0,47.8,48.0,230.0,47.8,50.0,11000,11000,48.0,57.6,57.6,Pylon,2.0,70.0,Appliance,Utility Solar Bat,Solar + Utility,6,53.0,467,0,0.0,Load off,0.1,Fault Mode,1034500,08,00202507000200,OG-001,offgrid
33f8f54a1787a562027cd1b8a8728738,2026-03-25 13:32:36,00202507001060,Off Grid,00073.08,00012.29,224.9,50.0,452.9,453.2,69,85,0.0,0,0,0,0.0,0.0,0,0,0,230.0,47.8,48.0,230.0,47.8,50.0,11000,11000,48.0,57.6,57.6,Pylon,2.0,70.0,Appliance,Utility Solar Bat,Solar + Utility,6,53.0,457,0,0.0,Load off,0.1,Fault Mode,1034500,08,00202507000200,OG-001,offgrid
590300507a9d0b9d46f56009038617f3,2026-03-25 13:37:36,00202507001060,Off Grid,00073.08,00012.29,219.6,50.0,444.8,445.0,67,82,0.0,0,0,0,0.0,0.0,0,0,0,230.0,47.8,48.0,230.0,47.8,50.0,11000,11000,48.0,57.6,57.6,Pylon,2.0,70.0,Appliance,Utility Solar Bat,Solar + Utility,6,53.0,449,0,0.0,Load off,0.1,Fault Mode,1034500,08,00202507000200,OG-001,offgrid
4ac88a1a315a1b502493c3636db1dccf,2026-03-25 18:05:06,00202507001060,Off Grid,00073.08,00012.29,226.2,49.8,0.0,0.0,0,0,0.0,0,0,0,226.2,49.8,2397,2386,21,230.0,47.8,48.0,230.0,47.8,50.0,11000,11000,48.0,57.6,57.6,Pylon,2.0,70.0,Appliance,Utility Solar Bat,Solar + Utility,6,53.0,355,0,0.0,Load on,0.0,Line Mode,1035200,0,00202507000200,OG-001,offgrid
3a40194c3e8b39d71db9d00049545d4a,2026-03-25 18:39:59,00202507001060,Off Grid,00073.08,00012.29,220.3,50.0,0.0,0.0,0,0,0.0,0,0,0,220.3,50.0,3743,3743,34,230.0,47.8,48.0,230.0,47.8,50.0,11000,11000,48.0,57.6,57.6,Pylon,2.0,70.0,Appliance,Utility Solar Bat,Solar + Utility,6,53.0,350,0,0.0,Load on,0.0,Line Mode,1035200,0,00202507000200,OG-001,offgrid
0e186582a8e9a33f059ffd0bb794b0ce,2026-03-25 18:49:58,00202507001060,Off Grid,00073.08,00012.29,218.7,49.9,0.0,0.0,0,0,0.0,0,0,0,218.7,49.9,3670,3629,33,230.0,47.8,48.0,230.0,47.8,50.0,11000,11000,48.0,57.6,57.6,Pylon,2.0,70.0,Appliance,Utility Solar Bat,Solar + Utility,6,53.0,350,0,0.0,Load on,0.0,Line Mode,1035200,0,00202507000200,OG-001,offgrid
2960501240065bc65fbc01a53cdb2dbb,2026-03-25 18:54:56,00202507001060,Off Grid,00073.08,00012.29,220.1,49.9,0.0,0.0,0,0,0.0,0,0,0,220.1,49.9,3207,3137,29,230.0,47.8,48.0,230.0,47.8,50.0,11000,11000,48.0,57.6,57.6,Pylon,2.0,70.0,Appliance,Utility Solar Bat,Solar + Utility,6,53.0,350,0,0.0,Load on,0.0,Line Mode,1035200,0,00202507000200,OG-001,offgrid
4e0feece19fea9b92dd69af7342d1ce9,2026-03-25 20:12:59,00202507001060,Off Grid,00073.08,00012.29,222.1,49.8,0.0,0.0,0,0,0.0,0,0,0,222.1,49.8,1809,1809,16,230.0,47.8,48.0,230.0,47.8,50.0,11000,11000,48.0,57.6,57.6,Pylon,2.0,10.0,Appliance,Utility Solar Bat,Solar + Utility,6,53.0,350,0,0.0,Load on,0.0,Line Mode,1035200,0,00202507000200,OG-001,offgrid
514ff4e7f6d018da73f269e73a024855,2026-03-25 20:17:59,00202507001060,Off Grid,00073.08,00012.29,228.4,49.9,0.0,0.0,0,0,0.0,0,0,0,228.4,49.9,593,540,5,230.0,47.8,48.0,230.0,47.8,50.0,11000,11000,48.0,57.6,57.6,Pylon,2.0,10.0,Appliance,Utility Solar Bat,Solar + Utility,6,53.0,359,0,0.0,Load on,0.0,Line Mode,1035200,0,00202507000200,OG-001,offgrid
2c498b1b72540aec1feb4abfd15d75ed,2026-03-25 20:23:01,00202507001060,Off Grid,00073.08,00012.29,228.1,50.1,0.0,0.0,0,0,0.0,0,0,0,228.1,50.1,637,542,5,230.0,47.8,48.0,230.0,47.8,50.0,11000,11000,48.0,57.6,57.6,Pylon,2.0,10.0,Appliance,Utility Solar Bat,Solar + Utility,6,53.0,358,0,0.0,Load on,0.0,Line Mode,1035200,0,00202507000200,OG-001,offgrid
2704008cfcbd98a44d958fcc70c49760,2026-03-25 20:28:02,00202507001060,Off Grid,00073.08,00012.29,231.5,49.9,0.0,0.0,0,0,0.0,0,0,0,231.5,49.9,694,549,6,230.0,47.8,48.0,230.0,47.8,50.0,11000,11000,48.0,57.6,57.6,Pylon,2.0,10.0,Appliance,Utility Solar Bat,Solar + Utility,6,53.0,364,0,0.0,Load on,0.0,Line Mode,1035200,0,00202507000200,OG-001,offgrid
69e6218e097f9bba6d38bee59c765c1d,2026-03-25 20:33:06,00202507001060,Off Grid,00073.08,00012.29,223.3,49.9,0.0,0.0,0,0,0.0,0,0,0,223.3,49.9,3010,2984,27,230.0,47.8,48.0,230.0,47.8,50.0,11000,11000,48.0,57.6,57.6,Pylon,2.0,10.0,Appliance,Utility Solar Bat,Solar + Utility,6,53.0,350,0,0.0,Load on,0.0,Line Mode,1035200,0,00202507000200,OG-001,offgrid
3d4fc0678431c6b028459d02d484c924,2026-03-25 20:38:09,00202507001060,Off Grid,00073.08,00012.29,223.1,50.0,0.0,0.0,0,0,0.0,0,0,0,223.1,50.0,3242,3199,29,230.0,47.8,48.0,230.0,47.8,50.0,11000,11000,48.0,57.6,57.6,Pylon,2.0,10.0,Appliance,Utility Solar Bat,Solar + Utility,6,53.0,351,0,0.0,Load on,0.0,Line Mode,1035200,0,00202507000200,OG-001,offgrid
4f9896aec917ea59546ff9e043b0293c,2026-03-25 20:43:09,00202507001060,Off Grid,00073.08,00012.29,223.9,50.1,0.0,0.0,0,0,0.0,0,0,0,223.9,50.1,3229,3135,29,230.0,47.8,48.0,230.0,47.8,50.0,11000,11000,48.0,57.6,57.6,Pylon,2.0,10.0,Appliance,Utility Solar Bat,Solar + Utility,6,53.0,352,0,0.0,Load on,0.0,Line Mode,1035200,0,00202507000200,OG-001,offgrid
691c94156ff0183260232d746c8c5175,2026-03-25 21:23:24,00202507001060,Off Grid,00073.08,00012.29,219.6,50.0,0.0,0.0,0,0,0.0,0,0,0,219.6,50.0,4450,4440,40,230.0,47.8,48.0,230.0,47.8,50.0,11000,11000,48.0,57.6,57.6,Pylon,2.0,10.0,Appliance,Utility Solar Bat,Solar + Utility,6,53.0,350,0,0.0,Load on,0.0,Line Mode,1035200,0,00202507000200,OG-001,offgrid
68850ce2d31758c206e1ce9320ac4f10,2026-03-25 21:38:33,00202507001060,Off Grid,00073.08,00012.29,227.4,49.9,0.0,0.0,0,0,0.0,0,0,0,227.4,49.9,3187,3126,28,230.0,47.8,48.0,230.0,47.8,50.0,11000,11000,48.0,57.6,57.6,Pylon,2.0,10.0,Appliance,Utility Solar Bat,Solar + Utility,6,53.0,358,0,0.0,Load on,0.0,Line Mode,1035200,0,00202507000200,OG-001,offgrid
49ce0820e3dcaa055afe99c14bd35418,2026-03-25 22:13:44,00202507001060,Off Grid,00073.08,00012.29,227.1,50.1,0.0,0.0,0,0,0.0,0,0,0,227.1,50.1,3179,3136,28,230.0,47.8,48.0,230.0,47.8,50.0,11000,11000,48.0,57.6,57.6,Pylon,2.0,10.0,Appliance,Utility Solar Bat,Solar + Utility,6,53.0,357,0,0.0,Load on,0.0,Line Mode,1035200,0,00202507000200,OG-001,offgrid
46279dfe948e825756ca0e9a56925769,2026-03-25 22:18:41,00202507001060,Off Grid,00073.08,00012.29,229.6,49.9,0.0,0.0,0,0,0.0,0,0,0,229.6,49.9,3145,3127,28,230.0,47.8,48.0,230.0,47.8,50.0,11000,11000,48.0,57.6,57.6,Pylon,2.0,10.0,Appliance,Utility Solar Bat,Solar + Utility,6,53.0,361,0,0.0,Load on,0.0,Line Mode,1035200,0,00202507000200,OG-001,offgrid
74ead4f99c39a9010c0e21f20002d9a0,2026-03-25 22:23:40,00202507001060,Off Grid,00073.08,00012.29,229.7,50.0,0.0,0.0,0,0,0.0,0,0,0,229.7,50.0,3109,3109,28,230.0,47.8,48.0,230.0,47.8,50.0,11000,11000,48.0,57.6,57.6,Pylon,2.0,10.0,Appliance,Utility Solar Bat,Solar + Utility,6,53.0,361,0,0.0,Load on,0.0,Line Mode,1035200,0,00202507000200,OG-001,offgrid
051d872819e7814b6386beba57c045ae,2026-03-25 22:33:42,00202507001060,Off Grid,00073.08,00012.29,226.0,50.0,0.0,0.0,0,0,0.0,0,0,0,226.0,50.0,3730,3730,33,230.0,47.8,48.0,230.0,47.8,50.0,11000,11000,48.0,57.6,57.6,Pylon,2.0,10.0,Appliance,Utility Solar Bat,Solar + Utility,6,53.0,356,0,0.0,Load on,0.0,Line Mode,1035200,0,00202507000200,OG-001,offgrid
3af9237f093506157ab3b6626278d147,2026-03-25 22:43:47,00202507001060,Off Grid,00073.08,00012.29,229.5,50.0,0.0,0.0,0,0,0.0,0,0,0,229.5,50.0,3615,3604,32,230.0,47.8,48.0,230.0,47.8,50.0,11000,11000,48.0,57.6,57.6,Pylon,2.0,10.0,Appliance,Utility Solar Bat,Solar + Utility,6,53.0,360,0,0.0,Load on,0.0,Line Mode,1035200,0,00202507000200,OG-001,offgrid
1cc85be82a9b7c6405944c33ff5438ca,2026-03-25 22:48:48,00202507001060,Off Grid,00073.08,00012.29,232.9,50.1,0.0,0.0,0,0,0.0,0,0,0,232.9,50.1,3084,3084,28,230.0,47.8,48.0,230.0,47.8,50.0,11000,11000,48.0,57.6,57.6,Pylon,2.0,10.0,Appliance,Utility Solar Bat,Solar + Utility,6,53.0,365,0,0.0,Load on,0.0,Line Mode,1035200,0,00202507000200,OG-001,offgrid
4b008e827f652dc35dd10e991ab907fe,2026-03-25 22:53:49,00202507001060,Off Grid,00073.08,00012.29,230.5,50.0,0.0,0.0,0,0,0.0,0,0,0,230.5,50.0,3134,3102,28,230.0,47.8,48.0,230.0,47.8,50.0,11000,11000,48.0,57.6,57.6,Pylon,2.0,10.0,Appliance,Utility Solar Bat,Solar + Utility,6,53.0,361,0,0.0,Load on,0.0,Line Mode,1035200,0,00202507000200,OG-001,offgrid
16d38a8bf8fe1f951dd26d9f5dc56252,2026-03-25 23:03:46,00202507001060,Off Grid,00073.08,00012.29,229.5,50.0,0.0,0.0,0,0,0.0,0,0,0,229.5,50.0,3098,3098,28,230.0,47.8,48.0,230.0,47.8,50.0,11000,11000,48.0,57.6,57.6,Pylon,2.0,10.0,Appliance,Utility Solar Bat,Solar + Utility,6,53.0,359,0,0.0,Load on,0.0,Line Mode,1035200,0,00202507000200,OG-001,offgrid
41f9a09ab5f721ca537b9ccea6922ddb,2026-03-25 23:08:48,00202507001060,Off Grid,00073.08,00012.29,228.6,49.9,0.0,0.0,0,0,0.0,0,0,0,228.6,49.9,3127,3025,28,230.0,47.8,48.0,230.0,47.8,50.0,11000,11000,48.0,57.6,57.6,Pylon,2.0,10.0,Appliance,Utility Solar Bat,Solar + Utility,6,53.0,359,0,0.0,Load on,0.0,Line Mode,1035200,0,00202507000200,OG-001,offgrid
1d87a3dae66f0fd353b0de10702b3a56,2026-03-25 23:13:46,00202507001060,Off Grid,00073.08,00012.29,228.6,49.9,0.0,0.0,0,0,0.0,0,0,0,228.6,49.9,3226,3226,29,230.0,47.8,48.0,230.0,47.8,50.0,11000,11000,48.0,57.6,57.6,Pylon,2.0,10.0,Appliance,Utility Solar Bat,Solar + Utility,6,53.0,359,0,0.0,Load on,0.0,Line Mode,1035200,0,00202507000200,OG-001,offgrid
1a145530c840578c6e1e7a060d64554e,2026-03-25 23:18:46,00202507001060,Off Grid,00073.08,00012.29,231.0,49.9,0.0,0.0,0,0,0.0,0,0,0,231.0,49.9,3003,2965,27,230.0,47.8,48.0,230.0,47.8,50.0,11000,11000,48.0,57.6,57.6,Pylon,2.0,10.0,Appliance,Utility Solar Bat,Solar + Utility,6,53.0,363,0,0.0,Load on,0.0,Line Mode,1035200,0,00202507000200,OG-001,offgrid
165bb062aef8e6da5fecf3f39e7424d1,2026-03-25 23:28:47,00202507001060,Off Grid,00073.08,00012.29,231.5,50.0,0.0,0.0,0,0,0.0,0,0,0,231.5,50.0,3009,2993,27,230.0,47.8,48.0,230.0,47.8,50.0,11000,11000,48.0,57.6,57.6,Pylon,2.0,10.0,Appliance,Utility Solar Bat,Solar + Utility,6,53.0,363,0,0.0,Load on,0.0,Line Mode,1035200,0,00202507000200,OG-001,offgrid
54e6071971e2e5042bae7e046ca3657f,2026-03-25 23:33:47,00202507001060,Off Grid,00073.08,00012.29,233.0,50.0,0.0,0.0,0,0,0.0,0,0,0,233.0,50.0,3010,2973,27,230.0,47.8,48.0,230.0,47.8,50.0,11000,11000,48.0,57.6,57.6,Pylon,2.0,10.0,Appliance,Utility Solar Bat,Solar + Utility,6,53.0,366,0,0.0,Load on,0.0,Line Mode,1035200,0,00202507000200,OG-001,offgrid
77009dc8a4f4fbce7ddc17a613646b6b,2026-03-25 23:43:48,00202507001060,Off Grid,00073.08,00012.29,232.6,50.0,0.0,0.0,0,0,0.0,0,0,0,232.6,50.0,3163,3131,28,230.0,47.8,48.0,230.0,47.8,50.0,11000,11000,48.0,57.6,57.6,Pylon,2.0,10.0,Appliance,Utility Solar Bat,Solar + Utility,6,53.0,365,0,0.0,Load on,0.0,Line Mode,1035200,0,00202507000200,OG-001,offgrid
6003a11ad817d5c15d39e8e2cd62e4e4,2026-03-25 23:48:49,00202507001060,Off Grid,00073.08,00012.29,234.1,49.9,0.0,0.0,0,0,0.0,0,0,0,234.1,49.9,3136,3062,28,230.0,47.8,48.0,230.0,47.8,50.0,11000,11000,48.0,57.6,57.6,Pylon,2.0,10.0,Appliance,Utility Solar Bat,Solar + Utility,6,53.0,367,0,0.0,Load on,0.0,Line Mode,1035200,0,00202507000200,OG-001,offgrid
16dcd75bf5aeaf1d171fcfbd3215d415,2026-03-26 00:28:49,00202507001060,Off Grid,00073.08,00012.29,234.3,50.0,0.0,0.0,0,0,0.0,0,0,0,234.3,50.0,3042,2987,27,230.0,47.8,48.0,230.0,47.8,50.0,11000,11000,48.0,57.6,57.6,Pylon,2.0,10.0,Appliance,Utility Solar Bat,Solar + Utility,6,53.0,368,0,0.0,Load on,0.0,Line Mode,1035200,0,00202507000200,OG-001,offgrid
03f87a9cae0a878a17f6f61f50155ce6,2026-03-26 00:48:56,00202507001060,Off Grid,00073.08,00012.29,232.1,49.9,0.0,0.0,0,0,0.0,0,0,0,232.1,49.9,3179,3089,28,230.0,47.8,48.0,230.0,47.8,50.0,11000,11000,48.0,57.6,57.6,Pylon,2.0,10.0,Appliance,Utility Solar Bat,Solar + Utility,6,53.0,364,0,0.0,Load on,0.0,Line Mode,1035200,0,00202507000200,OG-001,offgrid
0917b446912377600ef09e029bd22654,2026-03-26 01:18:53,00202507001060,Off Grid,00073.08,00012.29,232.2,49.9,0.0,0.0,0,0,0.0,0,0,0,232.2,49.9,3066,3066,27,230.0,47.8,48.0,230.0,47.8,50.0,11000,11000,48.0,57.6,57.6,Pylon,2.0,10.0,Appliance,Utility Solar Bat,Solar + Utility,6,53.0,366,0,0.0,Load on,0.0,Line Mode,1035200,0,00202507000200,OG-001,offgrid
154a6a896513de6f1dc6be2a7d532b24,2026-03-26 01:38:54,00202507001060,Off Grid,00073.08,00012.29,229.7,49.9,0.0,0.0,0,0,0.0,0,0,0,229.7,49.9,3606,3555,32,230.0,47.8,48.0,230.0,47.8,50.0,11000,11000,48.0,57.6,57.6,Pylon,2.0,10.0,Appliance,Utility Solar Bat,Solar + Utility,6,53.0,361,0,0.0,Load on,0.0,Line Mode,1035200,0,00202507000200,OG-001,offgrid
223b2f12c2560de31343860ee10298ca,2026-03-26 02:18:55,00202507001060,Off Grid,00073.08,00012.29,222.0,50.0,0.0,0.0,0,0,0.0,0,0,0,222.0,50.0,5550,5550,50,230.0,47.8,48.0,230.0,47.8,50.0,11000,11000,48.0,57.6,57.6,Pylon,2.0,10.0,Appliance,Utility Solar Bat,Solar + Utility,6,53.0,349,0,0.0,Load on,0.0,Line Mode,1035200,0,00202507000200,OG-001,offgrid
6e3b7b4ba7a0c19b2ffcba3b74ee8291,2026-03-26 02:38:56,00202507001060,Off Grid,00073.08,00012.29,217.3,50.0,0.0,0.0,0,0,0.0,0,0,0,217.3,50.0,5867,5861,53,230.0,47.8,48.0,230.0,47.8,50.0,11000,11000,48.0,57.6,57.6,Pylon,2.0,10.0,Appliance,Utility Solar Bat,Solar + Utility,6,53.0,350,0,0.0,Load on,0.0,Line Mode,1035200,0,00202507000200,OG-001,offgrid
0a7c0911453a1502553ca11f2c8de837,2026-03-26 03:04:04,00202507001060,Off Grid,00073.08,00012.29,224.3,50.0,0.0,0.0,0,0,0.0,0,0,0,224.3,50.0,5386,5329,48,230.0,47.8,48.0,230.0,47.8,50.0,11000,11000,48.0,57.6,57.6,Pylon,2.0,10.0,Appliance,Utility Solar Bat,Solar + Utility,6,53.0,351,0,0.0,Load on,0.0,Line Mode,1035200,0,00202507000200,OG-001,offgrid
66489f5b7be3cc80669ae621824a1f3a,2026-03-26 03:39:02,00202507001060,Off Grid,00073.08,00012.29,222.8,50.0,0.0,0.0,0,0,0.0,0,0,0,222.8,50.0,5391,5362,49,230.0,47.8,48.0,230.0,47.8,50.0,11000,11000,48.0,57.6,57.6,Pylon,2.0,10.0,Appliance,Utility Solar Bat,Solar + Utility,6,53.0,350,0,0.0,Load on,0.0,Line Mode,1035200,0,00202507000200,OG-001,offgrid
59516d16a2ecf908614dcfe6c80f2b80,2026-03-26 03:54:05,00202507001060,Off Grid,00073.08,00012.29,223.1,50.0,0.0,0.0,0,0,0.0,0,0,0,223.1,50.0,5429,5367,49,230.0,47.8,48.0,230.0,47.8,50.0,11000,11000,48.0,57.6,57.6,Pylon,2.0,10.0,Appliance,Utility Solar Bat,Solar + Utility,6,53.0,351,0,0.0,Load on,0.0,Line Mode,1035200,0,00202507000200,OG-001,offgrid
13821f89ef3486831d822393b2e8ebc8,2026-03-26 04:23:56,00202507001060,Off Grid,00073.08,00012.29,223.0,50.0,0.0,0.0,0,0,0.0,0,0,0,223.0,50.0,5441,5420,49,230.0,47.8,48.0,230.0,47.8,50.0,11000,11000,48.0,57.6,57.6,Pylon,2.0,10.0,Appliance,Utility Solar Bat,Solar + Utility,6,53.0,350,0,0.0,Load on,0.0,Line Mode,1035200,0,00202507000200,OG-001,offgrid
5db1e05ae7f49651125963247cb051a8,2026-03-26 04:38:56,00202507001060,Off Grid,00073.08,00012.29,222.4,50.0,0.0,0.0,0,0,0.0,0,0,0,222.4,50.0,5596,5561,50,230.0,47.8,48.0,230.0,47.8,50.0,11000,11000,48.0,57.6,57.6,Pylon,2.0,10.0,Appliance,Utility Solar Bat,Solar + Utility,6,53.0,350,0,0.0,Load on,0.0,Line Mode,1035200,0,00202507000200,OG-001,offgrid
321247a7f4304a161d8d6a8b571e9fd0,2026-03-26 05:23:44,00202507001060,Off Grid,00073.08,00012.29,219.2,49.9,0.0,0.0,0,0,0.0,0,0,0,219.2,49.9,5902,5810,53,230.0,47.8,48.0,230.0,47.8,50.0,11000,11000,48.0,57.6,57.6,Pylon,2.0,10.0,Appliance,Utility Solar Bat,Solar + Utility,6,53.0,350,0,0.0,Load on,0.0,Line Mode,1035200,0,00202507000200,OG-001,offgrid
3906c27c67a734d03a1acbf46c96040b,2026-03-26 05:58:45,00202507001060,Off Grid,00073.08,00012.29,222.7,49.9,90.0,90.0,16,28,0.0,0,0,0,222.7,49.9,4877,4837,44,230.0,47.8,48.0,230.0,47.8,50.0,11000,11000,48.0,57.6,57.6,Pylon,2.0,10.0,Appliance,Utility Solar Bat,Solar + Utility,6,53.0,351,0,0.0,Load on,0.3,Line Mode,1035200,0,00202507000200,OG-001,offgrid
0a09a8af5637309e23e17808ac4b6b00,2026-03-26 06:08:46,00202507001060,Off Grid,00073.08,00012.29,218.3,50.0,89.9,90.0,24,37,0.0,0,0,0,218.3,50.0,5239,5204,47,230.0,47.8,48.0,230.0,47.8,50.0,11000,11000,48.0,57.6,57.6,Pylon,2.0,10.0,Appliance,Utility Solar Bat,Solar + Utility,6,53.0,350,0,0.0,Load on,0.4,Line Mode,1035200,0,00202507000200,OG-001,offgrid
4413233c0f6ab7ce798b219315b59605,2026-03-26 06:23:53,00202507001060,Off Grid,00073.08,00012.29,230.8,50.0,90.0,92.5,48,52,0.0,0,0,0,230.8,50.0,2723,2699,24,230.0,47.8,48.0,230.0,47.8,50.0,11000,11000,48.0,57.6,57.6,Pylon,2.0,10.0,Appliance,Utility Solar Bat,Solar + Utility,6,53.0,363,0,0.0,Load on,0.5,Line Mode,1035200,0,00202507000200,OG-001,offgrid
6f05193e345b4d0d7de882ee33b7af5f,2026-03-26 06:43:52,00202507001060,Off Grid,00073.08,00012.29,228.6,50.0,98.8,102.1,53,69,0.0,0,0,0,228.6,50.0,2628,2592,23,230.0,47.8,48.0,230.0,47.8,50.0,11000,11000,48.0,57.6,57.6,Pylon,2.0,10.0,Appliance,Utility Solar Bat,Solar + Utility,6,53.0,359,0,0.0,Load on,0.6,Line Mode,1035200,0,00202507000200,OG-001,offgrid
1672c0bd5b868fa75b2f3776a559afe2,2026-03-26 07:33:53,00202507001060,Off Grid,00073.08,00012.29,220.4,49.9,96.2,99.6,62,76,0.0,0,0,0,220.4,49.9,3901,3886,35,230.0,47.8,48.0,230.0,47.8,50.0,11000,11000,48.0,57.6,57.6,Pylon,2.0,10.0,Appliance,Utility Solar Bat,Solar + Utility,6,53.0,350,0,0.0,Load on,0.7,Line Mode,1035300,0,00202507000200,OG-001,offgrid
454d44fa90bdc3d231d88b8e224650b1,2026-03-26 08:08:59,00202507001060,Off Grid,00073.08,00012.29,232.3,50.0,381.0,365.8,530,556,0.0,0,0,0,232.3,50.0,2675,2675,24,230.0,47.8,48.0,230.0,47.8,50.0,11000,11000,48.0,57.6,57.6,Pylon,2.0,10.0,Appliance,Utility Solar Bat,Solar + Utility,6,53.0,392,1,0.0,Load on,1.5,Line Mode,1035300,0,00202507000200,OG-001,offgrid
20bfa11004d453aa01fb5afd891be1bb,2026-03-26 08:21:29,00202507001060,Off Grid,00073.08,00012.29,239.6,49.9,397.5,340.8,2350,2146,0.0,0,0,0,239.6,49.9,5960,5960,54,230.0,47.8,48.0,230.0,47.8,50.0,11000,11000,48.0,57.6,57.6,Pylon,2.0,10.0,Appliance,Utility Solar Bat,Solar + Utility,6,53.0,407,5,0.0,Load on,6.2,Line Mode,1035700,0,00202507000200,OG-001,offgrid
2242afbe6aa9cf9855d583c8dbcd3e24,2026-03-26 09:10:24,00202507001060,Off Grid,00073.08,00012.29,244.2,49.9,383.0,358.0,3141,2997,0.0,0,0,0,244.2,49.9,7057,7054,64,230.0,47.8,48.0,230.0,47.8,50.0,11000,11000,48.0,57.6,57.6,Pylon,2.0,10.0,Appliance,Utility Solar Bat,Solar + Utility,6,53.0,393,8,0.0,Load on,8.3,Line Mode,1035700,0,00202507000200,OG-001,offgrid
429aa844ce842a9b61046d1a93fdf637,2026-03-26 09:20:13,00202507001060,Off Grid,00073.08,00012.29,245.8,50.0,411.1,381.7,2849,2844,0.0,0,0,0,245.8,50.0,6191,6191,56,230.0,47.8,48.0,230.0,47.8,50.0,11000,11000,48.0,57.6,57.6,Pylon,2.0,10.0,Appliance,Utility Solar Bat,Solar + Utility,6,53.0,441,6,0.0,Load on,7.4,Line Mode,1040800,0,00202507000200,OG-001,offgrid
508a81ce4ce29a946ebd797225fa62ed,2026-03-26 09:25:05,00202507001060,Off Grid,00073.08,00012.29,244.8,49.9,419.8,404.1,2556,2675,0.0,0,0,0,244.8,49.9,5679,5655,51,230.0,47.8,48.0,230.0,47.8,50.0,11000,11000,48.0,57.6,57.6,Pylon,2.0,10.0,Appliance,Utility Solar Bat,Solar + Utility,6,53.0,450,6,0.0,Load on,6.6,Line Mode,1040800,0,00202507000200,OG-001,offgrid
07d9f5733ea68a7f6ad889c3d8954bec,2026-03-26 09:29:58,00202507001060,Off Grid,00073.08,00012.29,247.6,50.0,421.3,408.6,2531,2641,0.0,0,0,0,247.6,50.0,5557,5554,50,230.0,47.8,48.0,230.0,47.8,50.0,11000,11000,48.0,57.6,57.6,Pylon,2.0,10.0,Appliance,Utility Solar Bat,Solar + Utility,6,53.0,451,6,0.0,Load on,6.4,Line Mode,1040800,0,00202507000200,OG-001,offgrid
6a83c42b53cdde1019dd7fe8b0c53f35,2026-03-26 09:39:44,00202507001060,Off Grid,00073.08,00012.29,246.4,50.1,413.2,396.7,2703,2794,0.0,0,0,0,246.4,50.1,5987,5960,54,230.0,47.8,48.0,230.0,47.8,50.0,11000,11000,48.0,57.6,57.6,Pylon,2.0,10.0,Appliance,Utility Solar Bat,Solar + Utility,6,53.0,443,6,0.0,Load on,7.0,Line Mode,1040800,0,00202507000200,OG-001,offgrid
70ea0b610de393bb44ce2dff18b8c73b,2026-03-26 09:44:38,00202507001060,Off Grid,00073.08,00012.29,247.9,50.0,414.5,398.5,2857,2980,0.0,0,0,0,247.9,50.0,6323,6296,57,230.0,47.8,48.0,230.0,47.8,50.0,11000,11000,48.0,57.6,57.6,Pylon,2.0,10.0,Appliance,Utility Solar Bat,Solar + Utility,6,53.0,444,6,0.0,Load on,7.4,Line Mode,1040800,0,00202507000200,OG-001,offgrid
1fd202332c3537d979fdac05ac960a67,2026-03-26 09:49:31,00202507001060,Off Grid,00073.08,00012.29,248.9,50.0,418.5,401.0,2822,2964,0.0,0,0,0,248.9,50.0,6250,6250,56,230.0,47.8,48.0,230.0,47.8,50.0,11000,11000,48.0,57.6,57.6,Pylon,2.0,10.0,Appliance,Utility Solar Bat,Solar + Utility,6,53.0,448,6,0.0,Load on,7.3,Line Mode,1040800,0,00202507000200,OG-001,offgrid
6b700436d4d04e7c74ea4a03d4b07434,2026-03-26 09:54:26,00202507001060,Off Grid,00073.08,00012.29,248.7,49.9,418.6,403.2,2839,2974,0.0,0,0,0,248.7,49.9,6292,6120,57,230.0,47.8,48.0,230.0,47.8,50.0,11000,11000,48.0,57.6,57.6,Pylon,2.0,10.0,Appliance,Utility Solar Bat,Solar + Utility,6,53.0,449,6,0.0,Load on,7.3,Line Mode,1040800,0,00202507000200,OG-001,offgrid
3840cae679799a85633a7044f972b2a4,2026-03-26 10:04:17,00202507001060,Off Grid,00073.08,00012.29,248.8,50.0,421.7,417.5,2728,2991,0.0,0,0,0,248.8,50.0,6220,6179,56,230.0,47.8,48.0,230.0,47.8,50.0,11000,11000,48.0,57.6,57.6,Pylon,2.0,10.0,Appliance,Utility Solar Bat,Solar + Utility,6,53.0,451,6,0.0,Load on,7.1,Line Mode,1040800,0,00202507000200,OG-001,offgrid
7a482e421c594d6d2f52c5fffbc23025,2026-03-26 10:14:07,00202507001060,Off Grid,00073.08,00012.29,248.4,49.9,424.2,417.9,2784,3134,0.0,0,0,0,248.4,49.9,6458,6433,58,230.0,47.8,48.0,230.0,47.8,50.0,11000,11000,48.0,57.6,57.6,Pylon,2.0,10.0,Appliance,Utility Solar Bat,Solar + Utility,6,53.0,454,6,0.0,Load on,7.4,Line Mode,1040800,0,00202507000200,OG-001,offgrid
695e07070be033215f8c82d53f3a45ff,2026-03-26 10:23:55,00202507001060,Off Grid,00073.08,00012.29,249.7,49.9,427.8,423.2,2559,2945,0.0,0,0,0,249.7,49.9,6030,5984,54,230.0,47.8,48.0,230.0,47.8,50.0,11000,11000,48.0,57.6,57.6,Pylon,2.0,10.0,Appliance,Utility Solar Bat,Solar + Utility,6,53.0,458,5,0.0,Load on,6.9,Line Mode,1046400,0,00202507000200,OG-001,offgrid
05299521f7cf55cd1a7de734e4e0a34c,2026-03-26 10:28:50,00202507001060,Off Grid,00073.08,00012.29,248.7,49.8,430.9,426.0,2401,2843,0.0,0,0,0,248.7,49.8,5695,5629,51,230.0,47.8,48.0,230.0,47.8,50.0,11000,11000,48.0,57.6,57.6,Pylon,2.0,10.0,Appliance,Utility Solar Bat,Solar + Utility,6,53.0,460,5,0.0,Load on,6.6,Line Mode,1046400,0,00202507000200,OG-001,offgrid
3ab0c498ee6ce9543cc6bbd82f7124ca,2026-03-26 10:33:42,00202507001060,Off Grid,00073.08,00012.29,248.3,49.8,430.1,427.0,2407,2825,0.0,0,0,0,248.3,49.8,5735,5681,52,230.0,47.8,48.0,230.0,47.8,50.0,11000,11000,48.0,57.6,57.6,Pylon,2.0,10.0,Appliance,Utility Solar Bat,Solar + Utility,6,53.0,460,5,0.0,Load on,6.6,Line Mode,1046400,0,00202507000200,OG-001,offgrid
2ef22393405d603b69612f4c64023738,2026-03-26 10:38:35,00202507001060,Off Grid,00073.08,00012.29,248.4,50.0,428.9,426.0,2509,2854,0.0,0,0,0,248.4,50.0,5777,5777,52,230.0,47.8,48.0,230.0,47.8,50.0,11000,11000,48.0,57.6,57.6,Pylon,2.0,10.0,Appliance,Utility Solar Bat,Solar + Utility,6,53.0,459,5,0.0,Load on,6.6,Line Mode,1046400,0,00202507000200,OG-001,offgrid
6faa17b0a1fa614166521968699e9f46,2026-03-26 10:43:29,00202507001060,Off Grid,00073.08,00012.29,248.4,49.8,412.3,407.0,3259,3617,0.0,0,0,0,248.4,49.8,7427,7389,67,230.0,47.8,48.0,230.0,47.8,50.0,11000,11000,48.0,57.6,57.6,Pylon,2.0,10.0,Appliance,Utility Solar Bat,Solar + Utility,6,53.0,442,7,0.0,Load on,8.8,Line Mode,1046400,0,00202507000200,OG-001,offgrid
1dcf3d63b434551f25f042f31deac06b,2026-03-26 10:48:22,00202507001060,Off Grid,00073.08,00012.29,248.0,50.0,425.0,420.3,2543,2970,0.0,0,0,0,248.0,50.0,5927,5890,53,230.0,47.8,48.0,230.0,47.8,50.0,11000,11000,48.0,57.6,57.6,Pylon,2.0,10.0,Appliance,Utility Solar Bat,Solar + Utility,6,53.0,455,5,0.0,Load on,7.0,Line Mode,1046400,0,00202507000200,OG-001,offgrid
57a53307d0e246ea69e1a6f511ec3635,2026-03-26 10:53:15,00202507001060,Off Grid,00073.08,00012.29,248.2,49.9,426.6,421.9,2519,2985,0.0,0,0,0,248.2,49.9,5981,5966,54,230.0,47.8,48.0,230.0,47.8,50.0,11000,11000,48.0,57.6,57.6,Pylon,2.0,10.0,Appliance,Utility Solar Bat,Solar + Utility,6,53.0,456,5,0.0,Load on,7.0,Line Mode,1046400,0,00202507000200,OG-001,offgrid
7331f3d70e24b19b20f69d932507b0a1,2026-03-26 10:58:08,00202507001060,Off Grid,00073.08,00012.29,246.1,49.9,426.1,421.7,2528,3002,0.0,0,0,0,246.1,49.9,6029,5909,54,230.0,47.8,48.0,230.0,47.8,50.0,11000,11000,48.0,57.6,57.6,Pylon,2.0,10.0,Appliance,Utility Solar Bat,Solar + Utility,6,53.0,456,5,0.0,Load on,7.1,Line Mode,1046400,0,00202507000200,OG-001,offgrid
294eff73e8883c9451a06610f72095bb,2026-03-26 11:03:00,00202507001060,Off Grid,00073.08,00012.29,249.1,49.9,425.6,421.6,2569,3006,0.0,0,0,0,249.1,49.9,5992,5992,54,230.0,47.8,48.0,230.0,47.8,50.0,11000,11000,48.0,57.6,57.6,Pylon,2.0,10.0,Appliance,Utility Solar Bat,Solar + Utility,6,53.0,456,6,0.0,Load on,7.1,Line Mode,1046400,0,00202507000200,OG-001,offgrid
4aeb6f1b6398330846b6593494fe5716,2026-03-26 11:07:52,00202507001060,Off Grid,00073.08,00012.29,249.0,50.0,423.8,419.2,2575,2991,0.0,0,0,0,249.0,50.0,6025,5950,54,230.0,47.8,48.0,230.0,47.8,50.0,11000,11000,48.0,57.6,57.6,Pylon,2.0,10.0,Appliance,Utility Solar Bat,Solar + Utility,6,53.0,453,6,0.0,Load on,7.1,Line Mode,1046400,0,00202507000200,OG-001,offgrid
35bf38a79adc91c86e8bff236fa06d75,2026-03-26 11:12:48,00202507001060,Off Grid,00073.08,00012.29,250.7,49.9,437.5,436.7,1331,1711,0.0,0,0,0,250.7,49.9,3407,3407,30,230.0,47.8,48.0,230.0,47.8,50.0,11000,11000,48.0,57.6,57.6,Pylon,2.0,10.0,Appliance,Utility Solar Bat,Solar + Utility,6,53.0,467,3,0.0,Load on,3.9,Line Mode,1046400,0,00202507000200,OG-001,offgrid
25ce6df042afac65219a4468dbadf313,2026-03-26 11:17:41,00202507001060,Off Grid,00073.08,00012.29,251.2,49.8,447.8,448.8,110,426,0.0,0,0,0,251.2,49.8,730,637,6,230.0,47.8,48.0,230.0,47.8,50.0,11000,11000,48.0,57.6,57.6,Pylon,2.0,10.0,Appliance,Utility Solar Bat,Solar + Utility,6,53.0,470,0,0.0,Load on,0.9,Line Mode,1051800,0,00202507000200,OG-001,offgrid
66d54f10c8fc718367e447fea2557f83,2026-03-26 11:22:37,00202507001060,Off Grid,00073.08,00012.29,251.8,49.8,437.0,437.3,1100,1477,0.0,0,0,0,251.8,49.8,2946,2844,26,230.0,47.8,48.0,230.0,47.8,50.0,11000,11000,48.0,57.6,57.6,Pylon,2.0,10.0,Appliance,Utility Solar Bat,Solar + Utility,6,53.0,467,2,0.0,Load on,3.3,Line Mode,1051800,0,00202507000200,OG-001,offgrid
69b69e2af9d1bfb361abd0b411171153,2026-03-26 11:37:20,00202507001060,Off Grid,00073.08,00012.29,250.4,50.1,439.7,439.7,739,1073,0.0,0,0,0,250.4,50.1,2137,2119,19,230.0,47.8,48.0,230.0,47.8,50.0,11000,11000,48.0,57.6,57.6,Pylon,2.0,10.0,Appliance,Utility Solar Bat,Solar + Utility,6,53.0,470,1,0.0,Load on,2.4,Line Mode,1051800,0,00202507000200,OG-001,offgrid
2976f5f8ce11d4b77e70bd348cccef55,2026-03-26 11:42:13,00202507001060,Off Grid,00073.08,00012.29,254.2,50.1,440.9,440.7,675,1029,0.0,0,0,0,254.2,50.1,2008,1851,18,230.0,47.8,48.0,230.0,47.8,50.0,11000,11000,48.0,57.6,57.6,Pylon,2.0,10.0,Appliance,Utility Solar Bat,Solar + Utility,6,53.0,470,1,0.0,Load on,2.3,Line Mode,1051800,0,00202507000200,OG-001,offgrid
09d4d2aef1aa46765c197f97abfe8441,2026-03-26 11:47:05,00202507001060,Off Grid,00073.08,00012.29,254.3,49.9,441.7,441.6,658,1030,0.0,0,0,0,254.3,49.9,2104,1925,19,230.0,47.8,48.0,230.0,47.8,50.0,11000,11000,48.0,57.6,57.6,Pylon,2.0,10.0,Appliance,Utility Solar Bat,Solar + Utility,6,53.0,470,1,0.0,Load on,2.3,Line Mode,1051800,0,00202507000200,OG-001,offgrid
49bc567e4cdf11ae14723b3c73aa3333,2026-03-26 12:01:48,00202507001060,Off Grid,00073.08,00012.29,252.7,50.1,438.5,439.1,593,904,0.0,0,0,0,252.7,50.1,1881,1694,17,230.0,47.8,48.0,230.0,47.8,50.0,11000,11000,48.0,57.6,57.6,Pylon,2.0,10.0,Appliance,Utility Solar Bat,Solar + Utility,6,53.0,468,1,0.0,Load on,2.0,Line Mode,1051800,0,00202507000200,OG-001,offgrid
09c132f40682cfca79f104e2d8132142,2026-03-26 12:16:29,00202507001060,Off Grid,00073.08,00012.29,250.0,49.9,439.7,440.7,541,883,0.0,0,0,0,250.0,49.9,1744,1593,15,230.0,47.8,48.0,230.0,47.8,50.0,11000,11000,48.0,57.6,57.6,Pylon,2.0,10.0,Appliance,Utility Solar Bat,Solar + Utility,6,53.0,470,1,0.0,Load on,2.0,Line Mode,1053500,0,00202507000200,OG-001,offgrid
485e5d65da0051d55ea15510ecb0531e,2026-03-26 13:05:30,00202507001060,Off Grid,00073.08,00012.29,247.7,50.1,441.9,441.7,758,1128,0.0,0,0,0,247.7,50.1,2179,2120,19,230.0,47.8,48.0,230.0,47.8,50.0,11000,11000,48.0,57.6,57.6,Pylon,2.0,10.0,Appliance,Utility Solar Bat,Solar + Utility,6,53.0,470,1,0.0,Load on,2.5,Line Mode,1053500,0,00202507000200,OG-001,offgrid
5dea6b3eaf434d467f1edd1d35bb2ac3,2026-03-26 13:10:26,00202507001060,Off Grid,00073.08,00012.29,249.3,50.1,443.7,444.1,510,908,0.0,0,0,0,249.3,50.1,1770,1599,16,230.0,47.8,48.0,230.0,47.8,50.0,11000,11000,48.0,57.6,57.6,Pylon,2.0,10.0,Appliance,Utility Solar Bat,Solar + Utility,6,53.0,470,1,0.0,Load on,2.0,Line Mode,1053500,0,00202507000200,OG-001,offgrid
06372f27b19b17c47b24330af748c6e5,2026-03-26 13:15:23,00202507001060,Off Grid,00073.08,00012.29,251.5,49.9,446.0,446.3,496,832,0.0,0,0,0,251.5,49.9,1659,1501,15,230.0,47.8,48.0,230.0,47.8,50.0,11000,11000,48.0,57.6,57.6,Pylon,2.0,10.0,Appliance,Utility Solar Bat,Solar + Utility,6,53.0,470,1,0.0,Load on,1.8,Line Mode,1055000,0,00202507000200,OG-001,offgrid
3df1596ab0c4f1a46ea3c62f78288649,2026-03-26 13:20:18,00202507001060,Off Grid,00073.08,00012.29,249.3,50.1,446.3,446.6,592,973,0.0,0,0,0,249.3,50.1,1969,1896,17,230.0,47.8,48.0,230.0,47.8,50.0,11000,11000,48.0,57.6,57.6,Pylon,2.0,10.0,Appliance,Utility Solar Bat,Solar + Utility,6,53.0,470,1,0.0,Load on,2.1,Line Mode,1055000,0,00202507000200,OG-001,offgrid
4050f28ef8366342360408409e24b5a5,2026-03-26 13:25:13,00202507001060,Off Grid,00073.08,00012.29,249.5,49.7,445.7,446.0,606,937,0.0,0,0,0,249.5,49.7,1871,1831,17,230.0,47.8,48.0,230.0,47.8,50.0,11000,11000,48.0,57.6,57.6,Pylon,2.0,10.0,Appliance,Utility Solar Bat,Solar + Utility,6,53.0,469,1,0.0,Load on,2.1,Line Mode,1055000,0,00202507000200,OG-001,offgrid
6585a1669fbd08b84945832a7cbe035d,2026-03-26 13:59:27,00202507001060,Off Grid,00073.08,00012.29,249.7,49.9,449.8,451.5,364,508,0.0,0,0,0,249.7,49.9,1051,1051,9,230.0,47.8,48.0,230.0,47.8,50.0,11000,11000,48.0,57.6,57.6,Pylon,2.0,10.0,Appliance,Utility Solar Bat,Solar + Utility,6,53.0,470,0,0.0,Load on,1.1,Line Mode,1055000,0,00202507000200,OG-001,offgrid
6bd8e48a6a5f1eb46bfa1ba882bbe945,2026-03-26 14:09:15,00202507001060,Off Grid,00073.08,00012.29,250.8,49.9,446.6,448.2,617,773,0.0,0,0,0,250.8,49.9,1705,1591,15,230.0,47.8,48.0,230.0,47.8,50.0,11000,11000,48.0,57.6,57.6,Pylon,2.0,10.0,Appliance,Utility Solar Bat,Solar + Utility,6,53.0,470,1,0.0,Load on,1.7,Line Mode,1055000,0,00202507000200,OG-001,offgrid
2ff242b2b182d6862c5d1f98e9a0eb08,2026-03-26 14:14:08,00202507001060,Off Grid,00073.08,00012.29,248.8,49.9,446.3,448.8,646,751,0.0,0,0,0,248.8,49.9,1766,1640,16,230.0,47.8,48.0,230.0,47.8,50.0,11000,11000,48.0,57.6,57.6,Pylon,2.0,10.0,Appliance,Utility Solar Bat,Solar + Utility,6,53.0,470,1,0.0,Load on,1.6,Line Mode,1056600,0,00202507000200,OG-001,offgrid
67efcef32d9024de4e82e152004773e1,2026-03-26 14:19:02,00202507001060,Off Grid,00073.08,00012.29,248.8,49.9,444.4,445.9,875,1056,0.0,0,0,0,248.8,49.9,2139,2130,19,230.0,47.8,48.0,230.0,47.8,50.0,11000,11000,48.0,57.6,57.6,Pylon,2.0,10.0,Appliance,Utility Solar Bat,Solar + Utility,6,53.0,470,1,0.0,Load on,2.3,Line Mode,1056600,0,00202507000200,OG-001,offgrid
65c46f2e87aef2bc63c3ad55918b699d,2026-03-26 14:28:50,00202507001060,Off Grid,00073.08,00012.29,248.4,50.0,444.1,446.5,776,849,0.0,0,0,0,248.4,50.0,1937,1867,17,230.0,47.8,48.0,230.0,47.8,50.0,11000,11000,48.0,57.6,57.6,Pylon,2.0,10.0,Appliance,Utility Solar Bat,Solar + Utility,6,53.0,470,1,0.0,Load on,1.9,Line Mode,1056600,0,00202507000200,OG-001,offgrid
31d6927f74a3cb2849da251edd59aa3c,2026-03-26 14:33:46,00202507001060,Off Grid,00073.08,00012.29,250.9,50.0,445.0,448.5,691,777,0.0,0,0,0,250.9,50.0,1856,1684,16,230.0,47.8,48.0,230.0,47.8,50.0,11000,11000,48.0,57.6,57.6,Pylon,2.0,10.0,Appliance,Utility Solar Bat,Solar + Utility,6,53.0,470,1,0.0,Load on,1.7,Line Mode,1056600,0,00202507000200,OG-001,offgrid
75711cfaf725662841d0713f1694957c,2026-03-26 14:43:35,00202507001060,Off Grid,00073.08,00012.29,250.8,50.0,445.0,447.6,636,721,0.0,0,0,0,250.8,50.0,1607,1486,14,230.0,47.8,48.0,230.0,47.8,50.0,11000,11000,48.0,57.6,57.6,Pylon,2.0,10.0,Appliance,Utility Solar Bat,Solar + Utility,6,53.0,469,1,0.0,Load on,1.6,Line Mode,1056600,0,00202507000200,OG-001,offgrid
2507c86c99382afa5bd912b92c73d872,2026-03-26 15:57:12,00202507001060,Off Grid,00073.08,00012.29,248.5,49.9,441.9,446.3,814,727,0.0,0,0,0,248.5,49.9,1887,1744,17,230.0,47.8,48.0,230.0,47.8,50.0,11000,11000,48.0,57.6,57.6,Pylon,2.0,10.0,Appliance,Utility Solar Bat,Solar + Utility,6,53.0,470,1,0.0,Load on,1.6,Line Mode,1058000,0,00202507000200,OG-001,offgrid
2829a3a7919e58bb6771c9a39d1252f8,2026-03-26 16:36:22,00202507001060,Off Grid,00073.08,00012.29,243.6,49.9,432.9,433.1,914,1052,0.0,0,0,0,243.6,49.9,2314,2165,21,230.0,47.8,48.0,230.0,47.8,50.0,11000,11000,48.0,57.6,57.6,Pylon,2.0,10.0,Appliance,Utility Solar Bat,Solar + Utility,6,53.0,463,2,0.0,Load on,2.4,Line Mode,1059600,0,00202507000200,OG-001,offgrid
36a5ecb8cae7cd16513df0e2339afb78,2026-03-26 16:46:09,00202507001060,Off Grid,00073.08,00012.29,241.6,50.0,447.9,449.4,123,184,0.0,0,0,0,241.6,50.0,507,498,4,230.0,47.8,48.0,230.0,47.8,50.0,11000,11000,48.0,57.6,57.6,Pylon,2.0,10.0,Appliance,Utility Solar Bat,Solar + Utility,6,53.0,470,0,0.0,Load on,0.4,Line Mode,1059600,0,00202507000200,OG-001,offgrid
4293e38c6d109c7a6ae5267e854f177b,2026-03-26 16:55:55,00202507001060,Off Grid,00073.08,00012.29,241.5,50.0,425.9,429.2,752,821,0.0,0,0,0,241.5,50.0,1932,1720,17,230.0,47.8,48.0,230.0,47.8,50.0,11000,11000,48.0,57.6,57.6,Pylon,2.0,10.0,Appliance,Utility Solar Bat,Solar + Utility,6,53.0,458,1,0.0,Load on,1.9,Line Mode,1059600,0,00202507000200,OG-001,offgrid
0bbe41f395b076dc4cfdf3090ed37ec7,2026-03-26 17:00:50,00202507001060,Off Grid,00073.08,00012.29,242.7,49.8,424.1,421.1,707,809,0.0,0,0,0,242.7,49.8,1768,1648,16,230.0,47.8,48.0,230.0,47.8,50.0,11000,11000,48.0,57.6,57.6,Pylon,2.0,10.0,Appliance,Utility Solar Bat,Solar + Utility,6,53.0,454,1,0.0,Load on,1.9,Line Mode,1059600,0,00202507000200,OG-001,offgrid
1767e78b3ac785f9611baa2ebdffc162,2026-03-26 17:05:45,00202507001060,Off Grid,00073.08,00012.29,242.1,49.9,251.3,271.3,515,515,0.0,0,0,0,242.1,49.9,1864,1675,16,230.0,47.8,48.0,230.0,47.8,50.0,11000,11000,48.0,57.6,57.6,Pylon,2.0,10.0,Appliance,Utility Solar Bat,Solar + Utility,6,53.0,381,2,0.0,Load on,1.8,Line Mode,1059600,0,00202507000200,OG-001,offgrid
2ed17c577e1822ff7b323f545da7a1d4,2026-03-26 17:15:32,00202507001060,Off Grid,00073.08,00012.29,239.4,50.0,397.9,393.6,546,570,0.0,0,0,0,239.4,50.0,2417,2294,21,230.0,47.8,48.0,230.0,47.8,50.0,11000,11000,48.0,57.6,57.6,Pylon,2.0,10.0,Appliance,Utility Solar Bat,Solar + Utility,6,53.0,407,1,0.0,Load on,1.4,Line Mode,1061100,0,00202507000200,OG-001,offgrid
2f6ed9e370ba1e436fce6373ad205483,2026-03-26 17:25:19,00202507001060,Off Grid,00073.08,00012.29,230.9,49.9,383.8,387.1,402,384,0.0,0,0,0,230.9,49.9,3239,3239,29,230.0,47.8,48.0,230.0,47.8,50.0,11000,11000,48.0,57.6,57.6,Pylon,2.0,10.0,Appliance,Utility Solar Bat,Solar + Utility,6,53.0,396,1,0.0,Load on,0.9,Line Mode,1061100,0,00202507000200,OG-001,offgrid
06408a78d672f91b4377fac53bce5e4f,2026-03-26 17:35:05,00202507001060,Off Grid,00073.08,00012.29,228.2,49.9,361.8,355.1,224,227,0.0,0,0,0,228.2,49.9,2102,1957,19,230.0,47.8,48.0,230.0,47.8,50.0,11000,11000,48.0,57.6,57.6,Pylon,2.0,10.0,Appliance,Utility Solar Bat,Solar + Utility,6,53.0,371,0,0.0,Load on,0.6,Line Mode,1061100,0,00202507000200,OG-001,offgrid
154342d079a4aecb401b1e6c81a96105,2026-03-26 17:39:59,00202507001060,Off Grid,00073.08,00012.29,229.6,49.8,90.0,90.0,41,43,0.0,0,0,0,229.6,49.8,1767,1646,16,230.0,47.8,48.0,230.0,47.8,50.0,11000,11000,48.0,57.6,57.6,Pylon,2.0,10.0,Appliance,Utility Solar Bat,Solar + Utility,6,53.0,362,0,0.0,Load on,0.4,Line Mode,1061100,0,00202507000200,OG-001,offgrid
172880fcdee1bc337d4fc62824a66c11,2026-03-26 17:44:55,00202507001060,Off Grid,00073.08,00012.29,227.9,50.0,90.0,89.9,24,37,0.0,0,0,0,227.9,50.0,1845,1749,16,230.0,47.8,48.0,230.0,47.8,50.0,11000,11000,48.0,57.6,57.6,Pylon,2.0,10.0,Appliance,Utility Solar Bat,Solar + Utility,6,53.0,359,0,0.0,Load on,0.4,Line Mode,1061100,0,00202507000200,OG-001,offgrid
02f5be96e639df7974e4c84791868576,2026-03-26 17:54:45,00202507001060,Off Grid,00073.08,00012.29,225.9,49.9,90.0,90.0,14,27,0.0,0,0,0,225.9,49.9,2861,2841,26,230.0,47.8,48.0,230.0,47.8,50.0,11000,11000,48.0,57.6,57.6,Pylon,2.0,10.0,Appliance,Utility Solar Bat,Solar + Utility,6,53.0,354,0,0.0,Load on,0.3,Line Mode,1061100,0,00202507000200,OG-001,offgrid
6a1ff7bfe94524f1380f04a9f9452bce,2026-03-26 17:59:39,00202507001060,Off Grid,00073.08,00012.29,222.6,49.8,88.1,90.3,13,20,0.0,0,0,0,222.6,49.8,3249,3229,29,230.0,47.8,48.0,230.0,47.8,50.0,11000,11000,48.0,57.6,57.6,Pylon,2.0,10.0,Appliance,Utility Solar Bat,Solar + Utility,6,53.0,351,0,0.0,Load on,0.2,Line Mode,1061100,0,00202507000200,OG-001,offgrid
15ef0b4df2a3de965d4b6570751c0129,2026-03-26 18:04:31,00202507001060,Off Grid,00073.08,00012.29,225.0,50.1,60.7,61.9,0,0,0.0,0,0,0,225.0,50.1,2835,2794,25,230.0,47.8,48.0,230.0,47.8,50.0,11000,11000,48.0,57.6,57.6,Pylon,2.0,10.0,Appliance,Utility Solar Bat,Solar + Utility,6,53.0,353,0,0.0,Load on,0.0,Line Mode,1061500,0,00202507000200,OG-001,offgrid
20c8e351ced2dfee01d3f22153cbed4b,2026-03-26 18:14:21,00202507001060,Off Grid,00073.08,00012.29,226.1,49.9,99.7,96.3,0,0,0.0,0,0,0,226.1,49.9,3089,3052,28,230.0,47.8,48.0,230.0,47.8,50.0,11000,11000,48.0,57.6,57.6,Pylon,2.0,10.0,Appliance,Utility Solar Bat,Solar + Utility,6,53.0,357,0,0.0,Load on,0.0,Line Mode,1061500,0,00202507000200,OG-001,offgrid
25e4a5f336502da72cbde0cde9e24715,2026-03-26 18:19:13,00202507001060,Off Grid,00073.08,00012.29,223.5,50.0,0.0,0.0,0,0,0.0,0,0,0,223.5,50.0,2992,2952,27,230.0,47.8,48.0,230.0,47.8,50.0,11000,11000,48.0,57.6,57.6,Pylon,2.0,10.0,Appliance,Utility Solar Bat,Solar + Utility,6,53.0,347,0,0.0,Load on,0.0,Line Mode,1061500,0,00202507000200,OG-001,offgrid
5c395b6c921461d97a0e1a20226b2088,2026-03-26 18:24:08,00202507001060,Off Grid,00073.08,00012.29,224.3,50.0,0.0,82.8,0,0,0.0,0,0,0,224.3,50.0,3140,3117,28,230.0,47.8,48.0,230.0,47.8,50.0,11000,11000,48.0,57.6,57.6,Pylon,2.0,10.0,Appliance,Utility Solar Bat,Solar + Utility,6,53.0,354,0,0.0,Load on,0.0,Line Mode,1061500,0,00202507000200,OG-001,offgrid
116a00b7df42ff77633bdb8d0f601a92,2026-03-26 18:29:02,00202507001060,Off Grid,00073.08,00012.29,223.1,50.1,0.0,0.0,0,0,0.0,0,0,0,223.1,50.1,2989,2989,27,230.0,47.8,48.0,230.0,47.8,50.0,11000,11000,48.0,57.6,57.6,Pylon,2.0,10.0,Appliance,Utility Solar Bat,Solar + Utility,6,53.0,352,0,0.0,Load on,0.0,Line Mode,1061500,0,00202507000200,OG-001,offgrid
70fc91c8daca9369668a19608017747f,2026-03-26 18:33:55,00202507001060,Off Grid,00073.08,00012.29,222.4,50.0,0.0,61.3,0,0,0.0,0,0,0,222.4,50.0,2896,2842,26,230.0,47.8,48.0,230.0,47.8,50.0,11000,11000,48.0,57.6,57.6,Pylon,2.0,10.0,Appliance,Utility Solar Bat,Solar + Utility,6,53.0,350,0,0.0,Load on,0.0,Line Mode,1061500,0,00202507000200,OG-001,offgrid
131bb3106d4e34fd66a4e4c851ddc939,2026-03-26 18:43:45,00202507001060,Off Grid,00073.08,00012.29,225.9,49.9,0.0,0.0,0,0,0.0,0,0,0,225.9,49.9,2123,2056,19,230.0,47.8,48.0,230.0,47.8,50.0,11000,11000,48.0,57.6,57.6,Pylon,2.0,10.0,Appliance,Utility Solar Bat,Solar + Utility,6,53.0,355,0,0.0,Load on,0.0,Line Mode,1061500,0,00202507000200,OG-001,offgrid
656f7887cb16dd4a3ff2f5da00c88b35,2026-03-26 18:48:39,00202507001060,Off Grid,00073.08,00012.29,222.2,49.9,0.0,0.0,0,0,0.0,0,0,0,222.2,49.9,2577,2570,23,230.0,47.8,48.0,230.0,47.8,50.0,11000,11000,48.0,57.6,57.6,Pylon,2.0,10.0,Appliance,Utility Solar Bat,Solar + Utility,6,53.0,350,0,0.0,Load on,0.0,Line Mode,1061500,0,00202507000200,OG-001,offgrid
4d796c25824f2ad22e98824ef9058440,2026-03-26 18:53:34,00202507001060,Off Grid,00073.08,00012.29,223.8,49.9,0.0,0.0,0,0,0.0,0,0,0,223.8,49.9,2166,2086,19,230.0,47.8,48.0,230.0,47.8,50.0,11000,11000,48.0,57.6,57.6,Pylon,2.0,10.0,Appliance,Utility Solar Bat,Solar + Utility,6,53.0,352,0,0.0,Load on,0.0,Line Mode,1061500,0,00202507000200,OG-001,offgrid
50a4f209ff19872d53d8b026eabaf628,2026-03-26 18:58:28,00202507001060,Off Grid,00073.08,00012.29,226.5,50.0,0.0,0.0,0,0,0.0,0,0,0,226.5,50.0,2058,1957,18,230.0,47.8,48.0,230.0,47.8,50.0,11000,11000,48.0,57.6,57.6,Pylon,2.0,10.0,Appliance,Utility Solar Bat,Solar + Utility,6,53.0,356,0,0.0,Load on,0.0,Line Mode,1061500,0,00202507000200,OG-001,offgrid
70f0f2cfd74bef8e2b3c922e7f7eeb17,2026-03-26 19:03:26,00202507001060,Off Grid,00073.08,00012.29,227.8,49.9,0.0,0.0,0,0,0.0,0,0,0,227.8,49.9,2030,1935,18,230.0,47.8,48.0,230.0,47.8,50.0,11000,11000,48.0,57.6,57.6,Pylon,2.0,10.0,Appliance,Utility Solar Bat,Solar + Utility,6,53.0,360,0,0.0,Load on,0.0,Line Mode,1061500,0,00202507000200,OG-001,offgrid
72bd46d597ca59911cfc4408a9cc9a0f,2026-03-26 19:08:19,00202507001060,Off Grid,00073.08,00012.29,225.2,49.9,0.0,0.0,0,0,0.0,0,0,0,225.2,49.9,2319,2247,21,230.0,47.8,48.0,230.0,47.8,50.0,11000,11000,48.0,57.6,57.6,Pylon,2.0,10.0,Appliance,Utility Solar Bat,Solar + Utility,6,53.0,354,0,0.0,Load on,0.0,Line Mode,1061500,0,00202507000200,OG-001,offgrid
43eb385336c453cb73a8d96e0561da4c,2026-03-26 19:18:09,00202507001060,Off Grid,00073.08,00012.29,228.7,49.9,0.0,0.0,0,0,0.0,0,0,0,228.7,49.9,2149,2092,19,230.0,47.8,48.0,230.0,47.8,50.0,11000,11000,48.0,57.6,57.6,Pylon,2.0,10.0,Appliance,Utility Solar Bat,Solar + Utility,6,53.0,359,0,0.0,Load on,0.0,Line Mode,1061500,0,00202507000200,OG-001,offgrid
7468f20a7897a21b3ec7a4a3d06ce3fe,2026-03-26 19:23:04,00202507001060,Off Grid,00073.08,00012.29,226.9,49.9,0.0,0.0,0,0,0.0,0,0,0,226.9,49.9,2397,2323,21,230.0,47.8,48.0,230.0,47.8,50.0,11000,11000,48.0,57.6,57.6,Pylon,2.0,10.0,Appliance,Utility Solar Bat,Solar + Utility,6,53.0,356,0,0.0,Load on,0.0,Line Mode,1061500,0,00202507000200,OG-001,offgrid
43339d994e5a9797493a3c04e6f144c5,2026-03-26 19:27:57,00202507001060,Off Grid,00073.08,00012.29,221.1,50.0,0.0,0.0,0,0,0.0,0,0,0,221.1,50.0,3294,3268,29,230.0,47.8,48.0,230.0,47.8,50.0,11000,11000,48.0,57.6,57.6,Pylon,2.0,10.0,Appliance,Utility Solar Bat,Solar + Utility,6,53.0,350,0,0.0,Load on,0.0,Line Mode,1061500,0,00202507000200,OG-001,offgrid
6c524f9a632785213b26ad671ad5f01d,2026-03-26 19:32:51,00202507001060,Off Grid,00073.08,00012.29,228.0,50.0,0.0,0.0,0,0,0.0,0,0,0,228.0,50.0,1983,1925,18,230.0,47.8,48.0,230.0,47.8,50.0,11000,11000,48.0,57.6,57.6,Pylon,2.0,10.0,Appliance,Utility Solar Bat,Solar + Utility,6,53.0,359,0,0.0,Load on,0.0,Line Mode,1061500,0,00202507000200,OG-001,offgrid
56d3353c72c4e7f220530482164384f2,2026-03-26 19:37:45,00202507001060,Off Grid,00073.08,00012.29,228.0,50.0,0.0,0.0,0,0,0.0,0,0,0,228.0,50.0,2029,1956,18,230.0,47.8,48.0,230.0,47.8,50.0,11000,11000,48.0,57.6,57.6,Pylon,2.0,10.0,Appliance,Utility Solar Bat,Solar + Utility,6,53.0,357,0,0.0,Load on,0.0,Line Mode,1061500,0,00202507000200,OG-001,offgrid
15d1720e752c00dd0feba5dadf944d1d,2026-03-26 19:42:38,00202507001060,Off Grid,00073.08,00012.29,228.0,49.9,0.0,0.0,0,0,0.0,0,0,0,228.0,49.9,2138,2068,19,230.0,47.8,48.0,230.0,47.8,50.0,11000,11000,48.0,57.6,57.6,Pylon,2.0,10.0,Appliance,Utility Solar Bat,Solar + Utility,6,53.0,359,0,0.0,Load on,0.0,Line Mode,1061500,0,00202507000200,OG-001,offgrid
0a400e76ca4f9e7c27ab11ba973cd854,2026-03-26 19:47:36,00202507001060,Off Grid,00073.08,00012.29,229.0,49.9,0.0,0.0,0,0,0.0,0,0,0,229.0,49.9,2065,1987,18,230.0,47.8,48.0,230.0,47.8,50.0,11000,11000,48.0,57.6,57.6,Pylon,2.0,10.0,Appliance,Utility Solar Bat,Solar + Utility,6,53.0,361,0,0.0,Load on,0.0,Line Mode,1061500,0,00202507000200,OG-001,offgrid
075a57a03085248b4390356ee35e383d,2026-03-26 19:52:32,00202507001060,Off Grid,00073.08,00012.29,230.1,49.9,0.0,0.0,0,0,0.0,0,0,0,230.1,49.9,1817,1734,16,230.0,47.8,48.0,230.0,47.8,50.0,11000,11000,48.0,57.6,57.6,Pylon,2.0,10.0,Appliance,Utility Solar Bat,Solar + Utility,6,53.0,361,0,0.0,Load on,0.0,Line Mode,1061500,0,00202507000200,OG-001,offgrid
1496954fe33a7ab93f99f1d66b24dd88,2026-03-26 19:57:28,00202507001060,Off Grid,00073.08,00012.29,228.8,50.0,0.0,0.0,0,0,0.0,0,0,0,228.8,50.0,1944,1834,17,230.0,47.8,48.0,230.0,47.8,50.0,11000,11000,48.0,57.6,57.6,Pylon,2.0,10.0,Appliance,Utility Solar Bat,Solar + Utility,6,53.0,359,0,0.0,Load on,0.0,Line Mode,1061500,0,00202507000200,OG-001,offgrid
79cb3dd98b3fc11f5a43c5f552a8ebd5,2026-03-26 20:07:18,00202507001060,Off Grid,00073.08,00012.29,229.3,49.9,0.0,0.0,0,0,0.0,0,0,0,229.3,49.9,1973,1921,17,230.0,47.8,48.0,230.0,47.8,50.0,11000,11000,48.0,57.6,57.6,Pylon,2.0,10.0,Appliance,Utility Solar Bat,Solar + Utility,6,53.0,361,0,0.0,Load on,0.0,Line Mode,1061500,0,00202507000200,OG-001,offgrid
5ca2261429ea941b1569e24c34beefef,2026-03-26 20:12:10,00202507001060,Off Grid,00073.08,00012.29,229.8,50.0,0.0,0.0,0,0,0.0,0,0,0,229.8,50.0,1999,1888,18,230.0,47.8,48.0,230.0,47.8,50.0,11000,11000,48.0,57.6,57.6,Pylon,2.0,10.0,Appliance,Utility Solar Bat,Solar + Utility,6,53.0,361,0,0.0,Load on,0.0,Line Mode,1061500,0,00202507000200,OG-001,offgrid
00324a1f0aa514aa38fcad8d12e0f5d8,2026-03-26 20:17:03,00202507001060,Off Grid,00073.08,00012.29,229.1,49.9,0.0,0.0,0,0,0.0,0,0,0,229.1,49.9,1947,1844,17,230.0,47.8,48.0,230.0,47.8,50.0,11000,11000,48.0,57.6,57.6,Pylon,2.0,10.0,Appliance,Utility Solar Bat,Solar + Utility,6,53.0,361,0,0.0,Load on,0.0,Line Mode,1061500,0,00202507000200,OG-001,offgrid
69511640fc75f3a21f94ffa1630caefb,2026-03-26 20:26:51,00202507001060,Off Grid,00073.08,00012.29,229.7,49.9,0.0,0.0,0,0,0.0,0,0,0,229.7,49.9,1998,1834,18,230.0,47.8,48.0,230.0,47.8,50.0,11000,11000,48.0,57.6,57.6,Pylon,2.0,10.0,Appliance,Utility Solar Bat,Solar + Utility,6,53.0,360,0,0.0,Load on,0.0,Line Mode,1061500,0,00202507000200,OG-001,offgrid
7ad8efb702a1a257351859a7211d6c32,2026-03-26 20:36:39,00202507001060,Off Grid,00073.08,00012.29,228.0,49.9,0.0,0.0,0,0,0.0,0,0,0,228.0,49.9,2439,2376,22,230.0,47.8,48.0,230.0,47.8,50.0,11000,11000,48.0,57.6,57.6,Pylon,2.0,10.0,Appliance,Utility Solar Bat,Solar + Utility,6,53.0,358,0,0.0,Load on,0.0,Line Mode,1061500,0,00202507000200,OG-001,offgrid
6ecce6811276c1440b9ce7a87ebc5768,2026-03-26 20:41:36,00202507001060,Off Grid,00073.08,00012.29,231.0,50.0,0.0,0.0,0,0,0.0,0,0,0,231.0,50.0,1963,1873,17,230.0,47.8,48.0,230.0,47.8,50.0,11000,11000,48.0,57.6,57.6,Pylon,2.0,10.0,Appliance,Utility Solar Bat,Solar + Utility,6,53.0,362,0,0.0,Load on,0.0,Line Mode,1061500,0,00202507000200,OG-001,offgrid
7686e4b647962fbf0c4fb1ec302c2d3a,2026-03-26 20:46:32,00202507001060,Off Grid,00073.08,00012.29,229.1,50.0,0.0,0.0,0,0,0.0,0,0,0,229.1,50.0,2064,2064,18,230.0,47.8,48.0,230.0,47.8,50.0,11000,11000,48.0,57.6,57.6,Pylon,2.0,10.0,Appliance,Utility Solar Bat,Solar + Utility,6,53.0,361,0,0.0,Load on,0.0,Line Mode,1061500,0,00202507000200,OG-001,offgrid
5686fea4b07c08537c338e3383b463ce,2026-03-26 20:51:26,00202507001060,Off Grid,00073.08,00012.29,230.3,49.9,0.0,0.0,0,0,0.0,0,0,0,230.3,49.9,2141,2064,19,230.0,47.8,48.0,230.0,47.8,50.0,11000,11000,48.0,57.6,57.6,Pylon,2.0,10.0,Appliance,Utility Solar Bat,Solar + Utility,6,53.0,362,0,0.0,Load on,0.0,Line Mode,1061500,0,00202507000200,OG-001,offgrid
231ce8ea41895dfd049f24f80ea7e708,2026-03-26 21:01:22,00202507001060,Off Grid,00073.08,00012.29,231.2,50.0,0.0,0.0,0,0,0.0,0,0,0,231.2,50.0,1988,1897,18,230.0,47.8,48.0,230.0,47.8,50.0,11000,11000,48.0,57.6,57.6,Pylon,2.0,10.0,Appliance,Utility Solar Bat,Solar + Utility,6,53.0,362,0,0.0,Load on,0.0,Line Mode,1061500,0,00202507000200,OG-001,offgrid
7f615c27a55715110ae9b597b60e4d07,2026-03-26 21:06:18,00202507001060,Off Grid,00073.08,00012.29,232.4,49.9,0.0,0.0,0,0,0.0,0,0,0,232.4,49.9,1949,1947,17,230.0,47.8,48.0,230.0,47.8,50.0,11000,11000,48.0,57.6,57.6,Pylon,2.0,10.0,Appliance,Utility Solar Bat,Solar + Utility,6,53.0,364,0,0.0,Load on,0.0,Line Mode,1061500,0,00202507000200,OG-001,offgrid
11391e8f3a912651487f854c4a424b68,2026-03-26 21:11:15,00202507001060,Off Grid,00073.08,00012.29,230.0,49.9,0.0,0.0,0,0,0.0,0,0,0,230.0,49.9,2116,2020,19,230.0,47.8,48.0,230.0,47.8,50.0,11000,11000,48.0,57.6,57.6,Pylon,2.0,10.0,Appliance,Utility Solar Bat,Solar + Utility,6,53.0,362,0,0.0,Load on,0.0,Line Mode,1061500,0,00202507000200,OG-001,offgrid
0f2101d30814cbba6a031e2f851b73c9,2026-03-26 21:21:11,00202507001060,Off Grid,00073.08,00012.29,226.2,50.0,0.0,0.0,0,0,0.0,0,0,0,226.2,50.0,3456,3406,31,230.0,47.8,48.0,230.0,47.8,50.0,11000,11000,48.0,57.6,57.6,Pylon,2.0,10.0,Appliance,Utility Solar Bat,Solar + Utility,6,53.0,355,0,0.0,Load on,0.0,Line Mode,1061500,0,00202507000200,OG-001,offgrid
1feeebf0ed8c19dd7816673b1b9f4182,2026-03-26 21:26:10,00202507001060,Off Grid,00073.08,00012.29,231.0,50.0,0.0,0.0,0,0,0.0,0,0,0,231.0,50.0,2217,2112,20,230.0,47.8,48.0,230.0,47.8,50.0,11000,11000,48.0,57.6,57.6,Pylon,2.0,10.0,Appliance,Utility Solar Bat,Solar + Utility,6,53.0,363,0,0.0,Load on,0.0,Line Mode,1061500,0,00202507000200,OG-001,offgrid
2674fca248be065f5aa769fb9488d2d0,2026-03-26 21:31:08,00202507001060,Off Grid,00073.08,00012.29,233.5,50.1,0.0,0.0,0,0,0.0,0,0,0,233.5,50.1,2194,2095,19,230.0,47.8,48.0,230.0,47.8,50.0,11000,11000,48.0,57.6,57.6,Pylon,2.0,10.0,Appliance,Utility Solar Bat,Solar + Utility,6,53.0,366,0,0.0,Load on,0.0,Line Mode,1061500,0,00202507000200,OG-001,offgrid
70f812e8c619ab8f76954b9acc606758,2026-03-26 21:41:04,00202507001060,Off Grid,00073.08,00012.29,232.2,49.8,0.0,0.0,0,0,0.0,0,0,0,232.2,49.8,2461,2400,22,230.0,47.8,48.0,230.0,47.8,50.0,11000,11000,48.0,57.6,57.6,Pylon,2.0,10.0,Appliance,Utility Solar Bat,Solar + Utility,6,53.0,364,0,0.0,Load on,0.0,Line Mode,1061500,0,00202507000200,OG-001,offgrid
01ed99b917f9f1ca0e282634fccc9d08,2026-03-26 21:51:00,00202507001060,Off Grid,00073.08,00012.29,234.2,49.9,0.0,0.0,0,0,0.0,0,0,0,234.2,49.9,2365,2302,21,230.0,47.8,48.0,230.0,47.8,50.0,11000,11000,48.0,57.6,57.6,Pylon,2.0,10.0,Appliance,Utility Solar Bat,Solar + Utility,6,53.0,367,0,0.0,Load on,0.0,Line Mode,1061500,0,00202507000200,OG-001,offgrid
0b2b1f6baaba8dc141709561fc43ec0c,2026-03-26 22:10:54,00202507001060,Off Grid,00073.08,00012.29,235.2,50.0,0.0,0.0,0,0,0.0,0,0,0,235.2,50.0,2046,1955,18,230.0,47.8,48.0,230.0,47.8,50.0,11000,11000,48.0,57.6,57.6,Pylon,2.0,10.0,Appliance,Utility Solar Bat,Solar + Utility,6,53.0,369,0,0.0,Load on,0.0,Line Mode,1061500,0,00202507000200,OG-001,offgrid
35b102264541d8a927280146a42efb4a,2026-03-26 22:15:51,00202507001060,Off Grid,00073.08,00012.29,235.7,50.0,0.0,0.0,0,0,0.0,0,0,0,235.7,50.0,2011,1899,18,230.0,47.8,48.0,230.0,47.8,50.0,11000,11000,48.0,57.6,57.6,Pylon,2.0,10.0,Appliance,Utility Solar Bat,Solar + Utility,6,53.0,371,0,0.0,Load on,0.0,Line Mode,1061500,0,00202507000200,OG-001,offgrid
601581427dc122ee7391dfc2a24bd226,2026-03-26 22:20:49,00202507001060,Off Grid,00073.08,00012.29,237.3,50.0,0.0,0.0,0,0,0.0,0,0,0,237.3,50.0,2040,1940,18,230.0,47.8,48.0,230.0,47.8,50.0,11000,11000,48.0,57.6,57.6,Pylon,2.0,10.0,Appliance,Utility Solar Bat,Solar + Utility,6,53.0,372,0,0.0,Load on,0.0,Line Mode,1061500,0,00202507000200,OG-001,offgrid
2f5a89e53f86f8702b770896a0910df2,2026-03-26 22:30:48,00202507001060,Off Grid,00073.08,00012.29,235.1,49.9,0.0,0.0,0,0,0.0,0,0,0,235.1,49.9,2727,2695,24,230.0,47.8,48.0,230.0,47.8,50.0,11000,11000,48.0,57.6,57.6,Pylon,2.0,10.0,Appliance,Utility Solar Bat,Solar + Utility,6,53.0,369,0,0.0,Load on,0.0,Line Mode,1061500,0,00202507000200,OG-001,offgrid
27bb411e3924b83f6d06258bb15815d2,2026-03-26 22:35:47,00202507001060,Off Grid,00073.08,00012.29,235.3,50.0,0.0,0.0,0,0,0.0,0,0,0,235.3,50.0,2823,2698,25,230.0,47.8,48.0,230.0,47.8,50.0,11000,11000,48.0,57.6,57.6,Pylon,2.0,10.0,Appliance,Utility Solar Bat,Solar + Utility,6,53.0,369,0,0.0,Load on,0.0,Line Mode,1061500,0,00202507000200,OG-001,offgrid
162467e8337f5ea33ff15be841856f74,2026-03-26 22:40:46,00202507001060,Off Grid,00073.08,00012.29,231.9,49.9,0.0,0.0,0,0,0.0,0,0,0,231.9,49.9,2847,2807,25,230.0,47.8,48.0,230.0,47.8,50.0,11000,11000,48.0,57.6,57.6,Pylon,2.0,10.0,Appliance,Utility Solar Bat,Solar + Utility,6,53.0,365,0,0.0,Load on,0.0,Line Mode,1061500,0,00202507000200,OG-001,offgrid
770bb97af5058042393e85d789f77e47,2026-03-26 22:50:46,00202507001060,Off Grid,00073.08,00012.29,234.8,50.0,0.0,0.0,0,0,0.0,0,0,0,234.8,50.0,1995,1870,18,230.0,47.8,48.0,230.0,47.8,50.0,11000,11000,48.0,57.6,57.6,Pylon,2.0,10.0,Appliance,Utility Solar Bat,Solar + Utility,6,53.0,369,0,0.0,Load on,0.0,Line Mode,1061500,0,00202507000200,OG-001,offgrid
102e664d3fe966141370118ba55af451,2026-03-26 23:00:43,00202507001060,Off Grid,00073.08,00012.29,235.5,50.0,0.0,0.0,0,0,0.0,0,0,0,235.5,50.0,2095,2075,19,230.0,47.8,48.0,230.0,47.8,50.0,11000,11000,48.0,57.6,57.6,Pylon,2.0,10.0,Appliance,Utility Solar Bat,Solar + Utility,6,53.0,369,0,0.0,Load on,0.0,Line Mode,1061500,0,00202507000200,OG-001,offgrid
5c26a8e535282dc4586d30382499a348,2026-03-26 23:05:41,00202507001060,Off Grid,00073.08,00012.29,234.7,50.1,0.0,0.0,0,0,0.0,0,0,0,234.7,50.1,2206,2153,20,230.0,47.8,48.0,230.0,47.8,50.0,11000,11000,48.0,57.6,57.6,Pylon,2.0,10.0,Appliance,Utility Solar Bat,Solar + Utility,6,53.0,369,0,0.0,Load on,0.0,Line Mode,1061500,0,00202507000200,OG-001,offgrid
4a829da8b07ce14c30e3a33e74150502,2026-03-26 23:15:40,00202507001060,Off Grid,00073.08,00012.29,237.1,49.9,0.0,0.0,0,0,0.0,0,0,0,237.1,49.9,2062,1950,18,230.0,47.8,48.0,230.0,47.8,50.0,11000,11000,48.0,57.6,57.6,Pylon,2.0,10.0,Appliance,Utility Solar Bat,Solar + Utility,6,53.0,372,0,0.0,Load on,0.0,Line Mode,1061500,0,00202507000200,OG-001,offgrid
6bff23e998e9571a758fb74e195de9ea,2026-03-26 23:20:41,00202507001060,Off Grid,00073.08,00012.29,237.0,49.9,0.0,0.0,0,0,0.0,0,0,0,237.0,49.9,2204,2094,20,230.0,47.8,48.0,230.0,47.8,50.0,11000,11000,48.0,57.6,57.6,Pylon,2.0,10.0,Appliance,Utility Solar Bat,Solar + Utility,6,53.0,372,0,0.0,Load on,0.0,Line Mode,1061500,0,00202507000200,OG-001,offgrid
5646fe04f5220caa151dcb929ce47890,2026-03-26 23:25:40,00202507001060,Off Grid,00073.08,00012.29,238.0,50.0,0.0,0.0,0,0,0.0,0,0,0,238.0,50.0,2094,2024,19,230.0,47.8,48.0,230.0,47.8,50.0,11000,11000,48.0,57.6,57.6,Pylon,2.0,10.0,Appliance,Utility Solar Bat,Solar + Utility,6,53.0,374,0,0.0,Load on,0.0,Line Mode,1061500,0,00202507000200,OG-001,offgrid
45fe521547d660c74dbed0ca23b1e0e8,2026-03-26 23:35:36,00202507001060,Off Grid,00073.08,00012.29,236.7,49.8,0.0,0.0,0,0,0.0,0,0,0,236.7,49.8,2035,1962,18,230.0,47.8,48.0,230.0,47.8,50.0,11000,11000,48.0,57.6,57.6,Pylon,2.0,10.0,Appliance,Utility Solar Bat,Solar + Utility,6,53.0,371,0,0.0,Load on,0.0,Line Mode,1061500,0,00202507000200,OG-001,offgrid
3ffbe965d267c68b2da48950e6c5b83b,2026-03-26 23:40:33,00202507001060,Off Grid,00073.08,00012.29,236.0,50.1,0.0,0.0,0,0,0.0,0,0,0,236.0,50.1,2014,1965,18,230.0,47.8,48.0,230.0,47.8,50.0,11000,11000,48.0,57.6,57.6,Pylon,2.0,10.0,Appliance,Utility Solar Bat,Solar + Utility,6,53.0,371,0,0.0,Load on,0.0,Line Mode,1061500,0,00202507000200,OG-001,offgrid
5bae248214c4666e22c6c12524979c6f,2026-03-26 23:50:30,00202507001060,Off Grid,00073.08,00012.29,241.3,49.9,0.0,0.0,0,0,0.0,0,0,0,241.3,49.9,2023,1939,18,230.0,47.8,48.0,230.0,47.8,50.0,11000,11000,48.0,57.6,57.6,Pylon,2.0,10.0,Appliance,Utility Solar Bat,Solar + Utility,6,53.0,378,0,0.0,Load on,0.0,Line Mode,1061500,0,00202507000200,OG-001,offgrid
200192c25a0b19ee14885e0abf9e4443,2026-03-26 23:55:27,00202507001060,Off Grid,00073.08,00012.29,238.2,50.2,0.0,0.0,0,0,0.0,0,0,0,238.2,50.2,2191,2079,19,230.0,47.8,48.0,230.0,47.8,50.0,11000,11000,48.0,57.6,57.6,Pylon,2.0,10.0,Appliance,Utility Solar Bat,Solar + Utility,6,53.0,374,0,0.0,Load on,0.0,Line Mode,1061500,0,00202507000200,OG-001,offgrid
6a9dffc7952bba5f125b6d452e78c7bf,2026-03-27 00:00:26,00202507001060,Off Grid,00073.08,00012.29,239.3,50.0,0.0,0.0,0,0,0.0,0,0,0,239.3,50.0,2177,2094,19,230.0,47.8,48.0,230.0,47.8,50.0,11000,11000,48.0,57.6,57.6,Pylon,2.0,10.0,Appliance,Utility Solar Bat,Solar + Utility,6,53.0,376,0,0.0,Load on,0.0,Line Mode,1061500,0,00202507000200,OG-001,offgrid
30168a3807ece5c32bf07aebea4e3dee,2026-03-27 00:05:23,00202507001060,Off Grid,00073.08,00012.29,233.7,49.9,0.0,0.0,0,0,0.0,0,0,0,233.7,49.9,3295,3252,29,230.0,47.8,48.0,230.0,47.8,50.0,11000,11000,48.0,57.6,57.6,Pylon,2.0,10.0,Appliance,Utility Solar Bat,Solar + Utility,6,53.0,367,0,0.0,Load on,0.0,Line Mode,1061500,0,00202507000200,OG-001,offgrid
01e93f92bc23304b0c7353f3d0084099,2026-03-27 00:10:22,00202507001060,Off Grid,00073.08,00012.29,233.1,50.0,0.0,0.0,0,0,0.0,0,0,0,233.1,50.0,3360,3280,30,230.0,47.8,48.0,230.0,47.8,50.0,11000,11000,48.0,57.6,57.6,Pylon,2.0,10.0,Appliance,Utility Solar Bat,Solar + Utility,6,53.0,366,0,0.0,Load on,0.0,Line Mode,1061500,0,00202507000200,OG-001,offgrid
11c940431cdbd30716eabef0ff653eb7,2026-03-27 00:15:21,00202507001060,Off Grid,00073.08,00012.29,239.7,50.0,0.0,0.0,0,0,0.0,0,0,0,239.7,50.0,2064,1961,18,230.0,47.8,48.0,230.0,47.8,50.0,11000,11000,48.0,57.6,57.6,Pylon,2.0,10.0,Appliance,Utility Solar Bat,Solar + Utility,6,53.0,376,0,0.0,Load on,0.0,Line Mode,1061500,0,00202507000200,OG-001,offgrid
52a6f8a96d572e0846b83527c1f75d24,2026-03-27 00:25:20,00202507001060,Off Grid,00073.08,00012.29,238.1,50.0,0.0,0.0,0,0,0.0,0,0,0,238.1,50.0,2163,2094,19,230.0,47.8,48.0,230.0,47.8,50.0,11000,11000,48.0,57.6,57.6,Pylon,2.0,10.0,Appliance,Utility Solar Bat,Solar + Utility,6,53.0,373,0,0.0,Load on,0.0,Line Mode,1061500,0,00202507000200,OG-001,offgrid
5665391871f3f8f54534b5fa62648056,2026-03-27 00:30:18,00202507001060,Off Grid,00073.08,00012.29,238.9,49.9,0.0,0.0,0,0,0.0,0,0,0,238.9,49.9,2126,2028,19,230.0,47.8,48.0,230.0,47.8,50.0,11000,11000,48.0,57.6,57.6,Pylon,2.0,10.0,Appliance,Utility Solar Bat,Solar + Utility,6,53.0,374,0,0.0,Load on,0.0,Line Mode,1061500,0,00202507000200,OG-001,offgrid
407c9ed1d9cbb5fc246a74d4b00e12b2,2026-03-27 00:35:15,00202507001060,Off Grid,00073.08,00012.29,238.9,50.0,0.0,0.0,0,0,0.0,0,0,0,238.9,50.0,2197,2143,19,230.0,47.8,48.0,230.0,47.8,50.0,11000,11000,48.0,57.6,57.6,Pylon,2.0,10.0,Appliance,Utility Solar Bat,Solar + Utility,6,53.0,374,0,0.0,Load on,0.0,Line Mode,1061500,0,00202507000200,OG-001,offgrid
72dbe41ee276776a44e135dc84398e6d,2026-03-27 00:40:15,00202507001060,Off Grid,00073.08,00012.29,240.2,50.0,0.0,0.0,0,0,0.0,0,0,0,240.2,50.0,1945,1856,17,230.0,47.8,48.0,230.0,47.8,50.0,11000,11000,48.0,57.6,57.6,Pylon,2.0,10.0,Appliance,Utility Solar Bat,Solar + Utility,6,53.0,376,0,0.0,Load on,0.0,Line Mode,1061500,0,00202507000200,OG-001,offgrid
2172d4e6e23361cd20d11d1444b79371,2026-03-27 00:45:13,00202507001060,Off Grid,00073.08,00012.29,239.2,49.9,0.0,0.0,0,0,0.0,0,0,0,239.2,49.9,2009,1921,18,230.0,47.8,48.0,230.0,47.8,50.0,11000,11000,48.0,57.6,57.6,Pylon,2.0,10.0,Appliance,Utility Solar Bat,Solar + Utility,6,53.0,375,0,0.0,Load on,0.0,Line Mode,1061500,0,00202507000200,OG-001,offgrid
57c4d42416ad2e180b7a99ff7e1778e0,2026-03-27 00:50:11,00202507001060,Off Grid,00073.08,00012.29,237.8,49.9,0.0,0.0,0,0,0.0,0,0,0,237.8,49.9,2068,2037,18,230.0,47.8,48.0,230.0,47.8,50.0,11000,11000,48.0,57.6,57.6,Pylon,2.0,10.0,Appliance,Utility Solar Bat,Solar + Utility,6,53.0,373,0,0.0,Load on,0.0,Line Mode,1061500,0,00202507000200,OG-001,offgrid
4959bcfed2094988472bc6cb2eabecae,2026-03-27 00:55:09,00202507001060,Off Grid,00073.08,00012.29,238.5,49.9,0.0,0.0,0,0,0.0,0,0,0,238.5,49.9,2170,2064,19,230.0,47.8,48.0,230.0,47.8,50.0,11000,11000,48.0,57.6,57.6,Pylon,2.0,10.0,Appliance,Utility Solar Bat,Solar + Utility,6,53.0,375,0,0.0,Load on,0.0,Line Mode,1061500,0,00202507000200,OG-001,offgrid
1a3ced145e5403ae18ed6fee521646c3,2026-03-27 01:00:07,00202507001060,Off Grid,00073.08,00012.29,239.0,49.9,0.0,0.0,0,0,0.0,0,0,0,239.0,49.9,2246,2160,20,230.0,47.8,48.0,230.0,47.8,50.0,11000,11000,48.0,57.6,57.6,Pylon,2.0,10.0,Appliance,Utility Solar Bat,Solar + Utility,6,53.0,374,0,0.0,Load on,0.0,Line Mode,1061500,0,00202507000200,OG-001,offgrid
1f7b77d34214062f1423038deec7520e,2026-03-27 01:05:06,00202507001060,Off Grid,00073.08,00012.29,240.5,49.9,0.0,0.0,0,0,0.0,0,0,0,240.5,49.9,2284,2181,20,230.0,47.8,48.0,230.0,47.8,50.0,11000,11000,48.0,57.6,57.6,Pylon,2.0,10.0,Appliance,Utility Solar Bat,Solar + Utility,6,53.0,377,0,0.0,Load on,0.0,Line Mode,1061500,0,00202507000200,OG-001,offgrid
0457758a6582dc542329314a85760cbf,2026-03-27 01:10:04,00202507001060,Off Grid,00073.08,00012.29,236.6,49.9,0.0,0.0,0,0,0.0,0,0,0,236.6,49.9,2460,2363,22,230.0,47.8,48.0,230.0,47.8,50.0,11000,11000,48.0,57.6,57.6,Pylon,2.0,10.0,Appliance,Utility Solar Bat,Solar + Utility,6,53.0,372,0,0.0,Load on,0.0,Line Mode,1061500,0,00202507000200,OG-001,offgrid
081707c475125d205f785468c2c76429,2026-03-27 01:24:57,00202507001060,Off Grid,00073.08,00012.29,236.7,50.0,0.0,0.0,0,0,0.0,0,0,0,236.7,50.0,2318,2184,21,230.0,47.8,48.0,230.0,47.8,50.0,11000,11000,48.0,57.6,57.6,Pylon,2.0,10.0,Appliance,Utility Solar Bat,Solar + Utility,6,53.0,371,0,0.0,Load on,0.0,Line Mode,1061500,0,00202507000200,OG-001,offgrid
2660316e96d51d24573cf18b7222affc,2026-03-27 01:34:54,00202507001060,Off Grid,00073.08,00012.29,233.0,49.9,0.0,0.0,0,0,0.0,0,0,0,233.0,49.9,2842,2755,25,230.0,47.8,48.0,230.0,47.8,50.0,11000,11000,48.0,57.6,57.6,Pylon,2.0,10.0,Appliance,Utility Solar Bat,Solar + Utility,6,53.0,365,0,0.0,Load on,0.0,Line Mode,1061500,0,00202507000200,OG-001,offgrid
16b8148a51ea51a32f62377ee1dd7805,2026-03-27 01:39:52,00202507001060,Off Grid,00073.08,00012.29,236.2,49.9,0.0,0.0,0,0,0.0,0,0,0,236.2,49.9,2736,2682,24,230.0,47.8,48.0,230.0,47.8,50.0,11000,11000,48.0,57.6,57.6,Pylon,2.0,10.0,Appliance,Utility Solar Bat,Solar + Utility,6,53.0,371,0,0.0,Load on,0.0,Line Mode,1061500,0,00202507000200,OG-001,offgrid
27be3b53bdac2feb34fd85b18fe9e16c,2026-03-27 01:44:52,00202507001060,Off Grid,00073.08,00012.29,237.1,50.0,0.0,0.0,0,0,0.0,0,0,0,237.1,50.0,2679,2609,24,230.0,47.8,48.0,230.0,47.8,50.0,11000,11000,48.0,57.6,57.6,Pylon,2.0,10.0,Appliance,Utility Solar Bat,Solar + Utility,6,53.0,371,0,0.0,Load on,0.0,Line Mode,1061500,0,00202507000200,OG-001,offgrid
7b878b8779b12726092411a92f4d7c51,2026-03-27 01:49:51,00202507001060,Off Grid,00073.08,00012.29,237.1,49.9,0.0,0.0,0,0,0.0,0,0,0,237.1,49.9,2655,2614,24,230.0,47.8,48.0,230.0,47.8,50.0,11000,11000,48.0,57.6,57.6,Pylon,2.0,10.0,Appliance,Utility Solar Bat,Solar + Utility,6,53.0,373,0,0.0,Load on,0.0,Line Mode,1061500,0,00202507000200,OG-001,offgrid
5242d40e04f15ab44440866654593343,2026-03-27 01:59:50,00202507001060,Off Grid,00073.08,00012.29,240.0,50.0,0.0,0.0,0,0,0.0,0,0,0,240.0,50.0,2328,2209,21,230.0,47.8,48.0,230.0,47.8,50.0,11000,11000,48.0,57.6,57.6,Pylon,2.0,10.0,Appliance,Utility Solar Bat,Solar + Utility,6,53.0,377,0,0.0,Load on,0.0,Line Mode,1061500,0,00202507000200,OG-001,offgrid
7f0592bd6e1c577e2237ab14f4fad5f6,2026-03-27 02:09:47,00202507001060,Off Grid,00073.08,00012.29,238.3,50.0,0.0,0.0,0,0,0.0,0,0,0,238.3,50.0,2525,2452,22,230.0,47.8,48.0,230.0,47.8,50.0,11000,11000,48.0,57.6,57.6,Pylon,2.0,10.0,Appliance,Utility Solar Bat,Solar + Utility,6,53.0,373,0,0.0,Load on,0.0,Line Mode,1061500,0,00202507000200,OG-001,offgrid
0a859825c23d6fa563eb30439b648cdf,2026-03-27 02:14:46,00202507001060,Off Grid,00073.08,00012.29,236.7,50.0,0.0,0.0,0,0,0.0,0,0,0,236.7,50.0,2503,2457,22,230.0,47.8,48.0,230.0,47.8,50.0,11000,11000,48.0,57.6,57.6,Pylon,2.0,10.0,Appliance,Utility Solar Bat,Solar + Utility,6,53.0,371,0,0.0,Load on,0.0,Line Mode,1061500,0,00202507000200,OG-001,offgrid
4884f8aefeaba0cf25a064bfc21220f5,2026-03-27 02:19:43,00202507001060,Off Grid,00073.08,00012.29,238.7,50.0,0.0,0.0,0,0,0.0,0,0,0,238.7,50.0,2148,2064,19,230.0,47.8,48.0,230.0,47.8,50.0,11000,11000,48.0,57.6,57.6,Pylon,2.0,10.0,Appliance,Utility Solar Bat,Solar + Utility,6,53.0,375,0,0.0,Load on,0.0,Line Mode,1061500,0,00202507000200,OG-001,offgrid
767b0cbf53a8f43059e9d621fa7008ca,2026-03-27 02:29:39,00202507001060,Off Grid,00073.08,00012.29,240.1,49.9,0.0,0.0,0,0,0.0,0,0,0,240.1,49.9,2114,2073,19,230.0,47.8,48.0,230.0,47.8,50.0,11000,11000,48.0,57.6,57.6,Pylon,2.0,10.0,Appliance,Utility Solar Bat,Solar + Utility,6,53.0,376,0,0.0,Load on,0.0,Line Mode,1061500,0,00202507000200,OG-001,offgrid
2220971b8e6b52da744efa344f949985,2026-03-27 02:34:35,00202507001060,Off Grid,00073.08,00012.29,239.7,49.9,0.0,0.0,0,0,0.0,0,0,0,239.7,49.9,2157,2097,19,230.0,47.8,48.0,230.0,47.8,50.0,11000,11000,48.0,57.6,57.6,Pylon,2.0,10.0,Appliance,Utility Solar Bat,Solar + Utility,6,53.0,375,0,0.0,Load on,0.0,Line Mode,1061500,0,00202507000200,OG-001,offgrid
115265c5dc9e58591f632025a122ec71,2026-03-27 02:49:29,00202507001060,Off Grid,00073.08,00012.29,238.8,49.9,0.0,0.0,0,0,0.0,0,0,0,238.8,49.9,2316,2199,21,230.0,47.8,48.0,230.0,47.8,50.0,11000,11000,48.0,57.6,57.6,Pylon,2.0,10.0,Appliance,Utility Solar Bat,Solar + Utility,6,53.0,374,0,0.0,Load on,0.0,Line Mode,1061500,0,00202507000200,OG-001,offgrid
572384ac48055b1b2eb8669a545a7cfc,2026-03-27 03:04:25,00202507001060,Off Grid,00073.08,00012.29,239.7,49.9,0.0,0.0,0,0,0.0,0,0,0,239.7,49.9,2426,2384,22,230.0,47.8,48.0,230.0,47.8,50.0,11000,11000,48.0,57.6,57.6,Pylon,2.0,10.0,Appliance,Utility Solar Bat,Solar + Utility,6,53.0,377,0,0.0,Load on,0.0,Line Mode,1061500,0,00202507000200,OG-001,offgrid
206f3249e6b5a0482628f54126c6ec98,2026-03-27 03:24:17,00202507001060,Off Grid,00073.08,00012.29,238.7,50.0,0.0,0.0,0,0,0.0,0,0,0,238.7,50.0,2100,1987,19,230.0,47.8,48.0,230.0,47.8,50.0,11000,11000,48.0,57.6,57.6,Pylon,2.0,10.0,Appliance,Utility Solar Bat,Solar + Utility,6,53.0,375,0,0.0,Load on,0.0,Line Mode,1061500,0,00202507000200,OG-001,offgrid
1bd2efc3c1e1f5cd24e35b8959c96b68,2026-03-27 03:54:06,00202507001060,Off Grid,00073.08,00012.29,239.0,49.9,0.0,0.0,0,0,0.0,0,0,0,239.0,49.9,2038,1960,18,230.0,47.8,48.0,230.0,47.8,50.0,11000,11000,48.0,57.6,57.6,Pylon,2.0,10.0,Appliance,Utility Solar Bat,Solar + Utility,6,53.0,375,0,0.0,Load on,0.0,Line Mode,1061500,0,00202507000200,OG-001,offgrid
7abe452a943b119c5160bc4c248152ad,2026-03-27 03:59:04,00202507001060,Off Grid,00073.08,00012.29,239.9,50.0,0.0,0.0,0,0,0.0,0,0,0,239.9,50.0,2059,2016,18,230.0,47.8,48.0,230.0,47.8,50.0,11000,11000,48.0,57.6,57.6,Pylon,2.0,10.0,Appliance,Utility Solar Bat,Solar + Utility,6,53.0,375,0,0.0,Load on,0.0,Line Mode,1061500,0,00202507000200,OG-001,offgrid
32c2bb9ab2a59bb85980b5b4b845aeae,2026-03-27 04:04:00,00202507001060,Off Grid,00073.08,00012.29,239.2,50.0,0.0,0.0,0,0,0.0,0,0,0,239.2,50.0,2128,2122,19,230.0,47.8,48.0,230.0,47.8,50.0,11000,11000,48.0,57.6,57.6,Pylon,2.0,10.0,Appliance,Utility Solar Bat,Solar + Utility,6,53.0,375,0,0.0,Load on,0.0,Line Mode,1061500,0,00202507000200,OG-001,offgrid
5e07c7796683044c4adef6be8a32b406,2026-03-27 04:08:58,00202507001060,Off Grid,00073.08,00012.29,238.6,50.0,0.0,0.0,0,0,0.0,0,0,0,238.6,50.0,2286,2200,20,230.0,47.8,48.0,230.0,47.8,50.0,11000,11000,48.0,57.6,57.6,Pylon,2.0,10.0,Appliance,Utility Solar Bat,Solar + Utility,6,53.0,374,0,0.0,Load on,0.0,Line Mode,1061500,0,00202507000200,OG-001,offgrid
272144ca403c3bfe540972d982588cb0,2026-03-27 04:18:51,00202507001060,Off Grid,00073.08,00012.29,236.3,50.0,0.0,0.0,0,0,0.0,0,0,0,236.3,50.0,2481,2417,22,230.0,47.8,48.0,230.0,47.8,50.0,11000,11000,48.0,57.6,57.6,Pylon,2.0,10.0,Appliance,Utility Solar Bat,Solar + Utility,6,53.0,371,0,0.0,Load on,0.0,Line Mode,1061500,0,00202507000200,OG-001,offgrid
0f537dac149480593c9c39417a146c31,2026-03-27 04:23:49,00202507001060,Off Grid,00073.08,00012.29,238.3,49.9,0.0,0.0,0,0,0.0,0,0,0,238.3,49.9,2311,2222,21,230.0,47.8,48.0,230.0,47.8,50.0,11000,11000,48.0,57.6,57.6,Pylon,2.0,10.0,Appliance,Utility Solar Bat,Solar + Utility,6,53.0,374,0,0.0,Load on,0.0,Line Mode,1061500,0,00202507000200,OG-001,offgrid
0ab96c2716da461e6acb096a9c3a2158,2026-03-27 04:28:48,00202507001060,Off Grid,00073.08,00012.29,240.2,49.9,0.0,0.0,0,0,0.0,0,0,0,240.2,49.9,1964,1847,17,230.0,47.8,48.0,230.0,47.8,50.0,11000,11000,48.0,57.6,57.6,Pylon,2.0,10.0,Appliance,Utility Solar Bat,Solar + Utility,6,53.0,377,0,0.0,Load on,0.0,Line Mode,1061500,0,00202507000200,OG-001,offgrid
1bf8b9a65ac3ec430d99b92031bf026d,2026-03-27 04:33:46,00202507001060,Off Grid,00073.08,00012.29,239.5,50.0,0.0,0.0,0,0,0.0,0,0,0,239.5,50.0,1922,1804,17,230.0,47.8,48.0,230.0,47.8,50.0,11000,11000,48.0,57.6,57.6,Pylon,2.0,10.0,Appliance,Utility Solar Bat,Solar + Utility,6,53.0,376,0,0.0,Load on,0.0,Line Mode,1061500,0,00202507000200,OG-001,offgrid
0098cabce60e963e5292ea7014727a20,2026-03-27 04:48:40,00202507001060,Off Grid,00073.08,00012.29,240.2,50.0,0.0,0.0,0,0,0.0,0,0,0,240.2,50.0,2394,2278,21,230.0,47.8,48.0,230.0,47.8,50.0,11000,11000,48.0,57.6,57.6,Pylon,2.0,10.0,Appliance,Utility Solar Bat,Solar + Utility,6,53.0,376,0,0.0,Load on,0.0,Line Mode,1061500,0,00202507000200,OG-001,offgrid
50d52fd1f9920b3a53abfbbd85213cea,2026-03-27 05:03:28,00202507001060,Off Grid,00073.08,00012.29,240.0,49.9,0.0,0.0,0,0,0.0,0,0,0,240.0,49.9,2040,1972,18,230.0,47.8,48.0,230.0,47.8,50.0,11000,11000,48.0,57.6,57.6,Pylon,2.0,10.0,Appliance,Utility Solar Bat,Solar + Utility,6,53.0,376,0,0.0,Load on,0.0,Line Mode,1061500,0,00202507000200,OG-001,offgrid
7eb884542dc3a0193123e25124899606,2026-03-27 05:18:18,00202507001060,Off Grid,00073.08,00012.29,235.9,49.9,61.9,74.3,0,0,0.0,0,0,0,235.9,49.9,2712,2567,24,230.0,47.8,48.0,230.0,47.8,50.0,11000,11000,48.0,57.6,57.6,Pylon,2.0,10.0,Appliance,Utility Solar Bat,Solar + Utility,6,53.0,371,0,0.0,Load on,0.0,Line Mode,1061500,0,00202507000200,OG-001,offgrid
1fed4569c9f1708113ce9c78df81a0c9,2026-03-27 05:28:09,00202507001060,Off Grid,00073.08,00012.29,234.5,50.0,97.1,0.0,0,0,0.0,0,0,0,234.5,50.0,2906,2833,26,230.0,47.8,48.0,230.0,47.8,50.0,11000,11000,48.0,57.6,57.6,Pylon,2.0,10.0,Appliance,Utility Solar Bat,Solar + Utility,6,53.0,368,0,0.0,Load on,0.0,Line Mode,1061500,0,00202507000200,OG-001,offgrid
46c7e52cd73ab0f546e38fd40033709e,2026-03-27 05:33:07,00202507001060,Off Grid,00073.08,00012.29,233.4,50.0,0.0,0.0,0,0,0.0,0,0,0,233.4,50.0,2894,2853,26,230.0,47.8,48.0,230.0,47.8,50.0,11000,11000,48.0,57.6,57.6,Pylon,2.0,10.0,Appliance,Utility Solar Bat,Solar + Utility,6,53.0,366,0,0.0,Load on,0.0,Line Mode,1061500,0,00202507000200,OG-001,offgrid
44ed5d1b72ff0e35654654603232a3f0,2026-03-27 05:47:53,00202507001060,Off Grid,00073.08,00012.29,234.5,49.9,88.5,89.9,12,23,0.0,0,0,0,234.5,49.9,2556,2458,23,230.0,47.8,48.0,230.0,47.8,50.0,11000,11000,48.0,57.6,57.6,Pylon,2.0,10.0,Appliance,Utility Solar Bat,Solar + Utility,6,53.0,369,0,0.0,Load on,0.2,Line Mode,1061500,0,00202507000200,OG-001,offgrid
2611bfcedc08b4cf1a092598cd108138,2026-03-27 06:02:48,00202507001060,Off Grid,00073.08,00012.29,233.7,49.9,90.0,90.0,27,39,0.0,0,0,0,233.7,49.9,2594,2580,23,230.0,47.8,48.0,230.0,47.8,50.0,11000,11000,48.0,57.6,57.6,Pylon,2.0,10.0,Appliance,Utility Solar Bat,Solar + Utility,6,53.0,367,0,0.0,Load on,0.4,Line Mode,1061500,0,00202507000200,OG-001,offgrid
2a6673a36863c5b17b60b84dc274389a,2026-03-27 06:07:45,00202507001060,Off Grid,00073.08,00012.29,234.1,50.0,89.9,90.0,31,44,0.0,0,0,0,234.1,50.0,2635,2595,23,230.0,47.8,48.0,230.0,47.8,50.0,11000,11000,48.0,57.6,57.6,Pylon,2.0,10.0,Appliance,Utility Solar Bat,Solar + Utility,6,53.0,367,0,0.0,Load on,0.4,Line Mode,1061500,0,00202507000200,OG-001,offgrid
2c896371a6fece343c5aeaf1d6beb663,2026-03-27 06:12:42,00202507001060,Off Grid,00073.08,00012.29,231.0,50.0,90.0,90.6,37,52,0.0,0,0,0,231.0,50.0,2702,2689,24,230.0,47.8,48.0,230.0,47.8,50.0,11000,11000,48.0,57.6,57.6,Pylon,2.0,10.0,Appliance,Utility Solar Bat,Solar + Utility,6,53.0,364,0,0.0,Load on,0.5,Line Mode,1061500,0,00202507000200,OG-001,offgrid
08e83c52cf00283b727f0ea58a79fe37,2026-03-27 06:27:36,00202507001060,Off Grid,00073.08,00012.29,234.7,50.0,91.5,100.9,92,86,0.0,0,0,0,234.7,50.0,2159,2147,19,230.0,47.8,48.0,230.0,47.8,50.0,11000,11000,48.0,57.6,57.6,Pylon,2.0,10.0,Appliance,Utility Solar Bat,Solar + Utility,6,53.0,369,1,0.0,Load on,0.8,Line Mode,1061500,0,00202507000200,OG-001,offgrid
6e41b7f08e85e0ed68686ce24be383b2,2026-03-27 06:42:27,00202507001060,Off Grid,00073.08,00012.29,237.5,50.0,289.3,321.2,429,339,0.0,0,0,0,237.5,50.0,2359,2359,21,230.0,47.8,48.0,230.0,47.8,50.0,11000,11000,48.0,57.6,57.6,Pylon,2.0,10.0,Appliance,Utility Solar Bat,Solar + Utility,6,53.0,373,1,0.0,Load on,1.0,Line Mode,1061500,0,00202507000200,OG-001,offgrid
53b546f7db650d8904a2d6653d4ebaab,2026-03-27 06:52:23,00202507001060,Off Grid,00073.08,00012.29,242.6,50.0,305.0,342.3,588,453,0.0,0,0,0,242.6,50.0,1819,1731,16,230.0,47.8,48.0,230.0,47.8,50.0,11000,11000,48.0,57.6,57.6,Pylon,2.0,10.0,Appliance,Utility Solar Bat,Solar + Utility,6,53.0,381,1,0.0,Load on,1.3,Line Mode,1061500,0,00202507000200,OG-001,offgrid
464e6bc5596507af37e04a6827b151b4,2026-03-27 06:57:19,00202507001060,Off Grid,00073.08,00012.29,232.6,50.0,346.8,338.9,677,514,0.0,0,0,0,232.6,50.0,3163,3132,28,230.0,47.8,48.0,230.0,47.8,50.0,11000,11000,48.0,57.6,57.6,Pylon,2.0,10.0,Appliance,Utility Solar Bat,Solar + Utility,6,53.0,365,1,0.0,Load on,1.5,Line Mode,1061500,0,00202507000200,OG-001,offgrid
53ed1ca3acdc09f072ce8910ea19aae9,2026-03-27 07:22:11,00202507001060,Off Grid,00073.08,00012.29,239.8,50.1,393.3,401.9,1026,634,0.0,0,0,0,239.8,50.1,1972,1972,17,230.0,47.8,48.0,230.0,47.8,50.0,11000,11000,48.0,57.6,57.6,Pylon,2.0,10.0,Appliance,Utility Solar Bat,Solar + Utility,6,53.0,424,2,0.0,Load on,1.5,Line Mode,1062200,0,00202507000200,OG-001,offgrid
30fac9c87385fd3c3dec8e30b261109a,2026-03-27 08:01:56,00202507001060,Off Grid,00073.08,00012.29,246.3,49.8,454.0,437.9,339,579,0.0,0,0,0,246.3,49.8,1091,1091,9,230.0,47.8,48.0,230.0,47.8,50.0,11000,11000,48.0,57.6,57.6,Pylon,2.0,10.0,Appliance,Utility Solar Bat,Solar + Utility,6,53.0,470,0,0.0,Load on,1.3,Line Mode,1062200,0,00202507000200,OG-001,offgrid
43af25e26cb9278659e856a494b0b624,2026-03-27 10:46:41,00202507001060,Off Grid,00073.08,00012.29,250.3,49.9,452.3,454.4,711,809,0.0,0,0,0,250.3,49.9,1709,1709,15,230.0,47.8,48.0,230.0,47.8,50.0,11000,11000,48.0,57.6,57.6,Pylon,2.0,10.0,Appliance,Utility Solar Bat,Solar + Utility,6,53.0,470,1,0.0,Load on,1.7,Line Mode,1065500,0,00202507000200,OG-001,offgrid
19b77370cd85c29858589d2248567867,2026-03-27 10:51:39,00202507001060,Off Grid,00073.08,00012.29,248.9,50.0,438.4,437.9,2048,2285,0.0,0,0,0,248.9,50.0,4687,4687,42,230.0,47.8,48.0,230.0,47.8,50.0,11000,11000,48.0,57.6,57.6,Pylon,2.0,10.0,Appliance,Utility Solar Bat,Solar + Utility,6,53.0,468,4,0.0,Load on,5.2,Line Mode,1065500,0,00202507000200,OG-001,offgrid
4ff1724ffe5fa00c4a57b160642815e9,2026-03-27 10:56:38,00202507001060,Off Grid,00073.08,00012.29,249.0,49.9,452.3,454.3,700,852,0.0,0,0,0,249.0,49.9,1747,1747,15,230.0,47.8,48.0,230.0,47.8,50.0,11000,11000,48.0,57.6,57.6,Pylon,2.0,10.0,Appliance,Utility Solar Bat,Solar + Utility,6,53.0,470,1,0.0,Load on,1.8,Line Mode,1065500,0,00202507000200,OG-001,offgrid
55a201dc42f675210a42df9a6da58dbe,2026-03-27 11:01:40,00202507001060,Off Grid,00073.08,00012.29,247.4,49.9,451.9,454.1,704,836,0.0,0,0,0,247.4,49.9,1721,1721,15,230.0,47.8,48.0,230.0,47.8,50.0,11000,11000,48.0,57.6,57.6,Pylon,2.0,10.0,Appliance,Utility Solar Bat,Solar + Utility,6,53.0,470,1,0.0,Load on,1.8,Line Mode,1065500,0,00202507000200,OG-001,offgrid
261f53a5d56ccfb7360f0e040e2fee2e,2026-03-27 11:11:38,00202507001060,Off Grid,00073.08,00012.29,250.0,49.8,449.7,452.2,634,794,0.0,0,0,0,250.0,49.8,1625,1606,14,230.0,47.8,48.0,230.0,47.8,50.0,11000,11000,48.0,57.6,57.6,Pylon,2.0,10.0,Appliance,Utility Solar Bat,Solar + Utility,6,53.0,470,1,0.0,Load on,1.7,Line Mode,1065500,0,00202507000200,OG-001,offgrid
77e9b2ed68d0cee060120b8db2e7f550,2026-03-27 11:16:38,00202507001060,Off Grid,00073.08,00012.29,249.0,49.9,446.2,448.4,1063,1237,0.0,0,0,0,249.0,49.9,2590,2530,23,230.0,47.8,48.0,230.0,47.8,50.0,11000,11000,48.0,57.6,57.6,Pylon,2.0,10.0,Appliance,Utility Solar Bat,Solar + Utility,6,53.0,470,2,0.0,Load on,2.7,Line Mode,1067000,0,00202507000200,OG-001,offgrid
72639e28bec3c1214825b161b48cefb9,2026-03-27 11:21:39,00202507001060,Off Grid,00073.08,00012.29,249.1,49.8,451.8,453.5,687,855,0.0,0,0,0,249.1,49.8,1718,1716,15,230.0,47.8,48.0,230.0,47.8,50.0,11000,11000,48.0,57.6,57.6,Pylon,2.0,10.0,Appliance,Utility Solar Bat,Solar + Utility,6,53.0,470,1,0.0,Load on,1.8,Line Mode,1067000,0,00202507000200,OG-001,offgrid
46c1786d02ad7fb75f0f3fcce01fe297,2026-03-27 11:26:42,00202507001060,Off Grid,00073.08,00012.29,247.9,49.9,448.4,451.0,725,885,0.0,0,0,0,247.9,49.9,1806,1806,16,230.0,47.8,48.0,230.0,47.8,50.0,11000,11000,48.0,57.6,57.6,Pylon,2.0,10.0,Appliance,Utility Solar Bat,Solar + Utility,6,53.0,470,1,0.0,Load on,1.9,Line Mode,1067000,0,00202507000200,OG-001,offgrid
4482313733a362ea30cf24c2fabcbc2f,2026-03-27 11:36:35,00202507001060,Off Grid,00073.08,00012.29,246.9,49.9,451.8,453.8,688,832,0.0,0,0,0,246.9,49.9,1728,1711,15,230.0,47.8,48.0,230.0,47.8,50.0,11000,11000,48.0,57.6,57.6,Pylon,2.0,10.0,Appliance,Utility Solar Bat,Solar + Utility,6,53.0,470,1,0.0,Load on,1.8,Line Mode,1067000,0,00202507000200,OG-001,offgrid
664b2a1cc00bd27127515fe56d657223,2026-03-27 11:41:33,00202507001060,Off Grid,00073.08,00012.29,250.3,49.9,449.0,451.5,630,790,0.0,0,0,0,250.3,49.9,1626,1626,14,230.0,47.8,48.0,230.0,47.8,50.0,11000,11000,48.0,57.6,57.6,Pylon,2.0,10.0,Appliance,Utility Solar Bat,Solar + Utility,6,53.0,470,1,0.0,Load on,1.7,Line Mode,1067000,0,00202507000200,OG-001,offgrid
1be3e511d65496e12f44337cfaae36f2,2026-03-27 11:46:31,00202507001060,Off Grid,00073.08,00012.29,247.2,49.9,449.3,452.1,650,788,0.0,0,0,0,247.2,49.9,1656,1650,15,230.0,47.8,48.0,230.0,47.8,50.0,11000,11000,48.0,57.6,57.6,Pylon,2.0,10.0,Appliance,Utility Solar Bat,Solar + Utility,6,53.0,470,1,0.0,Load on,1.7,Line Mode,1067000,0,00202507000200,OG-001,offgrid
793e3291def9afbb7af54049f2806ca5,2026-03-27 11:51:29,00202507001060,Off Grid,00073.08,00012.29,249.0,49.9,450.6,452.6,635,797,0.0,0,0,0,249.0,49.9,1643,1616,14,230.0,47.8,48.0,230.0,47.8,50.0,11000,11000,48.0,57.6,57.6,Pylon,2.0,10.0,Appliance,Utility Solar Bat,Solar + Utility,6,53.0,470,1,0.0,Load on,1.7,Line Mode,1067000,0,00202507000200,OG-001,offgrid
168478304b0d382710f0bc0cafc35e21,2026-03-27 11:56:32,00202507001060,Off Grid,00073.08,00012.29,249.4,49.9,456.9,456.8,71,129,0.0,0,0,0,249.4,49.9,648,304,5,230.0,47.8,48.0,230.0,47.8,50.0,11000,11000,48.0,57.6,57.6,Pylon,2.0,10.0,Appliance,Utility Solar Bat,Solar + Utility,6,53.0,470,0,0.0,Load on,0.2,Line Mode,1067000,0,00202507000200,OG-001,offgrid
33c71e2b670a6c3131e62044f6bc8776,2026-03-27 12:01:30,00202507001060,Off Grid,00073.08,00012.29,249.4,49.9,457.5,457.2,100,198,0.0,0,0,0,249.4,49.9,648,435,5,230.0,47.8,48.0,230.0,47.8,50.0,11000,11000,48.0,57.6,57.6,Pylon,2.0,10.0,Appliance,Utility Solar Bat,Solar + Utility,6,53.0,470,0,0.0,Load on,0.4,Line Mode,1067000,0,00202507000200,OG-001,offgrid
65d3a1accaa4b0684241c40e9d38d24e,2026-03-27 12:06:30,00202507001060,Off Grid,00073.08,00012.29,250.3,49.9,459.0,458.5,95,162,0.0,0,0,0,250.3,49.9,625,429,5,230.0,47.8,48.0,230.0,47.8,50.0,11000,11000,48.0,57.6,57.6,Pylon,2.0,10.0,Appliance,Utility Solar Bat,Solar + Utility,6,53.0,470,0,0.0,Load on,0.3,Line Mode,1067000,0,00202507000200,OG-001,offgrid
62362c685ad2eafc6c99464aa00d9210,2026-03-27 12:11:29,00202507001060,Off Grid,00073.08,00012.29,250.6,49.8,442.3,444.1,1468,1624,0.0,0,0,0,250.6,49.8,3433,3406,31,230.0,47.8,48.0,230.0,47.8,50.0,11000,11000,48.0,57.6,57.6,Pylon,2.0,10.0,Appliance,Utility Solar Bat,Solar + Utility,6,53.0,470,3,0.0,Load on,3.6,Line Mode,1067000,0,00202507000200,OG-001,offgrid
11201b49bedc4d2037e340ebbf275d84,2026-03-27 12:16:30,00202507001060,Off Grid,00073.08,00012.29,250.6,49.8,458.4,457.9,89,163,0.0,0,0,0,250.6,49.8,600,421,5,230.0,47.8,48.0,230.0,47.8,50.0,11000,11000,48.0,57.6,57.6,Pylon,2.0,10.0,Appliance,Utility Solar Bat,Solar + Utility,6,53.0,470,0,0.0,Load on,0.3,Line Mode,1068300,0,00202507000200,OG-001,offgrid
38823db62f1612c07e0ff0994270a234,2026-03-27 12:21:31,00202507001060,Off Grid,00073.08,00012.29,251.7,49.8,458.7,457.9,71,127,0.0,0,0,0,251.7,49.8,654,311,5,230.0,47.8,48.0,230.0,47.8,50.0,11000,11000,48.0,57.6,57.6,Pylon,2.0,10.0,Appliance,Utility Solar Bat,Solar + Utility,6,53.0,470,0,0.0,Load on,0.2,Line Mode,1068300,0,00202507000200,OG-001,offgrid
58a076bcecbd2a7511197bfe2497cfc8,2026-03-27 12:26:29,00202507001060,Off Grid,00073.08,00012.29,251.7,49.8,458.1,457.9,126,222,0.0,0,0,0,251.7,49.8,780,504,7,230.0,47.8,48.0,230.0,47.8,50.0,11000,11000,48.0,57.6,57.6,Pylon,2.0,10.0,Appliance,Utility Solar Bat,Solar + Utility,6,53.0,470,0,0.0,Load on,0.4,Line Mode,1068300,0,00202507000200,OG-001,offgrid
2ede4f7f1578ab14402cb2ad1c07e5dd,2026-03-27 12:31:28,00202507001060,Off Grid,00073.08,00012.29,252.1,49.8,456.0,456.6,151,317,0.0,0,0,0,252.1,49.8,756,618,6,230.0,47.8,48.0,230.0,47.8,50.0,11000,11000,48.0,57.6,57.6,Pylon,2.0,10.0,Appliance,Utility Solar Bat,Solar + Utility,6,53.0,470,0,0.0,Load on,0.6,Line Mode,1068300,0,00202507000200,OG-001,offgrid
2254dd1b40e26ac61150561aa3892600,2026-03-27 12:36:28,00202507001060,Off Grid,00073.08,00012.29,252.0,49.9,460.3,459.7,108,222,0.0,0,0,0,252.0,49.9,579,481,5,230.0,47.8,48.0,230.0,47.8,50.0,11000,11000,48.0,57.6,57.6,Pylon,2.0,10.0,Appliance,Utility Solar Bat,Solar + Utility,6,53.0,470,0,0.0,Load on,0.4,Line Mode,1068300,0,00202507000200,OG-001,offgrid
0edf3a593a90bf4263693505925061ce,2026-03-27 12:41:29,00202507001060,Off Grid,00073.08,00012.29,250.3,50.0,450.0,452.1,763,969,0.0,0,0,0,250.3,50.0,1927,1915,17,230.0,47.8,48.0,230.0,47.8,50.0,11000,11000,48.0,57.6,57.6,Pylon,2.0,10.0,Appliance,Utility Solar Bat,Solar + Utility,6,53.0,470,1,0.0,Load on,2.1,Line Mode,1068300,0,00202507000200,OG-001,offgrid
612257e83594f6f164015d7759ca865a,2026-03-27 12:46:25,00202507001060,Off Grid,00073.08,00012.29,253.4,49.9,449.3,451.9,688,871,0.0,0,0,0,253.4,49.9,1773,1773,16,230.0,47.8,48.0,230.0,47.8,50.0,11000,11000,48.0,57.6,57.6,Pylon,2.0,10.0,Appliance,Utility Solar Bat,Solar + Utility,6,53.0,470,1,0.0,Load on,1.9,Line Mode,1068300,0,00202507000200,OG-001,offgrid
1275b3b2e2769756261f0430bdc178d5,2026-03-27 12:51:24,00202507001060,Off Grid,00073.08,00012.29,252.4,50.0,451.3,453.5,762,910,0.0,0,0,0,252.4,50.0,1893,1869,17,230.0,47.8,48.0,230.0,47.8,50.0,11000,11000,48.0,57.6,57.6,Pylon,2.0,10.0,Appliance,Utility Solar Bat,Solar + Utility,6,53.0,470,1,0.0,Load on,2.0,Line Mode,1068300,0,00202507000200,OG-001,offgrid
4f99148f2ca01c8e7471dd9e6c2c76f4,2026-03-27 12:56:22,00202507001060,Off Grid,00073.08,00012.29,251.9,50.0,447.0,449.5,1225,1357,0.0,0,0,0,251.9,50.0,2948,2832,26,230.0,47.8,48.0,230.0,47.8,50.0,11000,11000,48.0,57.6,57.6,Pylon,2.0,10.0,Appliance,Utility Solar Bat,Solar + Utility,6,53.0,470,2,0.0,Load on,3.0,Line Mode,1068300,0,00202507000200,OG-001,offgrid
0701ceb472fb02993900ae593f8b4df1,2026-03-27 13:01:21,00202507001060,Off Grid,00073.08,00012.29,249.3,49.7,450.9,453.5,701,796,0.0,0,0,0,249.3,49.7,1697,1697,15,230.0,47.8,48.0,230.0,47.8,50.0,11000,11000,48.0,57.6,57.6,Pylon,2.0,10.0,Appliance,Utility Solar Bat,Solar + Utility,6,53.0,470,1,0.0,Load on,1.7,Line Mode,1068300,0,00202507000200,OG-001,offgrid
6c1842174c91fc224246c6731d0787ba,2026-03-27 13:06:21,00202507001060,Off Grid,00073.08,00012.29,251.3,50.0,449.3,452.3,718,804,0.0,0,0,0,251.3,50.0,1733,1725,15,230.0,47.8,48.0,230.0,47.8,50.0,11000,11000,48.0,57.6,57.6,Pylon,2.0,10.0,Appliance,Utility Solar Bat,Solar + Utility,6,53.0,470,1,0.0,Load on,1.7,Line Mode,1068300,0,00202507000200,OG-001,offgrid
71566b703f1fa50c12e1116e0f40e82d,2026-03-27 13:11:20,00202507001060,Off Grid,00073.08,00012.29,251.6,50.0,451.5,453.7,759,862,0.0,0,0,0,251.6,50.0,1836,1832,16,230.0,47.8,48.0,230.0,47.8,50.0,11000,11000,48.0,57.6,57.6,Pylon,2.0,10.0,Appliance,Utility Solar Bat,Solar + Utility,6,53.0,470,1,0.0,Load on,1.8,Line Mode,1068300,0,00202507000200,OG-001,offgrid
5a2d78656885f185233c27d8d9b89f19,2026-03-27 13:21:22,00202507001060,Off Grid,00073.08,00012.29,251.0,49.8,449.1,451.8,771,845,0.0,0,0,0,251.0,49.8,1809,1809,16,230.0,47.8,48.0,230.0,47.8,50.0,11000,11000,48.0,57.6,57.6,Pylon,2.0,10.0,Appliance,Utility Solar Bat,Solar + Utility,6,53.0,470,1,0.0,Load on,1.8,Line Mode,1069500,0,00202507000200,OG-001,offgrid
19f12b9e76eeb6722d9811745988a95e,2026-03-27 13:26:24,00202507001060,Off Grid,00073.08,00012.29,252.0,49.8,448.7,451.5,770,849,0.0,0,0,0,252.0,49.8,1831,1831,16,230.0,47.8,48.0,230.0,47.8,50.0,11000,11000,48.0,57.6,57.6,Pylon,2.0,10.0,Appliance,Utility Solar Bat,Solar + Utility,6,53.0,470,1,0.0,Load on,1.8,Line Mode,1069500,0,00202507000200,OG-001,offgrid
6c83417e1a10dede469f65ef7e39ed05,2026-03-27 13:36:23,00202507001060,Off Grid,00073.08,00012.29,251.3,49.9,435.7,436.5,2087,2240,0.0,0,0,0,251.3,49.9,4715,4715,42,230.0,47.8,48.0,230.0,47.8,50.0,11000,11000,48.0,57.6,57.6,Pylon,2.0,10.0,Appliance,Utility Solar Bat,Solar + Utility,6,53.0,465,4,0.0,Load on,5.1,Line Mode,1069500,0,00202507000200,OG-001,offgrid
6861959e97383a6f5d1a49ec50541cfb,2026-03-27 13:46:22,00202507001060,Off Grid,00073.08,00012.29,250.6,49.9,444.1,446.8,1316,1400,0.0,0,0,0,250.6,49.9,2982,2978,27,230.0,47.8,48.0,230.0,47.8,50.0,11000,11000,48.0,57.6,57.6,Pylon,2.0,10.0,Appliance,Utility Solar Bat,Solar + Utility,6,53.0,470,2,0.0,Load on,3.1,Line Mode,1069500,0,00202507000200,OG-001,offgrid
75a3753e0d7477d86acdf8e538074d78,2026-03-27 13:51:22,00202507001060,Off Grid,00073.08,00012.29,250.5,49.8,444.0,447.0,1280,1386,0.0,0,0,0,250.5,49.8,2927,2927,26,230.0,47.8,48.0,230.0,47.8,50.0,11000,11000,48.0,57.6,57.6,Pylon,2.0,10.0,Appliance,Utility Solar Bat,Solar + Utility,6,53.0,470,2,0.0,Load on,3.1,Line Mode,1069500,0,00202507000200,OG-001,offgrid
1be280660f413d41377b24f5bf64d3ad,2026-03-27 13:56:22,00202507001060,Off Grid,00073.08,00012.29,250.5,49.9,452.8,454.7,593,761,0.0,0,0,0,250.5,49.9,1603,1560,14,230.0,47.8,48.0,230.0,47.8,50.0,11000,11000,48.0,57.6,57.6,Pylon,2.0,10.0,Appliance,Utility Solar Bat,Solar + Utility,6,53.0,470,1,0.0,Load on,1.6,Line Mode,1069500,0,00202507000200,OG-001,offgrid
7de4f03fb58ef6ab665992602d2bf9b2,2026-03-27 14:01:25,00202507001060,Off Grid,00073.08,00012.29,250.7,49.9,451.6,453.7,593,744,0.0,0,0,0,250.7,49.9,1579,1544,14,230.0,47.8,48.0,230.0,47.8,50.0,11000,11000,48.0,57.6,57.6,Pylon,2.0,10.0,Appliance,Utility Solar Bat,Solar + Utility,6,53.0,470,1,0.0,Load on,1.6,Line Mode,1069500,0,00202507000200,OG-001,offgrid
7dc2543249726a377e72efada87008c8,2026-03-27 14:06:26,00202507001060,Off Grid,00073.08,00012.29,251.5,50.0,457.5,457.9,144,243,0.0,0,0,0,251.5,50.0,779,561,7,230.0,47.8,48.0,230.0,47.8,50.0,11000,11000,48.0,57.6,57.6,Pylon,2.0,10.0,Appliance,Utility Solar Bat,Solar + Utility,6,53.0,470,0,0.0,Load on,0.5,Line Mode,1069500,0,00202507000200,OG-001,offgrid
640449edac82609a7c6f0a3c9423e3d8,2026-03-27 14:11:26,00202507001060,Off Grid,00073.08,00012.29,251.8,50.0,456.8,457.9,153,232,0.0,0,0,0,251.8,50.0,755,542,6,230.0,47.8,48.0,230.0,47.8,50.0,11000,11000,48.0,57.6,57.6,Pylon,2.0,10.0,Appliance,Utility Solar Bat,Solar + Utility,6,53.0,470,0,0.0,Load on,0.5,Line Mode,1069500,0,00202507000200,OG-001,offgrid
493dcaec0b4a72fc782b69fef6273470,2026-03-27 14:16:23,00202507001060,Off Grid,00073.08,00012.29,252.2,49.9,455.9,457.1,164,221,0.0,0,0,0,252.2,49.9,782,547,7,230.0,47.8,48.0,230.0,47.8,50.0,11000,11000,48.0,57.6,57.6,Pylon,2.0,10.0,Appliance,Utility Solar Bat,Solar + Utility,6,53.0,470,0,0.0,Load on,0.4,Line Mode,1071400,0,00202507000200,OG-001,offgrid
5dee82710c370f0e0c5f814953b773f5,2026-03-27 14:21:22,00202507001060,Off Grid,00073.08,00012.29,249.4,49.8,447.9,451.3,610,675,0.0,0,0,0,249.4,49.8,1521,1483,13,230.0,47.8,48.0,230.0,47.8,50.0,11000,11000,48.0,57.6,57.6,Pylon,2.0,10.0,Appliance,Utility Solar Bat,Solar + Utility,6,53.0,470,1,0.0,Load on,1.4,Line Mode,1071400,0,00202507000200,OG-001,offgrid
32c3424be460066a393c00acbc47da46,2026-03-27 14:31:29,00202507001060,Off Grid,00073.08,00012.29,248.3,49.9,454.4,454.8,182,316,0.0,0,0,0,248.3,49.9,770,643,7,230.0,47.8,48.0,230.0,47.8,50.0,11000,11000,48.0,57.6,57.6,Pylon,2.0,10.0,Appliance,Utility Solar Bat,Solar + Utility,6,53.0,470,0,0.0,Load on,0.6,Line Mode,1071400,0,00202507000200,OG-001,offgrid
3bde18e6fe01ef39428fd1f84e75e1bb,2026-03-27 14:36:29,00202507001060,Off Grid,00073.08,00012.29,251.0,50.0,453.1,455.4,227,327,0.0,0,0,0,251.0,50.0,803,688,7,230.0,47.8,48.0,230.0,47.8,50.0,11000,11000,48.0,57.6,57.6,Pylon,2.0,10.0,Appliance,Utility Solar Bat,Solar + Utility,6,53.0,470,0,0.0,Load on,0.7,Line Mode,1071400,0,00202507000200,OG-001,offgrid
4d6bd0f261d503950ae0a2cc3a5bfebc,2026-03-27 14:46:28,00202507001060,Off Grid,00073.08,00012.29,251.6,49.9,446.8,449.8,772,895,0.0,0,0,0,251.6,49.9,1876,1876,17,230.0,47.8,48.0,230.0,47.8,50.0,11000,11000,48.0,57.6,57.6,Pylon,2.0,10.0,Appliance,Utility Solar Bat,Solar + Utility,6,53.0,470,1,0.0,Load on,1.9,Line Mode,1071400,0,00202507000200,OG-001,offgrid
70aae45f196c062b6267ab1e5f5b03c0,2026-03-27 14:51:27,00202507001060,Off Grid,00073.08,00012.29,251.1,49.9,448.8,451.0,794,949,0.0,0,0,0,251.1,49.9,1962,1962,17,230.0,47.8,48.0,230.0,47.8,50.0,11000,11000,48.0,57.6,57.6,Pylon,2.0,10.0,Appliance,Utility Solar Bat,Solar + Utility,6,53.0,470,1,0.0,Load on,2.1,Line Mode,1071400,0,00202507000200,OG-001,offgrid
39a32c0c85ef061c5f9bd6d1df147ad8,2026-03-27 14:56:26,00202507001060,Off Grid,00073.08,00012.29,249.1,49.9,446.9,449.8,869,1016,0.0,0,0,0,249.1,49.9,2073,2073,18,230.0,47.8,48.0,230.0,47.8,50.0,11000,11000,48.0,57.6,57.6,Pylon,2.0,10.0,Appliance,Utility Solar Bat,Solar + Utility,6,53.0,470,1,0.0,Load on,2.2,Line Mode,1071400,0,00202507000200,OG-001,offgrid
47420425a560b1fe14c2ff82e47bb2df,2026-03-27 15:01:25,00202507001060,Off Grid,00073.08,00012.29,251.0,49.9,447.0,449.5,905,964,0.0,0,0,0,251.0,49.9,1988,1988,18,230.0,47.8,48.0,230.0,47.8,50.0,11000,11000,48.0,57.6,57.6,Pylon,2.0,10.0,Appliance,Utility Solar Bat,Solar + Utility,6,53.0,470,2,0.0,Load on,2.1,Line Mode,1071400,0,00202507000200,OG-001,offgrid
657fd00fc2ab6c00511df7723cff4aff,2026-03-27 15:06:23,00202507001060,Off Grid,00073.08,00012.29,250.9,50.0,428.8,427.8,2176,2399,0.0,0,0,0,250.9,50.0,4967,4964,45,230.0,47.8,48.0,230.0,47.8,50.0,11000,11000,48.0,57.6,57.6,Pylon,2.0,10.0,Appliance,Utility Solar Bat,Solar + Utility,6,53.0,459,5,0.0,Load on,5.6,Line Mode,1071400,0,00202507000200,OG-001,offgrid
28c58619a54c6ac112b87aee97be3756,2026-03-27 15:11:23,00202507001060,Off Grid,00073.08,00012.29,247.3,50.0,444.0,446.5,763,908,0.0,0,0,0,247.3,50.0,1880,1877,17,230.0,47.8,48.0,230.0,47.8,50.0,11000,11000,48.0,57.6,57.6,Pylon,2.0,10.0,Appliance,Utility Solar Bat,Solar + Utility,6,53.0,470,1,0.0,Load on,2.0,Line Mode,1071400,0,00202507000200,OG-001,offgrid
29d8ec6d27b267891573279951cdbd7f,2026-03-27 15:16:22,00202507001060,Off Grid,00073.08,00012.29,250.3,50.0,448.2,451.6,803,885,0.0,0,0,0,250.3,50.0,1902,1891,17,230.0,47.8,48.0,230.0,47.8,50.0,11000,11000,48.0,57.6,57.6,Pylon,2.0,10.0,Appliance,Utility Solar Bat,Solar + Utility,6,53.0,470,1,0.0,Load on,1.9,Line Mode,1072800,0,00202507000200,OG-001,offgrid
123af8d2d1175f291a39c000f2d82b9e,2026-03-27 15:21:24,00202507001060,Off Grid,00073.08,00012.29,248.7,50.0,446.2,449.4,780,914,0.0,0,0,0,248.7,50.0,1896,1896,17,230.0,47.8,48.0,230.0,47.8,50.0,11000,11000,48.0,57.6,57.6,Pylon,2.0,10.0,Appliance,Utility Solar Bat,Solar + Utility,6,53.0,470,1,0.0,Load on,2.0,Line Mode,1072800,0,00202507000200,OG-001,offgrid
6801351d89523e1a3a48dcd401f25f65,2026-03-27 15:26:25,00202507001060,Off Grid,00073.08,00012.29,249.8,50.0,447.2,450.4,730,869,0.0,0,0,0,249.8,50.0,1823,1806,16,230.0,47.8,48.0,230.0,47.8,50.0,11000,11000,48.0,57.6,57.6,Pylon,2.0,10.0,Appliance,Utility Solar Bat,Solar + Utility,6,53.0,470,1,0.0,Load on,1.9,Line Mode,1072800,0,00202507000200,OG-001,offgrid
646f83e6d47a26bd22ea92cb99994f7d,2026-03-27 15:31:24,00202507001060,Off Grid,00073.08,00012.29,250.0,50.0,445.4,448.1,714,876,0.0,0,0,0,250.0,50.0,1825,1805,16,230.0,47.8,48.0,230.0,47.8,50.0,11000,11000,48.0,57.6,57.6,Pylon,2.0,10.0,Appliance,Utility Solar Bat,Solar + Utility,6,53.0,470,1,0.0,Load on,1.9,Line Mode,1072800,0,00202507000200,OG-001,offgrid
7c91975da1f1265d49797cd5de41d39c,2026-03-27 15:36:22,00202507001060,Off Grid,00073.08,00012.29,250.3,50.0,445.3,447.5,711,879,0.0,0,0,0,250.3,50.0,1801,1801,16,230.0,47.8,48.0,230.0,47.8,50.0,11000,11000,48.0,57.6,57.6,Pylon,2.0,10.0,Appliance,Utility Solar Bat,Solar + Utility,6,53.0,470,1,0.0,Load on,1.9,Line Mode,1072800,0,00202507000200,OG-001,offgrid
4f6d2509b589651805ede486a31df815,2026-03-27 15:41:23,00202507001060,Off Grid,00073.08,00012.29,248.3,50.0,445.1,447.5,780,932,0.0,0,0,0,248.3,50.0,1914,1914,17,230.0,47.8,48.0,230.0,47.8,50.0,11000,11000,48.0,57.6,57.6,Pylon,2.0,10.0,Appliance,Utility Solar Bat,Solar + Utility,6,53.0,470,1,0.0,Load on,2.0,Line Mode,1072800,0,00202507000200,OG-001,offgrid
1afbef964c089f120d6d6178fd42f0c2,2026-03-27 15:46:21,00202507001060,Off Grid,00073.08,00012.29,250.1,50.0,443.8,447.0,801,912,0.0,0,0,0,250.1,50.0,1925,1917,17,230.0,47.8,48.0,230.0,47.8,50.0,11000,11000,48.0,57.6,57.6,Pylon,2.0,10.0,Appliance,Utility Solar Bat,Solar + Utility,6,53.0,470,1,0.0,Load on,2.0,Line Mode,1072800,0,00202507000200,OG-001,offgrid
6a7155c776e92c8f22ec0e7fed3f7d3f,2026-03-27 15:51:24,00202507001060,Off Grid,00073.08,00012.29,250.7,50.0,445.3,448.1,810,920,0.0,0,0,0,250.7,50.0,1930,1928,17,230.0,47.8,48.0,230.0,47.8,50.0,11000,11000,48.0,57.6,57.6,Pylon,2.0,10.0,Appliance,Utility Solar Bat,Solar + Utility,6,53.0,470,1,0.0,Load on,2.0,Line Mode,1072800,0,00202507000200,OG-001,offgrid
7e348693227bb0501a4b4dfaf443d932,2026-03-27 15:56:23,00202507001060,Off Grid,00073.08,00012.29,251.0,50.0,457.6,457.8,122,184,0.0,0,0,0,251.0,50.0,778,475,7,230.0,47.8,48.0,230.0,47.8,50.0,11000,11000,48.0,57.6,57.6,Pylon,2.0,10.0,Appliance,Utility Solar Bat,Solar + Utility,6,53.0,470,0,0.0,Load on,0.4,Line Mode,1072800,0,00202507000200,OG-001,offgrid
68b1b864193b87d662e4e44808f1d074,2026-03-27 16:01:24,00202507001060,Off Grid,00073.08,00012.29,249.4,50.1,451.8,452.9,154,224,0.0,0,0,0,249.4,50.1,723,533,6,230.0,47.8,48.0,230.0,47.8,50.0,11000,11000,48.0,57.6,57.6,Pylon,2.0,10.0,Appliance,Utility Solar Bat,Solar + Utility,6,53.0,470,0,0.0,Load on,0.4,Line Mode,1072800,0,00202507000200,OG-001,offgrid
665481c18ddc79b40991e49412c7d601,2026-03-27 16:06:28,00202507001060,Off Grid,00073.08,00012.29,250.4,50.1,453.5,455.0,207,312,0.0,0,0,0,250.4,50.1,751,670,6,230.0,47.8,48.0,230.0,47.8,50.0,11000,11000,48.0,57.6,57.6,Pylon,2.0,10.0,Appliance,Utility Solar Bat,Solar + Utility,6,53.0,470,0,0.0,Load on,0.6,Line Mode,1072800,0,00202507000200,OG-001,offgrid
37d97b722f69bba32f17f911afbaabcb,2026-03-27 16:21:27,00202507001060,Off Grid,00073.08,00012.29,248.1,49.8,455.7,456.2,136,197,0.0,0,0,0,248.1,49.8,769,479,6,230.0,47.8,48.0,230.0,47.8,50.0,11000,11000,48.0,57.6,57.6,Pylon,2.0,10.0,Appliance,Utility Solar Bat,Solar + Utility,6,53.0,470,0,0.0,Load on,0.4,Line Mode,1074100,0,00202507000200,OG-001,offgrid
3ebcc15b3d929e022d43ecb9a811e0ac,2026-03-27 16:26:27,00202507001060,Off Grid,00073.08,00012.29,242.6,49.8,391.3,396.0,1306,1292,0.0,0,0,0,242.6,49.8,4631,4597,42,230.0,47.8,48.0,230.0,47.8,50.0,11000,11000,48.0,57.6,57.6,Pylon,2.0,10.0,Appliance,Utility Solar Bat,Solar + Utility,6,53.0,406,3,0.0,Load on,3.2,Line Mode,1074100,0,00202507000200,OG-001,offgrid
4585d5a4ca38463e41d246f33f8e2935,2026-03-27 16:31:27,00202507001060,Off Grid,00073.08,00012.29,239.8,49.9,392.7,402.3,1096,1078,0.0,0,0,0,239.8,49.9,4724,4588,42,230.0,47.8,48.0,230.0,47.8,50.0,11000,11000,48.0,57.6,57.6,Pylon,2.0,10.0,Appliance,Utility Solar Bat,Solar + Utility,6,53.0,410,2,0.0,Load on,2.6,Line Mode,1074100,0,00202507000200,OG-001,offgrid
0867465ef3bdb4ab683aba6703b857ce,2026-03-27 16:36:27,00202507001060,Off Grid,00073.08,00012.29,242.0,50.0,404.2,398.5,1108,1159,0.0,0,0,0,242.0,50.0,4601,4469,41,230.0,47.8,48.0,230.0,47.8,50.0,11000,11000,48.0,57.6,57.6,Pylon,2.0,10.0,Appliance,Utility Solar Bat,Solar + Utility,6,53.0,415,2,0.0,Load on,2.9,Line Mode,1074100,0,00202507000200,OG-001,offgrid
5d43f2b6b53985d44777b6368fd2687c,2026-03-27 16:41:30,00202507001060,Off Grid,00073.08,00012.29,240.3,50.0,394.5,399.4,1139,1168,0.0,0,0,0,240.3,50.0,4974,4865,45,230.0,47.8,48.0,230.0,47.8,50.0,11000,11000,48.0,57.6,57.6,Pylon,2.0,10.0,Appliance,Utility Solar Bat,Solar + Utility,6,53.0,404,2,0.0,Load on,2.9,Line Mode,1074100,0,00202507000200,OG-001,offgrid
36bf9427bfce01073bb44e8e62e0000f,2026-03-27 16:46:26,00202507001060,Off Grid,00073.08,00012.29,231.7,50.0,400.1,399.7,1064,1078,0.0,0,0,0,231.7,50.0,7443,7390,67,230.0,47.8,48.0,230.0,47.8,50.0,11000,11000,48.0,57.6,57.6,Pylon,2.0,10.0,Appliance,Utility Solar Bat,Solar + Utility,6,53.0,410,2,0.0,Load on,2.6,Line Mode,1074100,0,00202507000200,OG-001,offgrid
10040d3a3332df164f36636026049cab,2026-03-27 16:51:27,00202507001060,Off Grid,00073.08,00012.29,240.1,50.1,394.4,398.6,1094,1079,0.0,0,0,0,240.1,50.1,5210,5110,47,230.0,47.8,48.0,230.0,47.8,50.0,11000,11000,48.0,57.6,57.6,Pylon,2.0,10.0,Appliance,Utility Solar Bat,Solar + Utility,6,53.0,407,2,0.0,Load on,2.7,Line Mode,1074100,0,00202507000200,OG-001,offgrid
27a292ef5805ae931bee5a0f08ec51db,2026-03-27 16:56:26,00202507001060,Off Grid,00073.08,00012.29,234.8,50.0,397.3,402.2,954,940,0.0,0,0,0,234.8,50.0,6083,6030,55,230.0,47.8,48.0,230.0,47.8,50.0,11000,11000,48.0,57.6,57.6,Pylon,2.0,10.0,Appliance,Utility Solar Bat,Solar + Utility,6,53.0,411,2,0.0,Load on,2.3,Line Mode,1074100,0,00202507000200,OG-001,offgrid
441b8f6361037f0e477256d91f2d64d7,2026-03-27 17:01:23,00202507001060,Off Grid,00073.08,00012.29,231.3,50.0,400.5,400.1,925,959,0.0,0,0,0,231.3,50.0,7494,7463,68,230.0,47.8,48.0,230.0,47.8,50.0,11000,11000,48.0,57.6,57.6,Pylon,2.0,10.0,Appliance,Utility Solar Bat,Solar + Utility,6,53.0,410,2,0.0,Load on,2.3,Line Mode,1074100,0,00202507000200,OG-001,offgrid
4c98cf18a24b7ee22e489ee9b649a8ff,2026-03-27 17:06:23,00202507001060,Off Grid,00073.08,00012.29,230.0,50.1,399.8,402.2,830,826,0.0,0,0,0,230.0,50.1,7797,7788,70,230.0,47.8,48.0,230.0,47.8,50.0,11000,11000,48.0,57.6,57.6,Pylon,2.0,10.0,Appliance,Utility Solar Bat,Solar + Utility,6,53.0,412,2,0.0,Load on,2.0,Line Mode,1074100,0,00202507000200,OG-001,offgrid
48a5a8b550b4514e4ae2e227206145dd,2026-03-27 17:11:23,00202507001060,Off Grid,00073.08,00012.29,236.3,50.1,400.7,405.4,862,835,0.0,0,0,0,236.3,50.1,5931,5849,53,230.0,47.8,48.0,230.0,47.8,50.0,11000,11000,48.0,57.6,57.6,Pylon,2.0,10.0,Appliance,Utility Solar Bat,Solar + Utility,6,53.0,416,2,0.0,Load on,2.0,Line Mode,1074100,0,00202507000200,OG-001,offgrid
0e4bb2b04903acb31c9c5a870957a18b,2026-03-27 17:16:26,00202507001060,Off Grid,00073.08,00012.29,240.6,50.1,391.6,392.9,637,639,0.0,0,0,0,240.6,50.1,3993,3983,36,230.0,47.8,48.0,230.0,47.8,50.0,11000,11000,48.0,57.6,57.6,Pylon,2.0,10.0,Appliance,Utility Solar Bat,Solar + Utility,6,53.0,403,1,0.0,Load on,1.6,Line Mode,1075900,0,00202507000200,OG-001,offgrid
65e963a7c6b6718f7b9a9020ab72246d,2026-03-27 17:21:24,00202507001060,Off Grid,00073.08,00012.29,236.8,50.1,389.4,389.7,532,517,0.0,0,0,0,236.8,50.1,4686,4629,42,230.0,47.8,48.0,230.0,47.8,50.0,11000,11000,48.0,57.6,57.6,Pylon,2.0,10.0,Appliance,Utility Solar Bat,Solar + Utility,6,53.0,400,1,0.0,Load on,1.3,Line Mode,1075900,0,00202507000200,OG-001,offgrid
301013d1f21cf25224cb6b0bdbe07227,2026-03-27 17:26:26,00202507001060,Off Grid,00073.08,00012.29,231.6,50.0,401.6,396.6,476,504,0.0,0,0,0,231.6,50.0,5183,5106,47,230.0,47.8,48.0,230.0,47.8,50.0,11000,11000,48.0,57.6,57.6,Pylon,2.0,10.0,Appliance,Utility Solar Bat,Solar + Utility,6,53.0,411,1,0.0,Load on,1.2,Line Mode,1075900,0,00202507000200,OG-001,offgrid
4da23d5fc6ace5595a77a4a44a9499ce,2026-03-27 17:31:27,00202507001060,Off Grid,00073.08,00012.29,230.8,49.9,385.5,385.4,383,410,0.0,0,0,0,230.8,49.9,6093,6058,55,230.0,47.8,48.0,230.0,47.8,50.0,11000,11000,48.0,57.6,57.6,Pylon,2.0,10.0,Appliance,Utility Solar Bat,Solar + Utility,6,53.0,395,0,0.0,Load on,1.0,Line Mode,1075900,0,00202507000200,OG-001,offgrid
7fe10a1d163e1c5f7b8cdd396d8158b3,2026-03-27 17:36:26,00202507001060,Off Grid,00073.08,00012.29,232.4,50.0,372.0,377.6,313,278,0.0,0,0,0,232.4,50.0,5461,5328,49,230.0,47.8,48.0,230.0,47.8,50.0,11000,11000,48.0,57.6,57.6,Pylon,2.0,10.0,Appliance,Utility Solar Bat,Solar + Utility,6,53.0,387,0,0.0,Load on,0.7,Line Mode,1075900,0,00202507000200,OG-001,offgrid
561ab10dafe2b67975c329fc5cd6a573,2026-03-27 17:41:24,00202507001060,Off Grid,00073.08,00012.29,237.4,49.9,321.1,322.2,180,172,0.0,0,0,0,237.4,49.9,3252,3029,29,230.0,47.8,48.0,230.0,47.8,50.0,11000,11000,48.0,57.6,57.6,Pylon,2.0,10.0,Appliance,Utility Solar Bat,Solar + Utility,6,53.0,372,0,0.0,Load on,0.5,Line Mode,1075900,0,00202507000200,OG-001,offgrid
24c3df418935f55d1506611dcb118151,2026-03-27 17:46:22,00202507001060,Off Grid,00073.08,00012.29,235.7,49.9,89.9,89.9,31,44,0.0,0,0,0,235.7,49.9,2993,2862,27,230.0,47.8,48.0,230.0,47.8,50.0,11000,11000,48.0,57.6,57.6,Pylon,2.0,10.0,Appliance,Utility Solar Bat,Solar + Utility,6,53.0,370,0,0.0,Load on,0.4,Line Mode,1075900,0,00202507000200,OG-001,offgrid
6a9b45304b8c56006d6724d422891e9d,2026-03-27 17:51:21,00202507001060,Off Grid,00073.08,00012.29,235.6,49.9,90.0,89.9,23,36,0.0,0,0,0,235.6,49.9,3133,2882,28,230.0,47.8,48.0,230.0,47.8,50.0,11000,11000,48.0,57.6,57.6,Pylon,2.0,10.0,Appliance,Utility Solar Bat,Solar + Utility,6,53.0,369,0,0.0,Load on,0.4,Line Mode,1075900,0,00202507000200,OG-001,offgrid
0f547c0a12fb4fd1373ac4cc74826e0b,2026-03-27 17:56:20,00202507001060,Off Grid,00073.08,00012.29,235.1,49.9,89.9,90.0,17,30,0.0,0,0,0,235.1,49.9,3103,2883,28,230.0,47.8,48.0,230.0,47.8,50.0,11000,11000,48.0,57.6,57.6,Pylon,2.0,10.0,Appliance,Utility Solar Bat,Solar + Utility,6,53.0,369,0,0.0,Load on,0.3,Line Mode,1075900,0,00202507000200,OG-001,offgrid
3bb2d5e2bd1357607f56a67c26b48ea8,2026-03-27 18:01:20,00202507001060,Off Grid,00073.08,00012.29,229.1,50.0,88.0,90.0,13,22,0.0,0,0,0,229.1,50.0,5521,5423,50,230.0,47.8,48.0,230.0,47.8,50.0,11000,11000,48.0,57.6,57.6,Pylon,2.0,10.0,Appliance,Utility Solar Bat,Solar + Utility,6,53.0,360,0,0.0,Load on,0.2,Line Mode,1075900,0,00202507000200,OG-001,offgrid
782fb62f9123ee5d5f0954d708898ea3,2026-03-27 18:11:21,00202507001060,Off Grid,00073.08,00012.29,233.6,50.0,0.0,0.0,0,0,0.0,0,0,0,233.6,50.0,1919,1800,17,230.0,47.8,48.0,230.0,47.8,50.0,11000,11000,48.0,57.6,57.6,Pylon,2.0,10.0,Appliance,Utility Solar Bat,Solar + Utility,6,53.0,367,0,0.0,Load on,0.0,Line Mode,1076300,0,00202507000200,OG-001,offgrid
653f6325d9c750151916cd75221b2761,2026-03-27 18:16:18,00202507001060,Off Grid,00073.08,00012.29,233.3,50.0,0.0,0.0,0,0,0.0,0,0,0,233.3,50.0,1795,1703,16,230.0,47.8,48.0,230.0,47.8,50.0,11000,11000,48.0,57.6,57.6,Pylon,2.0,10.0,Appliance,Utility Solar Bat,Solar + Utility,6,53.0,366,0,0.0,Load on,0.0,Line Mode,1076300,0,00202507000200,OG-001,offgrid
37c4c84d12ffef430566951a73d4eb19,2026-03-27 18:21:16,00202507001060,Off Grid,00073.08,00012.29,232.8,49.9,0.0,0.0,0,0,0.0,0,0,0,232.8,49.9,1815,1622,16,230.0,47.8,48.0,230.0,47.8,50.0,11000,11000,48.0,57.6,57.6,Pylon,2.0,10.0,Appliance,Utility Solar Bat,Solar + Utility,6,53.0,360,0,0.0,Load on,0.0,Line Mode,1076300,0,00202507000200,OG-001,offgrid
7fefad92eaad02fb242fb4629e8d5612,2026-03-27 18:26:12,00202507001060,Off Grid,00073.08,00012.29,233.1,49.9,78.5,0.0,0,0,0.0,0,0,0,233.1,49.9,1794,1697,16,230.0,47.8,48.0,230.0,47.8,50.0,11000,11000,48.0,57.6,57.6,Pylon,2.0,10.0,Appliance,Utility Solar Bat,Solar + Utility,6,53.0,365,0,0.0,Load on,0.0,Line Mode,1076300,0,00202507000200,OG-001,offgrid
310776d03b1d76e54ba0d2588b996ebd,2026-03-27 18:31:13,00202507001060,Off Grid,00073.08,00012.29,233.5,49.9,0.0,0.0,0,0,0.0,0,0,0,233.5,49.9,1857,1818,16,230.0,47.8,48.0,230.0,47.8,50.0,11000,11000,48.0,57.6,57.6,Pylon,2.0,10.0,Appliance,Utility Solar Bat,Solar + Utility,6,53.0,365,0,0.0,Load on,0.0,Line Mode,1076300,0,00202507000200,OG-001,offgrid
1fe591c87d8b0fb46c64e4699e7dc017,2026-03-27 18:36:11,00202507001060,Off Grid,00073.08,00012.29,235.5,49.9,0.0,0.0,0,0,0.0,0,0,0,235.5,49.9,1907,1733,17,230.0,47.8,48.0,230.0,47.8,50.0,11000,11000,48.0,57.6,57.6,Pylon,2.0,10.0,Appliance,Utility Solar Bat,Solar + Utility,6,53.0,368,0,0.0,Load on,0.0,Line Mode,1076300,0,00202507000200,OG-001,offgrid
1d6e0502d89ce5881c96ee4feecba548,2026-03-27 18:46:13,00202507001060,Off Grid,00073.08,00012.29,236.3,50.0,0.0,0.0,0,0,0.0,0,0,0,236.3,50.0,1888,1816,17,230.0,47.8,48.0,230.0,47.8,50.0,11000,11000,48.0,57.6,57.6,Pylon,2.0,10.0,Appliance,Utility Solar Bat,Solar + Utility,6,53.0,370,0,0.0,Load on,0.0,Line Mode,1076300,0,00202507000200,OG-001,offgrid
50a2f728ec45a76c7c76fad2f0114e2c,2026-03-27 18:51:09,00202507001060,Off Grid,00073.08,00012.29,233.7,50.0,0.0,0.0,0,0,0.0,0,0,0,233.7,50.0,1822,1710,16,230.0,47.8,48.0,230.0,47.8,50.0,11000,11000,48.0,57.6,57.6,Pylon,2.0,10.0,Appliance,Utility Solar Bat,Solar + Utility,6,53.0,367,0,0.0,Load on,0.0,Line Mode,1076300,0,00202507000200,OG-001,offgrid
313ffeb08cff75de3422e143acf2d4ea,2026-03-27 18:56:09,00202507001060,Off Grid,00073.08,00012.29,234.8,50.0,0.0,0.0,0,0,0.0,0,0,0,234.8,50.0,1930,1789,17,230.0,47.8,48.0,230.0,47.8,50.0,11000,11000,48.0,57.6,57.6,Pylon,2.0,10.0,Appliance,Utility Solar Bat,Solar + Utility,6,53.0,369,0,0.0,Load on,0.0,Line Mode,1076300,0,00202507000200,OG-001,offgrid
579573e3caec05ca5d84e5b8d898648a,2026-03-27 19:01:10,00202507001060,Off Grid,00073.08,00012.29,235.2,50.0,0.0,0.0,0,0,0.0,0,0,0,235.2,50.0,1928,1758,17,230.0,47.8,48.0,230.0,47.8,50.0,11000,11000,48.0,57.6,57.6,Pylon,2.0,10.0,Appliance,Utility Solar Bat,Solar + Utility,6,53.0,369,0,0.0,Load on,0.0,Line Mode,1076300,0,00202507000200,OG-001,offgrid
7968623753bfc6e12409ead4310f32a6,2026-03-27 19:06:09,00202507001060,Off Grid,00073.08,00012.29,233.5,50.0,0.0,0.0,0,0,0.0,0,0,0,233.5,50.0,1891,1746,17,230.0,47.8,48.0,230.0,47.8,50.0,11000,11000,48.0,57.6,57.6,Pylon,2.0,10.0,Appliance,Utility Solar Bat,Solar + Utility,6,53.0,366,0,0.0,Load on,0.0,Line Mode,1076300,0,00202507000200,OG-001,offgrid
1f7b9611811a3e023cdea48dfb6090e5,2026-03-27 19:11:09,00202507001060,Off Grid,00073.08,00012.29,233.7,50.1,0.0,0.0,0,0,0.0,0,0,0,233.7,50.1,1986,1866,18,230.0,47.8,48.0,230.0,47.8,50.0,11000,11000,48.0,57.6,57.6,Pylon,2.0,10.0,Appliance,Utility Solar Bat,Solar + Utility,6,53.0,367,0,0.0,Load on,0.0,Line Mode,1076300,0,00202507000200,OG-001,offgrid
3a6dc1ebdc582d0e766599ee350565bb,2026-03-27 19:16:11,00202507001060,Off Grid,00073.08,00012.29,232.6,50.0,0.0,0.0,0,0,0.0,0,0,0,232.6,50.0,2046,2036,18,230.0,47.8,48.0,230.0,47.8,50.0,11000,11000,48.0,57.6,57.6,Pylon,2.0,10.0,Appliance,Utility Solar Bat,Solar + Utility,6,53.0,366,0,0.0,Load on,0.0,Line Mode,1076300,0,00202507000200,OG-001,offgrid
44b41bcd89ff9b0266b070ba3f4cd4fa,2026-03-27 19:21:11,00202507001060,Off Grid,00073.08,00012.29,233.0,50.0,0.0,0.0,0,0,0.0,0,0,0,233.0,50.0,2050,1958,18,230.0,47.8,48.0,230.0,47.8,50.0,11000,11000,48.0,57.6,57.6,Pylon,2.0,10.0,Appliance,Utility Solar Bat,Solar + Utility,6,53.0,366,0,0.0,Load on,0.0,Line Mode,1076300,0,00202507000200,OG-001,offgrid
6dc52e4412fd1ccf6c7ca26843636bc7,2026-03-27 19:26:10,00202507001060,Off Grid,00073.08,00012.29,231.3,50.0,0.0,0.0,0,0,0.0,0,0,0,231.3,50.0,2060,1901,18,230.0,47.8,48.0,230.0,47.8,50.0,11000,11000,48.0,57.6,57.6,Pylon,2.0,10.0,Appliance,Utility Solar Bat,Solar + Utility,6,53.0,364,0,0.0,Load on,0.0,Line Mode,1076300,0,00202507000200,OG-001,offgrid
69a8631ca2f9b61a7e09ba873a89db21,2026-03-27 19:31:09,00202507001060,Off Grid,00073.08,00012.29,230.1,50.0,0.0,0.0,0,0,0.0,0,0,0,230.1,50.0,2117,2034,19,230.0,47.8,48.0,230.0,47.8,50.0,11000,11000,48.0,57.6,57.6,Pylon,2.0,10.0,Appliance,Utility Solar Bat,Solar + Utility,6,53.0,362,0,0.0,Load on,0.0,Line Mode,1076300,0,00202507000200,OG-001,offgrid
7bf09b8527803bea397a6ffcfcaa5e45,2026-03-27 19:36:09,00202507001060,Off Grid,00073.08,00012.29,231.3,50.1,0.0,0.0,0,0,0.0,0,0,0,231.3,50.1,1850,1735,16,230.0,47.8,48.0,230.0,47.8,50.0,11000,11000,48.0,57.6,57.6,Pylon,2.0,10.0,Appliance,Utility Solar Bat,Solar + Utility,6,53.0,364,0,0.0,Load on,0.0,Line Mode,1076300,0,00202507000200,OG-001,offgrid
0123dd50f717e08f2c7086ef5f19616e,2026-03-27 19:41:06,00202507001060,Off Grid,00073.08,00012.29,230.1,50.0,0.0,0.0,0,0,0.0,0,0,0,230.1,50.0,2254,2223,20,230.0,47.8,48.0,230.0,47.8,50.0,11000,11000,48.0,57.6,57.6,Pylon,2.0,10.0,Appliance,Utility Solar Bat,Solar + Utility,6,53.0,361,0,0.0,Load on,0.0,Line Mode,1076300,0,00202507000200,OG-001,offgrid
3286bec1c0c8b2912b0febdabef11cdb,2026-03-27 19:46:05,00202507001060,Off Grid,00073.08,00012.29,232.0,49.9,0.0,0.0,0,0,0.0,0,0,0,232.0,49.9,1880,1784,17,230.0,47.8,48.0,230.0,47.8,50.0,11000,11000,48.0,57.6,57.6,Pylon,2.0,10.0,Appliance,Utility Solar Bat,Solar + Utility,6,53.0,364,0,0.0,Load on,0.0,Line Mode,1076300,0,00202507000200,OG-001,offgrid
48a5ca864453cfb339d2d2d67848c8c2,2026-03-27 19:51:06,00202507001060,Off Grid,00073.08,00012.29,228.3,50.0,0.0,0.0,0,0,0.0,0,0,0,228.3,50.0,1967,1867,17,230.0,47.8,48.0,230.0,47.8,50.0,11000,11000,48.0,57.6,57.6,Pylon,2.0,10.0,Appliance,Utility Solar Bat,Solar + Utility,6,53.0,359,0,0.0,Load on,0.0,Line Mode,1076300,0,00202507000200,OG-001,offgrid
67d69941e05c920d3fbb5663edf0dd60,2026-03-27 19:56:07,00202507001060,Off Grid,00073.08,00012.29,231.3,50.1,0.0,0.0,0,0,0.0,0,0,0,231.3,50.1,2035,1882,18,230.0,47.8,48.0,230.0,47.8,50.0,11000,11000,48.0,57.6,57.6,Pylon,2.0,10.0,Appliance,Utility Solar Bat,Solar + Utility,6,53.0,364,0,0.0,Load on,0.0,Line Mode,1076300,0,00202507000200,OG-001,offgrid
70ed6cd7e4cc26c81479a3aa6c8c611d,2026-03-27 20:01:06,00202507001060,Off Grid,00073.08,00012.29,228.0,50.0,0.0,0.0,0,0,0.0,0,0,0,228.0,50.0,2026,1954,18,230.0,47.8,48.0,230.0,47.8,50.0,11000,11000,48.0,57.6,57.6,Pylon,2.0,10.0,Appliance,Utility Solar Bat,Solar + Utility,6,53.0,358,0,0.0,Load on,0.0,Line Mode,1076300,0,00202507000200,OG-001,offgrid
21a9aa114ad93b6262f5ca9259c7c51c,2026-03-27 20:06:07,00202507001060,Off Grid,00073.08,00012.29,229.7,50.0,0.0,0.0,0,0,0.0,0,0,0,229.7,50.0,1927,1844,17,230.0,47.8,48.0,230.0,47.8,50.0,11000,11000,48.0,57.6,57.6,Pylon,2.0,10.0,Appliance,Utility Solar Bat,Solar + Utility,6,53.0,361,0,0.0,Load on,0.0,Line Mode,1076300,0,00202507000200,OG-001,offgrid
6a8be8af2c0fe7bb47637a44807f3ab6,2026-03-27 20:11:07,00202507001060,Off Grid,00073.08,00012.29,231.0,50.0,0.0,0.0,0,0,0.0,0,0,0,231.0,50.0,1734,1637,15,230.0,47.8,48.0,230.0,47.8,50.0,11000,11000,48.0,57.6,57.6,Pylon,2.0,10.0,Appliance,Utility Solar Bat,Solar + Utility,6,53.0,362,0,0.0,Load on,0.0,Line Mode,1076300,0,00202507000200,OG-001,offgrid
20f2d032bdeb0da42899161ef3f292ca,2026-03-27 20:16:04,00202507001060,Off Grid,00073.08,00012.29,233.1,50.0,0.0,0.0,0,0,0.0,0,0,0,233.1,50.0,1929,1791,17,230.0,47.8,48.0,230.0,47.8,50.0,11000,11000,48.0,57.6,57.6,Pylon,2.0,10.0,Appliance,Utility Solar Bat,Solar + Utility,6,53.0,365,0,0.0,Load on,0.0,Line Mode,1076300,0,00202507000200,OG-001,offgrid
16d2176783930add58617384f6540b76,2026-03-27 20:21:04,00202507001060,Off Grid,00073.08,00012.29,234.8,50.1,0.0,0.0,0,0,0.0,0,0,0,234.8,50.1,2042,1887,18,230.0,47.8,48.0,230.0,47.8,50.0,11000,11000,48.0,57.6,57.6,Pylon,2.0,10.0,Appliance,Utility Solar Bat,Solar + Utility,6,53.0,368,0,0.0,Load on,0.0,Line Mode,1076300,0,00202507000200,OG-001,offgrid
760bd2725792e45d7cef4f5ff87e4451,2026-03-27 20:31:02,00202507001060,Off Grid,00073.08,00012.29,231.3,50.0,0.0,0.0,0,0,0.0,0,0,0,231.3,50.0,2174,2111,19,230.0,47.8,48.0,230.0,47.8,50.0,11000,11000,48.0,57.6,57.6,Pylon,2.0,10.0,Appliance,Utility Solar Bat,Solar + Utility,6,53.0,364,0,0.0,Load on,0.0,Line Mode,1076300,0,00202507000200,OG-001,offgrid
12040e52b37108c402c604697db186b3,2026-03-27 20:36:01,00202507001060,Off Grid,00073.08,00012.29,230.3,50.0,0.0,0.0,0,0,0.0,0,0,0,230.3,50.0,2256,2148,20,230.0,47.8,48.0,230.0,47.8,50.0,11000,11000,48.0,57.6,57.6,Pylon,2.0,10.0,Appliance,Utility Solar Bat,Solar + Utility,6,53.0,362,0,0.0,Load on,0.0,Line Mode,1076300,0,00202507000200,OG-001,offgrid
3c96cd24ef3895a5356ca28331afd9e3,2026-03-27 20:41:00,00202507001060,Off Grid,00073.08,00012.29,233.7,50.0,0.0,0.0,0,0,0.0,0,0,0,233.7,50.0,2009,1930,18,230.0,47.8,48.0,230.0,47.8,50.0,11000,11000,48.0,57.6,57.6,Pylon,2.0,10.0,Appliance,Utility Solar Bat,Solar + Utility,6,53.0,366,0,0.0,Load on,0.0,Line Mode,1076300,0,00202507000200,OG-001,offgrid
6fd2b1f5154b7e5e3387826d97a85ba6,2026-03-27 20:45:58,00202507001060,Off Grid,00073.08,00012.29,227.7,50.0,0.0,0.0,0,0,0.0,0,0,0,227.7,50.0,3233,3225,29,230.0,47.8,48.0,230.0,47.8,50.0,11000,11000,48.0,57.6,57.6,Pylon,2.0,10.0,Appliance,Utility Solar Bat,Solar + Utility,6,53.0,357,0,0.0,Load on,0.0,Line Mode,1076300,0,00202507000200,OG-001,offgrid
2b7bb60bded2b4db5bc9b3ce7bc22cab,2026-03-27 20:51:00,00202507001060,Off Grid,00073.08,00012.29,235.7,49.9,0.0,0.0,0,0,0.0,0,0,0,235.7,49.9,2028,1916,18,230.0,47.8,48.0,230.0,47.8,50.0,11000,11000,48.0,57.6,57.6,Pylon,2.0,10.0,Appliance,Utility Solar Bat,Solar + Utility,6,53.0,370,0,0.0,Load on,0.0,Line Mode,1076300,0,00202507000200,OG-001,offgrid
1ffc88fb85b0601936c0d27983527e93,2026-03-27 20:55:59,00202507001060,Off Grid,00073.08,00012.29,235.8,49.9,0.0,0.0,0,0,0.0,0,0,0,235.8,49.9,2098,1914,19,230.0,47.8,48.0,230.0,47.8,50.0,11000,11000,48.0,57.6,57.6,Pylon,2.0,10.0,Appliance,Utility Solar Bat,Solar + Utility,6,53.0,369,0,0.0,Load on,0.0,Line Mode,1076300,0,00202507000200,OG-001,offgrid
66550b68b822800f04ad7ac5650e0672,2026-03-27 21:31:59,00202507001060,Off Grid,00073.08,00012.29,235.0,50.0,0.0,0.0,0,0,0.0,0,0,0,235.0,50.0,2209,2157,20,230.0,47.8,48.0,230.0,47.8,50.0,11000,11000,48.0,57.6,57.6,Pylon,2.0,10.0,Appliance,Utility Solar Bat,Solar + Utility,6,53.0,369,0,0.0,Load on,0.0,Line Mode,1076300,0,00202507000200,OG-001,offgrid
7814fd8082d4fda442e4639108542c2d,2026-03-27 21:37:00,00202507001060,Off Grid,00073.08,00012.29,232.6,50.0,0.0,0.0,0,0,0.0,0,0,0,232.6,50.0,2287,2204,20,230.0,47.8,48.0,230.0,47.8,50.0,11000,11000,48.0,57.6,57.6,Pylon,2.0,10.0,Appliance,Utility Solar Bat,Solar + Utility,6,53.0,365,0,0.0,Load on,0.0,Line Mode,1076300,0,00202507000200,OG-001,offgrid
5419e157ff6d74b45798cf7be13ac3e2,2026-03-27 21:42:01,00202507001060,Off Grid,00073.08,00012.29,235.9,49.9,0.0,0.0,0,0,0.0,0,0,0,235.9,49.9,2193,2118,19,230.0,47.8,48.0,230.0,47.8,50.0,11000,11000,48.0,57.6,57.6,Pylon,2.0,10.0,Appliance,Utility Solar Bat,Solar + Utility,6,53.0,371,0,0.0,Load on,0.0,Line Mode,1076300,0,00202507000200,OG-001,offgrid
0dcfadb471d17e1c00fd1858026fbb33,2026-03-27 21:47:02,00202507001060,Off Grid,00073.08,00012.29,236.9,50.0,0.0,0.0,0,0,0.0,0,0,0,236.9,50.0,2203,2149,20,230.0,47.8,48.0,230.0,47.8,50.0,11000,11000,48.0,57.6,57.6,Pylon,2.0,10.0,Appliance,Utility Solar Bat,Solar + Utility,6,53.0,371,0,0.0,Load on,0.0,Line Mode,1076300,0,00202507000200,OG-001,offgrid
0de18d155d2b675b2b8ab947d5d6592f,2026-03-27 21:52:00,00202507001060,Off Grid,00073.08,00012.29,236.3,50.0,0.0,0.0,0,0,0.0,0,0,0,236.3,50.0,2363,2265,21,230.0,47.8,48.0,230.0,47.8,50.0,11000,11000,48.0,57.6,57.6,Pylon,2.0,10.0,Appliance,Utility Solar Bat,Solar + Utility,6,53.0,370,0,0.0,Load on,0.0,Line Mode,1076300,0,00202507000200,OG-001,offgrid
31c78e24f77fc6fb6f0b250b78591cf7,2026-03-27 21:57:02,00202507001060,Off Grid,00073.08,00012.29,238.3,50.1,0.0,0.0,0,0,0.0,0,0,0,238.3,50.1,1930,1911,17,230.0,47.8,48.0,230.0,47.8,50.0,11000,11000,48.0,57.6,57.6,Pylon,2.0,10.0,Appliance,Utility Solar Bat,Solar + Utility,6,53.0,374,0,0.0,Load on,0.0,Line Mode,1076300,0,00202507000200,OG-001,offgrid
634639e947fa8e743b093c5dfbcf055f,2026-03-27 22:02:04,00202507001060,Off Grid,00073.08,00012.29,236.0,50.0,0.0,0.0,0,0,0.0,0,0,0,236.0,50.0,2006,1850,18,230.0,47.8,48.0,230.0,47.8,50.0,11000,11000,48.0,57.6,57.6,Pylon,2.0,10.0,Appliance,Utility Solar Bat,Solar + Utility,6,53.0,370,0,0.0,Load on,0.0,Line Mode,1076300,0,00202507000200,OG-001,offgrid
24a1a25d1f9fc94709f94a929a128c21,2026-03-27 22:07:06,00202507001060,Off Grid,00073.08,00012.29,237.5,50.0,0.0,0.0,0,0,0.0,0,0,0,237.5,50.0,1995,1796,18,230.0,47.8,48.0,230.0,47.8,50.0,11000,11000,48.0,57.6,57.6,Pylon,2.0,10.0,Appliance,Utility Solar Bat,Solar + Utility,6,53.0,372,0,0.0,Load on,0.0,Line Mode,1076300,0,00202507000200,OG-001,offgrid
145074912737530c2a008747e8ea1c65,2026-03-27 22:12:08,00202507001060,Off Grid,00073.08,00012.29,236.6,50.0,0.0,0.0,0,0,0.0,0,0,0,236.6,50.0,2034,1861,18,230.0,47.8,48.0,230.0,47.8,50.0,11000,11000,48.0,57.6,57.6,Pylon,2.0,10.0,Appliance,Utility Solar Bat,Solar + Utility,6,53.0,371,0,0.0,Load on,0.0,Line Mode,1076300,0,00202507000200,OG-001,offgrid
7a72ea8545c5e3cd7f3506412609b22a,2026-03-27 22:17:09,00202507001060,Off Grid,00073.08,00012.29,237.5,50.1,0.0,0.0,0,0,0.0,0,0,0,237.5,50.1,1970,1892,17,230.0,47.8,48.0,230.0,47.8,50.0,11000,11000,48.0,57.6,57.6,Pylon,2.0,10.0,Appliance,Utility Solar Bat,Solar + Utility,6,53.0,373,0,0.0,Load on,0.0,Line Mode,1076300,0,00202507000200,OG-001,offgrid
26c8cd14c3011f0651609e77b9e2a4d0,2026-03-27 22:22:10,00202507001060,Off Grid,00073.08,00012.29,230.7,50.0,0.0,0.0,0,0,0.0,0,0,0,230.7,50.0,3299,3180,29,230.0,47.8,48.0,230.0,47.8,50.0,11000,11000,48.0,57.6,57.6,Pylon,2.0,10.0,Appliance,Utility Solar Bat,Solar + Utility,6,53.0,362,0,0.0,Load on,0.0,Line Mode,1076300,0,00202507000200,OG-001,offgrid
015ec2f677a394133fd45d8dc87ac3d3,2026-03-27 22:27:10,00202507001060,Off Grid,00073.08,00012.29,237.8,49.9,0.0,0.0,0,0,0.0,0,0,0,237.8,49.9,1735,1685,15,230.0,47.8,48.0,230.0,47.8,50.0,11000,11000,48.0,57.6,57.6,Pylon,2.0,10.0,Appliance,Utility Solar Bat,Solar + Utility,6,53.0,372,0,0.0,Load on,0.0,Line Mode,1076300,0,00202507000200,OG-001,offgrid
718d69791322c6a019ed48b45d48ec54,2026-03-27 22:32:12,00202507001060,Off Grid,00073.08,00012.29,236.0,50.0,0.0,0.0,0,0,0.0,0,0,0,236.0,50.0,2478,2398,22,230.0,47.8,48.0,230.0,47.8,50.0,11000,11000,48.0,57.6,57.6,Pylon,2.0,10.0,Appliance,Utility Solar Bat,Solar + Utility,6,53.0,370,0,0.0,Load on,0.0,Line Mode,1076300,0,00202507000200,OG-001,offgrid
1deef92d95c4a2fc30385c6bdc1bbf50,2026-03-27 22:37:13,00202507001060,Off Grid,00073.08,00012.29,235.9,49.9,0.0,0.0,0,0,0.0,0,0,0,235.9,49.9,2476,2339,22,230.0,47.8,48.0,230.0,47.8,50.0,11000,11000,48.0,57.6,57.6,Pylon,2.0,10.0,Appliance,Utility Solar Bat,Solar + Utility,6,53.0,369,0,0.0,Load on,0.0,Line Mode,1076300,0,00202507000200,OG-001,offgrid
147cf5c4800652aa0f9e8bac33a675ab,2026-03-27 22:42:15,00202507001060,Off Grid,00073.08,00012.29,234.8,49.9,0.0,0.0,0,0,0.0,0,0,0,234.8,49.9,2594,2458,23,230.0,47.8,48.0,230.0,47.8,50.0,11000,11000,48.0,57.6,57.6,Pylon,2.0,10.0,Appliance,Utility Solar Bat,Solar + Utility,6,53.0,369,0,0.0,Load on,0.0,Line Mode,1076300,0,00202507000200,OG-001,offgrid
0f32578abd2985f77b7c48b948d18516,2026-03-27 22:47:17,00202507001060,Off Grid,00073.08,00012.29,234.7,49.9,0.0,0.0,0,0,0.0,0,0,0,234.7,49.9,2511,2452,22,230.0,47.8,48.0,230.0,47.8,50.0,11000,11000,48.0,57.6,57.6,Pylon,2.0,10.0,Appliance,Utility Solar Bat,Solar + Utility,6,53.0,368,0,0.0,Load on,0.0,Line Mode,1076300,0,00202507000200,OG-001,offgrid
45cfff6782faaf2b08cfcdf6625266dd,2026-03-27 22:52:18,00202507001060,Off Grid,00073.08,00012.29,237.6,49.9,0.0,0.0,0,0,0.0,0,0,0,237.6,49.9,2257,2232,20,230.0,47.8,48.0,230.0,47.8,50.0,11000,11000,48.0,57.6,57.6,Pylon,2.0,10.0,Appliance,Utility Solar Bat,Solar + Utility,6,53.0,372,0,0.0,Load on,0.0,Line Mode,1076300,0,00202507000200,OG-001,offgrid
3c958df7f513914f0bd5ba8a34cc5131,2026-03-27 22:57:19,00202507001060,Off Grid,00073.08,00012.29,238.6,50.0,0.0,0.0,0,0,0.0,0,0,0,238.6,50.0,1956,1839,17,230.0,47.8,48.0,230.0,47.8,50.0,11000,11000,48.0,57.6,57.6,Pylon,2.0,10.0,Appliance,Utility Solar Bat,Solar + Utility,6,53.0,374,0,0.0,Load on,0.0,Line Mode,1076300,0,00202507000200,OG-001,offgrid
31348ffe50d336987412837c6a791ca0,2026-03-27 23:02:18,00202507001060,Off Grid,00073.08,00012.29,236.4,50.1,0.0,0.0,0,0,0.0,0,0,0,236.4,50.1,2484,2386,22,230.0,47.8,48.0,230.0,47.8,50.0,11000,11000,48.0,57.6,57.6,Pylon,2.0,10.0,Appliance,Utility Solar Bat,Solar + Utility,6,53.0,370,0,0.0,Load on,0.0,Line Mode,1076300,0,00202507000200,OG-001,offgrid
04ac63c01b0a746d50b4f3ae45b13be6,2026-03-27 23:07:19,00202507001060,Off Grid,00073.08,00012.29,238.8,50.1,0.0,0.0,0,0,0.0,0,0,0,238.8,50.1,2364,2255,21,230.0,47.8,48.0,230.0,47.8,50.0,11000,11000,48.0,57.6,57.6,Pylon,2.0,10.0,Appliance,Utility Solar Bat,Solar + Utility,6,53.0,374,0,0.0,Load on,0.0,Line Mode,1076300,0,00202507000200,OG-001,offgrid
127e873b0a235d0a20c3a9d5b9bb37c6,2026-03-27 23:12:22,00202507001060,Off Grid,00073.08,00012.29,235.2,50.0,0.0,0.0,0,0,0.0,0,0,0,235.2,50.0,2068,1978,18,230.0,47.8,48.0,230.0,47.8,50.0,11000,11000,48.0,57.6,57.6,Pylon,2.0,10.0,Appliance,Utility Solar Bat,Solar + Utility,6,53.0,369,0,0.0,Load on,0.0,Line Mode,1076300,0,00202507000200,OG-001,offgrid
712f7ee5d072eef238963d01c72ef7fb,2026-03-27 23:17:24,00202507001060,Off Grid,00073.08,00012.29,236.4,50.0,0.0,0.0,0,0,0.0,0,0,0,236.4,50.0,2198,2107,19,230.0,47.8,48.0,230.0,47.8,50.0,11000,11000,48.0,57.6,57.6,Pylon,2.0,10.0,Appliance,Utility Solar Bat,Solar + Utility,6,53.0,371,0,0.0,Load on,0.0,Line Mode,1076300,0,00202507000200,OG-001,offgrid
3433a391932555346020c69aace72e1e,2026-03-27 23:22:25,00202507001060,Off Grid,00073.08,00012.29,239.8,50.0,0.0,0.0,0,0,0.0,0,0,0,239.8,50.0,1822,1675,16,230.0,47.8,48.0,230.0,47.8,50.0,11000,11000,48.0,57.6,57.6,Pylon,2.0,10.0,Appliance,Utility Solar Bat,Solar + Utility,6,53.0,375,0,0.0,Load on,0.0,Line Mode,1076300,0,00202507000200,OG-001,offgrid
376fb31667c52c9b482e041e6e3e94f7,2026-03-27 23:27:29,00202507001060,Off Grid,00073.08,00012.29,240.4,50.1,0.0,0.0,0,0,0.0,0,0,0,240.4,50.1,1899,1740,17,230.0,47.8,48.0,230.0,47.8,50.0,11000,11000,48.0,57.6,57.6,Pylon,2.0,10.0,Appliance,Utility Solar Bat,Solar + Utility,6,53.0,376,0,0.0,Load on,0.0,Line Mode,1076300,0,00202507000200,OG-001,offgrid
6af3418420b80ee048f20733996b3f6f,2026-03-27 23:32:29,00202507001060,Off Grid,00073.08,00012.29,232.4,50.0,0.0,0.0,0,0,0.0,0,0,0,232.4,50.0,3204,3201,29,230.0,47.8,48.0,230.0,47.8,50.0,11000,11000,48.0,57.6,57.6,Pylon,2.0,10.0,Appliance,Utility Solar Bat,Solar + Utility,6,53.0,364,0,0.0,Load on,0.0,Line Mode,1076300,0,00202507000200,OG-001,offgrid
23c4adb26304440a5814129c74adcbe3,2026-03-27 23:37:29,00202507001060,Off Grid,00073.08,00012.29,239.7,49.9,0.0,0.0,0,0,0.0,0,0,0,239.7,49.9,1941,1795,17,230.0,47.8,48.0,230.0,47.8,50.0,11000,11000,48.0,57.6,57.6,Pylon,2.0,10.0,Appliance,Utility Solar Bat,Solar + Utility,6,53.0,376,0,0.0,Load on,0.0,Line Mode,1076300,0,00202507000200,OG-001,offgrid
6e21870676dd087278c206d938706ecd,2026-03-27 23:42:30,00202507001060,Off Grid,00073.08,00012.29,239.6,49.9,0.0,0.0,0,0,0.0,0,0,0,239.6,49.9,1869,1761,16,230.0,47.8,48.0,230.0,47.8,50.0,11000,11000,48.0,57.6,57.6,Pylon,2.0,10.0,Appliance,Utility Solar Bat,Solar + Utility,6,53.0,377,0,0.0,Load on,0.0,Line Mode,1076300,0,00202507000200,OG-001,offgrid
3f501b9701bafdef342ebe21105bc584,2026-03-27 23:47:31,00202507001060,Off Grid,00073.08,00012.29,241.2,50.0,0.0,0.0,0,0,0.0,0,0,0,241.2,50.0,1905,1712,17,230.0,47.8,48.0,230.0,47.8,50.0,11000,11000,48.0,57.6,57.6,Pylon,2.0,10.0,Appliance,Utility Solar Bat,Solar + Utility,6,53.0,377,0,0.0,Load on,0.0,Line Mode,1076300,0,00202507000200,OG-001,offgrid
2298572e0b8621af696c54664dab0b33,2026-03-27 23:52:30,00202507001060,Off Grid,00073.08,00012.29,237.2,50.0,0.0,0.0,0,0,0.0,0,0,0,237.2,50.0,2306,2273,20,230.0,47.8,48.0,230.0,47.8,50.0,11000,11000,48.0,57.6,57.6,Pylon,2.0,10.0,Appliance,Utility Solar Bat,Solar + Utility,6,53.0,374,0,0.0,Load on,0.0,Line Mode,1076300,0,00202507000200,OG-001,offgrid
35dc3e01cae4919242d2500dec3cb202,2026-03-27 23:57:30,00202507001060,Off Grid,00073.08,00012.29,241.4,50.0,0.0,0.0,0,0,0.0,0,0,0,241.4,50.0,1762,1628,16,230.0,47.8,48.0,230.0,47.8,50.0,11000,11000,48.0,57.6,57.6,Pylon,2.0,10.0,Appliance,Utility Solar Bat,Solar + Utility,6,53.0,379,0,0.0,Load on,0.0,Line Mode,1076300,0,00202507000200,OG-001,offgrid
52f31b554a497f507022a93fd6caf8b8,2026-03-28 00:02:28,00202507001060,Off Grid,00073.08,00012.29,238.9,50.0,0.0,0.0,0,0,0.0,0,0,0,238.9,50.0,1767,1618,16,230.0,47.8,48.0,230.0,47.8,50.0,11000,11000,48.0,57.6,57.6,Pylon,2.0,10.0,Appliance,Utility Solar Bat,Solar + Utility,6,53.0,375,0,0.0,Load on,0.0,Line Mode,1076300,0,00202507000200,OG-001,offgrid
7cc9d99f4c96f4080c6ee187773e7748,2026-03-28 00:07:30,00202507001060,Off Grid,00073.08,00012.29,239.9,49.9,0.0,0.0,0,0,0.0,0,0,0,239.9,49.9,1679,1497,15,230.0,47.8,48.0,230.0,47.8,50.0,11000,11000,48.0,57.6,57.6,Pylon,2.0,10.0,Appliance,Utility Solar Bat,Solar + Utility,6,53.0,375,0,0.0,Load on,0.0,Line Mode,1076300,0,00202507000200,OG-001,offgrid
039f5b1ed3cd3cff04ff480f24216211,2026-03-28 00:12:30,00202507001060,Off Grid,00073.08,00012.29,239.7,49.9,0.0,0.0,0,0,0.0,0,0,0,239.7,49.9,1653,1643,15,230.0,47.8,48.0,230.0,47.8,50.0,11000,11000,48.0,57.6,57.6,Pylon,2.0,10.0,Appliance,Utility Solar Bat,Solar + Utility,6,53.0,376,0,0.0,Load on,0.0,Line Mode,1076300,0,00202507000200,OG-001,offgrid
11f2d2bcc82af2de5a764b13769e6a33,2026-03-28 00:17:31,00202507001060,Off Grid,00073.08,00012.29,240.4,49.8,0.0,0.0,0,0,0.0,0,0,0,240.4,49.8,1730,1613,15,230.0,47.8,48.0,230.0,47.8,50.0,11000,11000,48.0,57.6,57.6,Pylon,2.0,10.0,Appliance,Utility Solar Bat,Solar + Utility,6,53.0,377,0,0.0,Load on,0.0,Line Mode,1076300,0,00202507000200,OG-001,offgrid
14a9c3c49399a59721f3a7ca12ef7bec,2026-03-28 00:22:33,00202507001060,Off Grid,00073.08,00012.29,238.4,49.8,0.0,0.0,0,0,0.0,0,0,0,238.4,49.8,1764,1697,16,230.0,47.8,48.0,230.0,47.8,50.0,11000,11000,48.0,57.6,57.6,Pylon,2.0,10.0,Appliance,Utility Solar Bat,Solar + Utility,6,53.0,375,0,0.0,Load on,0.0,Line Mode,1076300,0,00202507000200,OG-001,offgrid
6b5bb65773ee4d497fca95ac6d6df22e,2026-03-28 00:27:33,00202507001060,Off Grid,00073.08,00012.29,238.5,49.9,0.0,0.0,0,0,0.0,0,0,0,238.5,49.9,2003,1868,18,230.0,47.8,48.0,230.0,47.8,50.0,11000,11000,48.0,57.6,57.6,Pylon,2.0,10.0,Appliance,Utility Solar Bat,Solar + Utility,6,53.0,374,0,0.0,Load on,0.0,Line Mode,1076300,0,00202507000200,OG-001,offgrid
3cdab222d914479b7aa094d277c7df20,2026-03-28 00:32:33,00202507001060,Off Grid,00073.08,00012.29,242.0,50.0,0.0,0.0,0,0,0.0,0,0,0,242.0,50.0,1645,1504,14,230.0,47.8,48.0,230.0,47.8,50.0,11000,11000,48.0,57.6,57.6,Pylon,2.0,10.0,Appliance,Utility Solar Bat,Solar + Utility,6,53.0,379,0,0.0,Load on,0.0,Line Mode,1076300,0,00202507000200,OG-001,offgrid
041130b7c93ddb395416b66c20b529e1,2026-03-28 00:37:36,00202507001060,Off Grid,00073.08,00012.29,239.4,50.0,0.0,0.0,0,0,0.0,0,0,0,239.4,50.0,1867,1733,16,230.0,47.8,48.0,230.0,47.8,50.0,11000,11000,48.0,57.6,57.6,Pylon,2.0,10.0,Appliance,Utility Solar Bat,Solar + Utility,6,53.0,374,0,0.0,Load on,0.0,Line Mode,1076300,0,00202507000200,OG-001,offgrid
1dfb532a500ac035234c909b03fb5963,2026-03-28 00:42:37,00202507001060,Off Grid,00073.08,00012.29,240.8,49.9,0.0,0.0,0,0,0.0,0,0,0,240.8,49.9,1757,1731,15,230.0,47.8,48.0,230.0,47.8,50.0,11000,11000,48.0,57.6,57.6,Pylon,2.0,10.0,Appliance,Utility Solar Bat,Solar + Utility,6,53.0,378,0,0.0,Load on,0.0,Line Mode,1076300,0,00202507000200,OG-001,offgrid
32749cbca9a3bbb263ad6371c4609729,2026-03-28 00:52:41,00202507001060,Off Grid,00073.08,00012.29,239.3,49.9,0.0,0.0,0,0,0.0,0,0,0,239.3,49.9,1842,1647,16,230.0,47.8,48.0,230.0,47.8,50.0,11000,11000,48.0,57.6,57.6,Pylon,2.0,10.0,Appliance,Utility Solar Bat,Solar + Utility,6,53.0,375,0,0.0,Load on,0.0,Line Mode,1076300,0,00202507000200,OG-001,offgrid
47cdf2095b0d5edd482f8b3ca1f9eb6a,2026-03-28 01:17:45,00202507001060,Off Grid,00073.08,00012.29,239.9,50.0,0.0,0.0,0,0,0.0,0,0,0,239.9,50.0,2015,1895,18,230.0,47.8,48.0,230.0,47.8,50.0,11000,11000,48.0,57.6,57.6,Pylon,2.0,10.0,Appliance,Utility Solar Bat,Solar + Utility,6,53.0,377,0,0.0,Load on,0.0,Line Mode,1076300,0,00202507000200,OG-001,offgrid
4a4e2ba6a352fc1e56aeba2c4c339159,2026-03-28 05:32:50,00202507001060,Off Grid,00073.08,00012.29,238.7,50.0,0.0,0.0,0,0,0.0,0,0,0,238.7,50.0,2501,2490,22,230.0,47.8,48.0,230.0,47.8,50.0,11000,11000,48.0,57.6,57.6,Pylon,2.0,10.0,Appliance,Utility Solar Bat,Solar + Utility,6,53.0,374,0,0.0,Load on,0.0,Line Mode,1076300,0,00202507000200,OG-001,offgrid
5cdca4080d9b23ad155982e16380ce07,2026-03-28 10:52:09,00202507001060,Off Grid,00073.08,00012.29,250.8,50.0,445.1,444.5,408,551,0.0,0,0,0,250.8,50.0,1178,1136,10,230.0,47.8,48.0,230.0,47.8,50.0,11000,11000,48.0,57.6,57.6,Pylon,2.0,10.0,Appliance,Utility Solar Bat,Solar + Utility,6,53.0,470,0,0.0,Load on,1.2,Line Mode,1081800,0,00202507000200,OG-001,offgrid
077cef3fcf829ec3724cd8b24812e046,2026-03-28 10:57:09,00202507001060,Off Grid,00073.08,00012.29,249.8,50.0,445.1,444.8,386,550,0.0,0,0,0,249.8,50.0,1124,1098,10,230.0,47.8,48.0,230.0,47.8,50.0,11000,11000,48.0,57.6,57.6,Pylon,2.0,10.0,Appliance,Utility Solar Bat,Solar + Utility,6,53.0,470,0,0.0,Load on,1.2,Line Mode,1081800,0,00202507000200,OG-001,offgrid
39b4bf998a11add427f3ff1ae2d38847,2026-03-28 11:02:10,00202507001060,Off Grid,00073.08,00012.29,250.9,50.0,443.8,443.8,404,525,0.0,0,0,0,250.9,50.0,1162,1162,10,230.0,47.8,48.0,230.0,47.8,50.0,11000,11000,48.0,57.6,57.6,Pylon,2.0,10.0,Appliance,Utility Solar Bat,Solar + Utility,6,53.0,469,0,0.0,Load on,1.1,Line Mode,1081800,0,00202507000200,OG-001,offgrid
09e47693a818529b66ace2f6ee156814,2026-03-28 11:12:12,00202507001060,Off Grid,00073.08,00012.29,249.4,50.0,444.5,444.4,405,500,0.0,0,0,0,249.4,50.0,1218,1158,11,230.0,47.8,48.0,230.0,47.8,50.0,11000,11000,48.0,57.6,57.6,Pylon,2.0,10.0,Appliance,Utility Solar Bat,Solar + Utility,6,53.0,470,0,0.0,Load on,1.1,Line Mode,1081800,0,00202507000200,OG-001,offgrid
0e9388603a67737f5a007ba2233f797f,2026-03-28 11:17:12,00202507001060,Off Grid,00073.08,00012.29,251.6,50.0,443.8,444.3,381,513,0.0,0,0,0,251.6,50.0,1130,1101,10,230.0,47.8,48.0,230.0,47.8,50.0,11000,11000,48.0,57.6,57.6,Pylon,2.0,10.0,Appliance,Utility Solar Bat,Solar + Utility,6,53.0,470,0,0.0,Load on,1.1,Line Mode,1082700,0,00202507000200,OG-001,offgrid
31ae10deab5f66ce0604ae01e54b9325,2026-03-28 11:22:14,00202507001060,Off Grid,00073.08,00012.29,249.2,50.0,441.6,442.5,411,536,0.0,0,0,0,249.2,50.0,1212,1212,11,230.0,47.8,48.0,230.0,47.8,50.0,11000,11000,48.0,57.6,57.6,Pylon,2.0,10.0,Appliance,Utility Solar Bat,Solar + Utility,6,53.0,470,0,0.0,Load on,1.2,Line Mode,1082700,0,00202507000200,OG-001,offgrid
5e50f41be26956443a93d3811ee91f77,2026-03-28 11:27:12,00202507001060,Off Grid,00073.08,00012.29,250.3,50.0,441.7,441.9,397,534,0.0,0,0,0,250.3,50.0,1139,1139,10,230.0,47.8,48.0,230.0,47.8,50.0,11000,11000,48.0,57.6,57.6,Pylon,2.0,10.0,Appliance,Utility Solar Bat,Solar + Utility,6,53.0,470,0,0.0,Load on,1.2,Line Mode,1082700,0,00202507000200,OG-001,offgrid
1ba310f9716412342a79655f910240fa,2026-03-28 11:32:11,00202507001060,Off Grid,00073.08,00012.29,250.3,50.0,441.5,442.2,420,534,0.0,0,0,0,250.3,50.0,1137,1137,10,230.0,47.8,48.0,230.0,47.8,50.0,11000,11000,48.0,57.6,57.6,Pylon,2.0,10.0,Appliance,Utility Solar Bat,Solar + Utility,6,53.0,470,0,0.0,Load on,1.2,Line Mode,1082700,0,00202507000200,OG-001,offgrid
4ab0632f88eb923502eaed12d88de100,2026-03-28 11:37:10,00202507001060,Off Grid,00073.08,00012.29,251.0,50.0,443.2,443.1,408,538,0.0,0,0,0,251.0,50.0,1201,1193,10,230.0,47.8,48.0,230.0,47.8,50.0,11000,11000,48.0,57.6,57.6,Pylon,2.0,10.0,Appliance,Utility Solar Bat,Solar + Utility,6,53.0,470,0,0.0,Load on,1.2,Line Mode,1082700,0,00202507000200,OG-001,offgrid
77f2e435de0c09b8177ef9e22bea2561,2026-03-28 11:47:10,00202507001060,Off Grid,00073.08,00012.29,250.7,50.1,443.2,443.5,346,524,0.0,0,0,0,250.7,50.1,1122,1114,10,230.0,47.8,48.0,230.0,47.8,50.0,11000,11000,48.0,57.6,57.6,Pylon,2.0,10.0,Appliance,Utility Solar Bat,Solar + Utility,6,53.0,470,0,0.0,Load on,1.1,Line Mode,1082700,0,00202507000200,OG-001,offgrid
4730bb1fa912f7a20578fff14ddaf46f,2026-03-28 11:52:11,00202507001060,Off Grid,00073.08,00012.29,251.7,50.0,444.0,444.3,353,544,0.0,0,0,0,251.7,50.0,1208,1156,10,230.0,47.8,48.0,230.0,47.8,50.0,11000,11000,48.0,57.6,57.6,Pylon,2.0,10.0,Appliance,Utility Solar Bat,Solar + Utility,6,53.0,470,0,0.0,Load on,1.2,Line Mode,1082700,0,00202507000200,OG-001,offgrid
54706ee5531af52f7a7430ad2a1cdbff,2026-03-28 12:07:14,00202507001060,Off Grid,00073.08,00012.29,253.2,50.0,449.1,447.2,63,120,0.0,0,0,0,253.2,50.0,555,294,5,230.0,47.8,48.0,230.0,47.8,50.0,11000,11000,48.0,57.6,57.6,Pylon,2.0,10.0,Appliance,Utility Solar Bat,Solar + Utility,6,53.0,470,0,0.0,Load on,0.2,Line Mode,1082700,0,00202507000200,OG-001,offgrid
053209961e177f3775f273e2caa3cd6d,2026-03-28 12:12:09,00202507001060,Off Grid,00073.08,00012.29,253.4,50.1,447.3,446.3,66,119,0.0,0,0,0,253.4,50.1,506,304,4,230.0,47.8,48.0,230.0,47.8,50.0,11000,11000,48.0,57.6,57.6,Pylon,2.0,10.0,Appliance,Utility Solar Bat,Solar + Utility,6,53.0,469,0,0.0,Load on,0.2,Line Mode,1082700,0,00202507000200,OG-001,offgrid
15746d08b3b4d41f2d151aca72fd6ec3,2026-03-28 12:22:07,00202507001060,Off Grid,00073.08,00012.29,253.3,50.0,446.3,445.1,64,113,0.0,0,0,0,253.3,50.0,379,222,3,230.0,47.8,48.0,230.0,47.8,50.0,11000,11000,48.0,57.6,57.6,Pylon,2.0,10.0,Appliance,Utility Solar Bat,Solar + Utility,6,53.0,469,0,0.0,Load on,0.2,Line Mode,1083400,0,00202507000200,OG-001,offgrid
5f59d0205e31809946235c57857c9f30,2026-03-28 12:27:09,00202507001060,Off Grid,00073.08,00012.29,252.2,50.0,445.3,444.1,63,110,0.0,0,0,0,252.2,50.0,353,226,3,230.0,47.8,48.0,230.0,47.8,50.0,11000,11000,48.0,57.6,57.6,Pylon,2.0,10.0,Appliance,Utility Solar Bat,Solar + Utility,6,53.0,470,0,0.0,Load on,0.2,Line Mode,1083400,0,00202507000200,OG-001,offgrid
75d3bcb133d3247058f39a658107f973,2026-03-28 12:32:07,00202507001060,Off Grid,00073.08,00012.29,252.4,49.9,446.6,445.0,62,114,0.0,0,0,0,252.4,49.9,378,296,3,230.0,47.8,48.0,230.0,47.8,50.0,11000,11000,48.0,57.6,57.6,Pylon,2.0,10.0,Appliance,Utility Solar Bat,Solar + Utility,6,53.0,470,0,0.0,Load on,0.2,Line Mode,1083400,0,00202507000200,OG-001,offgrid
138ea85d5c8e10be2ecc0c1337e70c0c,2026-03-28 12:37:11,00202507001060,Off Grid,00073.08,00012.29,252.1,50.0,445.0,444.0,101,251,0.0,0,0,0,252.1,50.0,605,522,5,230.0,47.8,48.0,230.0,47.8,50.0,11000,11000,48.0,57.6,57.6,Pylon,2.0,10.0,Appliance,Utility Solar Bat,Solar + Utility,6,53.0,470,0,0.0,Load on,0.5,Line Mode,1083400,0,00202507000200,OG-001,offgrid
4d9e1276ba106db1683b9a002634bd19,2026-03-28 12:42:09,00202507001060,Off Grid,00073.08,00012.29,252.2,49.9,439.7,438.1,667,979,0.0,0,0,0,252.2,49.9,1866,1858,16,230.0,47.8,48.0,230.0,47.8,50.0,11000,11000,48.0,57.6,57.6,Pylon,2.0,10.0,Appliance,Utility Solar Bat,Solar + Utility,6,53.0,470,1,0.0,Load on,2.2,Line Mode,1083400,0,00202507000200,OG-001,offgrid
257adbff8f28ca0a1805eb2664ab0795,2026-03-28 12:47:13,00202507001060,Off Grid,00073.08,00012.29,250.5,49.9,441.5,440.1,648,917,0.0,0,0,0,250.5,49.9,1785,1785,16,230.0,47.8,48.0,230.0,47.8,50.0,11000,11000,48.0,57.6,57.6,Pylon,2.0,10.0,Appliance,Utility Solar Bat,Solar + Utility,6,53.0,470,1,0.0,Load on,2.0,Line Mode,1083400,0,00202507000200,OG-001,offgrid
3a1574b58961b22f10cfcdfc2a1a4fc2,2026-03-28 12:52:11,00202507001060,Off Grid,00073.08,00012.29,250.6,49.8,437.3,435.4,1024,1332,0.0,0,0,0,250.6,49.8,2681,2607,24,230.0,47.8,48.0,230.0,47.8,50.0,11000,11000,48.0,57.6,57.6,Pylon,2.0,10.0,Appliance,Utility Solar Bat,Solar + Utility,6,53.0,467,2,0.0,Load on,3.0,Line Mode,1083400,0,00202507000200,OG-001,offgrid
3cd7de955e6b04b11f817cc2b4b7c8e9,2026-03-29 03:57:05,00202507001060,Off Grid,00073.08,00012.29,240.6,49.9,0.0,0.0,0,0,0.0,0,0,0,240.6,49.9,1684,1664,15,230.0,47.8,48.0,230.0,47.8,50.0,11000,11000,48.0,57.6,57.6,Pylon,2.0,10.0,Appliance,Utility Solar Bat,Solar + Utility,6,53.0,378,0,0.0,Load on,0.0,Line Mode,1086400,0,00202507000200,OG-001,offgrid
5f922aaa9cae2ac2789b8221b57d3199,2026-03-29 05:01:58,00202507001060,Off Grid,00073.08,00012.29,248.3,49.8,0.0,0.0,0,0,0.0,0,0,0,248.3,49.8,471,332,4,230.0,47.8,48.0,230.0,47.8,50.0,11000,11000,48.0,57.6,57.6,Pylon,2.0,10.0,Appliance,Utility Solar Bat,Solar + Utility,6,53.0,388,0,0.0,Load on,0.0,Line Mode,1086400,0,00202507000200,OG-001,offgrid
08e45084d8ef8cdb361a8344a7b258f8,2026-03-29 08:32:26,00202507001060,Off Grid,00073.08,00012.29,247.0,49.8,432.2,434.8,736,806,0.0,0,0,0,247.0,49.8,1757,1664,15,230.0,47.8,48.0,230.0,47.8,50.0,11000,11000,48.0,57.6,57.6,Pylon,2.0,10.0,Appliance,Utility Solar Bat,Solar + Utility,6,53.0,464,1,0.0,Load on,1.8,Line Mode,1088200,0,00202507000200,OG-001,offgrid
45fc6aaaedb1cf285febb621306c5644,2026-03-29 08:37:22,00202507001060,Off Grid,00073.08,00012.29,247.4,49.8,468.7,468.7,157,144,0.0,0,0,0,247.4,49.8,519,438,4,230.0,47.8,48.0,230.0,47.8,50.0,11000,11000,48.0,57.6,57.6,Pylon,2.0,10.0,Appliance,Utility Solar Bat,Solar + Utility,6,53.0,474,0,0.0,Load on,0.3,Line Mode,1088200,0,00202507000200,OG-001,offgrid
4e04e7d8db48f22d57bf81806ca3d004,2026-03-29 08:42:20,00202507001060,Off Grid,00073.08,00012.29,248.9,50.0,466.2,466.3,258,212,0.0,0,0,0,248.9,50.0,696,616,6,230.0,47.8,48.0,230.0,47.8,50.0,11000,11000,48.0,57.6,57.6,Pylon,2.0,10.0,Appliance,Utility Solar Bat,Solar + Utility,6,53.0,470,0,0.0,Load on,0.4,Line Mode,1088200,0,00202507000200,OG-001,offgrid
5dadf178b4780ffa721bba38f78ce598,2026-03-29 08:52:13,00202507001060,Off Grid,00073.08,00012.29,248.7,50.0,462.1,461.8,955,910,0.0,0,0,0,248.7,50.0,2089,1986,18,230.0,47.8,48.0,230.0,47.8,50.0,11000,11000,48.0,57.6,57.6,Pylon,2.0,10.0,Appliance,Utility Solar Bat,Solar + Utility,6,53.0,469,2,0.0,Load on,1.9,Line Mode,1088200,0,00202507000200,OG-001,offgrid
112dc125bfd367495a0fe0ce77352b12,2026-03-29 08:57:13,00202507001060,Off Grid,00073.08,00012.29,249.4,50.0,463.8,463.8,106,97,0.0,0,0,0,249.4,50.0,448,319,4,230.0,47.8,48.0,230.0,47.8,50.0,11000,11000,48.0,57.6,57.6,Pylon,2.0,10.0,Appliance,Utility Solar Bat,Solar + Utility,6,53.0,469,0,0.0,Load on,0.2,Line Mode,1088200,0,00202507000200,OG-001,offgrid
38c5481e1017c60d553a81ae1b2eda3c,2026-03-29 09:02:11,00202507001060,Off Grid,00073.08,00012.29,250.3,50.0,461.8,461.9,96,106,0.0,0,0,0,250.3,50.0,448,351,4,230.0,47.8,48.0,230.0,47.8,50.0,11000,11000,48.0,57.6,57.6,Pylon,2.0,10.0,Appliance,Utility Solar Bat,Solar + Utility,6,53.0,469,0,0.0,Load on,0.2,Line Mode,1088200,0,00202507000200,OG-001,offgrid
38c5481e1017c60d553a81ae1b2eda3c,2026-03-29 10:02:11,00202507001060,Off Grid,00073.08,00012.29,250.3,50.0,461.8,461.9,96,106,0.0,0,0,0,250.3,50.0,448,351,4,230.0,47.8,48.0,230.0,47.8,50.0,11000,11000,48.0,57.6,57.6,Pylon,2.0,10.0,Appliance,Utility Solar Bat,Solar + Utility,6,53.0,469,0,0.0,Load on,0.2,Line Mode,1088200,0,00202507000200,OG-001,offgrid
4fa018c1dd446832208ddb51b261d30c,2026-03-29 10:07:08,00202507001060,Off Grid,00073.08,00012.29,247.2,49.9,461.2,461.8,91,114,0.0,0,0,0,247.2,49.9,469,293,4,230.0,47.8,48.0,230.0,47.8,50.0,11000,11000,48.0,57.6,57.6,Pylon,2.0,10.0,Appliance,Utility Solar Bat,Solar + Utility,6,53.0,469,0,0.0,Load on,0.2,Line Mode,1088200,0,00202507000200,OG-001,offgrid
57ccb6baeec2e03c6e9f608a571e6333,2026-03-29 10:12:03,00202507001060,Off Grid,00073.08,00012.29,251.0,50.0,460.3,461.0,83,105,0.0,0,0,0,251.0,50.0,351,259,3,230.0,47.8,48.0,230.0,47.8,50.0,11000,11000,48.0,57.6,57.6,Pylon,2.0,10.0,Appliance,Utility Solar Bat,Solar + Utility,6,53.0,470,0,0.0,Load on,0.2,Line Mode,1088200,0,00202507000200,OG-001,offgrid
4fed375c37788ea8106f09312070c426,2026-03-29 10:16:59,00202507001060,Off Grid,00073.08,00012.29,252.0,50.0,460.7,461.6,86,102,0.0,0,0,0,252.0,50.0,428,213,3,230.0,47.8,48.0,230.0,47.8,50.0,11000,11000,48.0,57.6,57.6,Pylon,2.0,10.0,Appliance,Utility Solar Bat,Solar + Utility,6,53.0,470,0,0.0,Load on,0.2,Line Mode,1089000,0,00202507000200,OG-001,offgrid
4b7dcda8a5f3d3d5122523adedd5703d,2026-03-29 10:26:57,00202507001060,Off Grid,00073.08,00012.29,248.6,50.0,452.2,455.6,422,486,0.0,0,0,0,248.6,50.0,996,987,9,230.0,47.8,48.0,230.0,47.8,50.0,11000,11000,48.0,57.6,57.6,Pylon,2.0,10.0,Appliance,Utility Solar Bat,Solar + Utility,6,53.0,470,0,0.0,Load on,1.0,Line Mode,1089000,0,00202507000200,OG-001,offgrid
6956d049abd251e91e6771c1f9673ed4,2026-03-29 10:31:55,00202507001060,Off Grid,00073.08,00012.29,247.9,49.9,449.7,453.5,723,799,0.0,0,0,0,247.9,49.9,1685,1642,15,230.0,47.8,48.0,230.0,47.8,50.0,11000,11000,48.0,57.6,57.6,Pylon,2.0,10.0,Appliance,Utility Solar Bat,Solar + Utility,6,53.0,470,1,0.0,Load on,1.7,Line Mode,1089000,0,00202507000200,OG-001,offgrid
2a0e7d9fedb5c1f45a3b320ed45bd64b,2026-03-29 10:36:52,00202507001060,Off Grid,00073.08,00012.29,249.6,49.9,455.1,456.5,435,532,0.0,0,0,0,249.6,49.9,1270,1086,11,230.0,47.8,48.0,230.0,47.8,50.0,11000,11000,48.0,57.6,57.6,Pylon,2.0,10.0,Appliance,Utility Solar Bat,Solar + Utility,6,53.0,470,0,0.0,Load on,1.1,Line Mode,1089000,0,00202507000200,OG-001,offgrid
46e7f3d0cfdd83b36d096d80b1d96573,2026-03-29 10:41:51,00202507001060,Off Grid,00073.08,00012.29,249.1,50.0,449.7,453.2,760,862,0.0,0,0,0,249.1,50.0,1808,1808,16,230.0,47.8,48.0,230.0,47.8,50.0,11000,11000,48.0,57.6,57.6,Pylon,2.0,10.0,Appliance,Utility Solar Bat,Solar + Utility,6,53.0,470,1,0.0,Load on,1.9,Line Mode,1089000,0,00202507000200,OG-001,offgrid
2891c8400501ca7c507cbe38642ad0c7,2026-03-29 10:46:50,00202507001060,Off Grid,00073.08,00012.29,250.0,49.9,451.6,454.8,715,811,0.0,0,0,0,250.0,49.9,1692,1688,15,230.0,47.8,48.0,230.0,47.8,50.0,11000,11000,48.0,57.6,57.6,Pylon,2.0,10.0,Appliance,Utility Solar Bat,Solar + Utility,6,53.0,470,1,0.0,Load on,1.7,Line Mode,1089000,0,00202507000200,OG-001,offgrid
1466f246b8291cbd7e1c9ae656366b91,2026-03-29 10:51:47,00202507001060,Off Grid,00073.08,00012.29,252.2,49.9,450.4,454.4,718,808,0.0,0,0,0,252.2,49.9,1815,1692,16,230.0,47.8,48.0,230.0,47.8,50.0,11000,11000,48.0,57.6,57.6,Pylon,2.0,10.0,Appliance,Utility Solar Bat,Solar + Utility,6,53.0,470,1,0.0,Load on,1.7,Line Mode,1089000,0,00202507000200,OG-001,offgrid
58a488d4086365543b3993e3edcdba31,2026-03-29 10:56:45,00202507001060,Off Grid,00073.08,00012.29,252.7,49.9,447.0,451.2,869,955,0.0,0,0,0,252.7,49.9,2097,1978,19,230.0,47.8,48.0,230.0,47.8,50.0,11000,11000,48.0,57.6,57.6,Pylon,2.0,10.0,Appliance,Utility Solar Bat,Solar + Utility,6,53.0,470,1,0.0,Load on,2.1,Line Mode,1089000,0,00202507000200,OG-001,offgrid
088f87f1dbf2d6394da697fc3ae05985,2026-03-29 11:01:43,00202507001060,Off Grid,00073.08,00012.29,253.2,49.9,450.1,454.0,757,804,0.0,0,0,0,253.2,49.9,1768,1768,16,230.0,47.8,48.0,230.0,47.8,50.0,11000,11000,48.0,57.6,57.6,Pylon,2.0,10.0,Appliance,Utility Solar Bat,Solar + Utility,6,53.0,470,1,0.0,Load on,1.7,Line Mode,1089000,0,00202507000200,OG-001,offgrid
324bf81edf032a180193905b0ca7dcf3,2026-03-29 11:06:38,00202507001060,Off Grid,00073.08,00012.29,252.3,49.9,445.0,449.8,814,838,0.0,0,0,0,252.3,49.9,1927,1927,17,230.0,47.8,48.0,230.0,47.8,50.0,11000,11000,48.0,57.6,57.6,Pylon,2.0,10.0,Appliance,Utility Solar Bat,Solar + Utility,6,53.0,470,1,0.0,Load on,1.8,Line Mode,1089000,0,00202507000200,OG-001,offgrid
3c7491c8551a48ec21e45cd8ff9fb45f,2026-03-29 11:11:35,00202507001060,Off Grid,00073.08,00012.29,252.3,50.0,446.6,451.5,782,827,0.0,0,0,0,252.3,50.0,1908,1908,17,230.0,47.8,48.0,230.0,47.8,50.0,11000,11000,48.0,57.6,57.6,Pylon,2.0,10.0,Appliance,Utility Solar Bat,Solar + Utility,6,53.0,469,1,0.0,Load on,1.8,Line Mode,1089000,0,00202507000200,OG-001,offgrid
0b4159fedb6c64e0441bb84af872bd97,2026-03-29 11:16:35,00202507001060,Off Grid,00073.08,00012.29,250.5,49.8,446.0,450.9,740,775,0.0,0,0,0,250.5,49.8,1828,1720,16,230.0,47.8,48.0,230.0,47.8,50.0,11000,11000,48.0,57.6,57.6,Pylon,2.0,10.0,Appliance,Utility Solar Bat,Solar + Utility,6,53.0,470,1,0.0,Load on,1.7,Line Mode,1090400,0,00202507000200,OG-001,offgrid
414d0cc07a0c916549c3952e0c8926ee,2026-03-29 11:21:33,00202507001060,Off Grid,00073.08,00012.29,251.2,49.9,448.7,453.4,386,404,0.0,0,0,0,251.2,49.9,978,932,8,230.0,47.8,48.0,230.0,47.8,50.0,11000,11000,48.0,57.6,57.6,Pylon,2.0,10.0,Appliance,Utility Solar Bat,Solar + Utility,6,53.0,469,0,0.0,Load on,0.8,Line Mode,1090400,0,00202507000200,OG-001,offgrid
5ca6d238c87df1bf7b248e268512010d,2026-03-29 11:26:32,00202507001060,Off Grid,00073.08,00012.29,252.6,50.0,456.6,457.8,86,101,0.0,0,0,0,252.6,50.0,454,166,4,230.0,47.8,48.0,230.0,47.8,50.0,11000,11000,48.0,57.6,57.6,Pylon,2.0,10.0,Appliance,Utility Solar Bat,Solar + Utility,6,53.0,470,0,0.0,Load on,0.2,Line Mode,1090400,0,00202507000200,OG-001,offgrid
42ca8f789394df471e123d7cd6bb3609,2026-03-29 11:31:28,00202507001060,Off Grid,00073.08,00012.29,251.2,49.9,455.9,456.9,91,104,0.0,0,0,0,251.2,49.9,427,281,3,230.0,47.8,48.0,230.0,47.8,50.0,11000,11000,48.0,57.6,57.6,Pylon,2.0,10.0,Appliance,Utility Solar Bat,Solar + Utility,6,53.0,470,0,0.0,Load on,0.2,Line Mode,1090400,0,00202507000200,OG-001,offgrid
113f66652d4308691ea9284fd9530032,2026-03-29 11:36:26,00202507001060,Off Grid,00073.08,00012.29,252.2,50.0,456.5,457.6,89,107,0.0,0,0,0,252.2,50.0,479,273,4,230.0,47.8,48.0,230.0,47.8,50.0,11000,11000,48.0,57.6,57.6,Pylon,2.0,10.0,Appliance,Utility Solar Bat,Solar + Utility,6,53.0,470,0,0.0,Load on,0.2,Line Mode,1090400,0,00202507000200,OG-001,offgrid
745642c97c4b747e19b4ecde398d3739,2026-03-29 11:41:22,00202507001060,Off Grid,00073.08,00012.29,252.4,50.0,455.1,457.1,84,105,0.0,0,0,0,252.4,50.0,428,265,3,230.0,47.8,48.0,230.0,47.8,50.0,11000,11000,48.0,57.6,57.6,Pylon,2.0,10.0,Appliance,Utility Solar Bat,Solar + Utility,6,53.0,470,0,0.0,Load on,0.2,Line Mode,1090400,0,00202507000200,OG-001,offgrid
6082730947e8506e14b9f2d2d65134e5,2026-03-29 11:46:19,00202507001060,Off Grid,00073.08,00012.29,249.7,50.0,455.3,456.6,86,108,0.0,0,0,0,249.7,50.0,499,262,4,230.0,47.8,48.0,230.0,47.8,50.0,11000,11000,48.0,57.6,57.6,Pylon,2.0,10.0,Appliance,Utility Solar Bat,Solar + Utility,6,53.0,469,0,0.0,Load on,0.2,Line Mode,1090400,0,00202507000200,OG-001,offgrid
6342612ebe8b8f313cdf10b46c9481ec,2026-03-29 11:51:20,00202507001060,Off Grid,00073.08,00012.29,250.5,49.9,456.8,459.0,89,99,0.0,0,0,0,250.5,49.9,478,190,4,230.0,47.8,48.0,230.0,47.8,50.0,11000,11000,48.0,57.6,57.6,Pylon,2.0,10.0,Appliance,Utility Solar Bat,Solar + Utility,6,53.0,470,0,0.0,Load on,0.2,Line Mode,1090400,0,00202507000200,OG-001,offgrid
4a404edcd3c69d7f7cfebd594726a0ea,2026-03-29 12:01:14,00202507001060,Off Grid,00073.08,00012.29,250.6,50.1,455.0,456.8,88,100,0.0,0,0,0,250.6,50.1,477,240,4,230.0,47.8,48.0,230.0,47.8,50.0,11000,11000,48.0,57.6,57.6,Pylon,2.0,10.0,Appliance,Utility Solar Bat,Solar + Utility,6,53.0,470,0,0.0,Load on,0.2,Line Mode,1090400,0,00202507000200,OG-001,offgrid
499c9a6cd84e26af0382b65fc8f87002,2026-03-29 12:06:14,00202507001060,Off Grid,00073.08,00012.29,251.4,50.0,454.4,455.4,86,102,0.0,0,0,0,251.4,50.0,351,313,3,230.0,47.8,48.0,230.0,47.8,50.0,11000,11000,48.0,57.6,57.6,Pylon,2.0,10.0,Appliance,Utility Solar Bat,Solar + Utility,6,53.0,470,0,0.0,Load on,0.2,Line Mode,1090400,0,00202507000200,OG-001,offgrid
7041e0d85c510683586ba3a0cb0b950f,2026-03-29 12:11:11,00202507001060,Off Grid,00073.08,00012.29,249.5,50.0,450.4,455.1,239,245,0.0,0,0,0,249.5,50.0,775,726,7,230.0,47.8,48.0,230.0,47.8,50.0,11000,11000,48.0,57.6,57.6,Pylon,2.0,10.0,Appliance,Utility Solar Bat,Solar + Utility,6,53.0,470,0,0.0,Load on,0.5,Line Mode,1090400,0,00202507000200,OG-001,offgrid
02c6ea18f42073dd60c05de5bc0d3e94,2026-03-29 12:16:08,00202507001060,Off Grid,00073.08,00012.29,250.2,50.0,457.1,458.8,101,101,0.0,0,0,0,250.2,50.0,425,299,3,230.0,47.8,48.0,230.0,47.8,50.0,11000,11000,48.0,57.6,57.6,Pylon,2.0,10.0,Appliance,Utility Solar Bat,Solar + Utility,6,53.0,470,0,0.0,Load on,0.2,Line Mode,1090700,0,00202507000200,OG-001,offgrid
691d81df95f6f4630b6b3c0476c66dc3,2026-03-29 12:21:07,00202507001060,Off Grid,00073.08,00012.29,250.5,50.0,441.5,446.9,1253,1270,0.0,0,0,0,250.5,50.0,2740,2740,24,230.0,47.8,48.0,230.0,47.8,50.0,11000,11000,48.0,57.6,57.6,Pylon,2.0,10.0,Appliance,Utility Solar Bat,Solar + Utility,6,53.0,470,2,0.0,Load on,2.8,Line Mode,1090700,0,00202507000200,OG-001,offgrid
38e5633b8dd504ab089844b5c840182f,2026-03-29 12:26:06,00202507001060,Off Grid,00073.08,00012.29,248.4,49.9,453.2,457.3,453,467,0.0,0,0,0,248.4,49.9,1043,1018,9,230.0,47.8,48.0,230.0,47.8,50.0,11000,11000,48.0,57.6,57.6,Pylon,2.0,10.0,Appliance,Utility Solar Bat,Solar + Utility,6,53.0,470,0,0.0,Load on,1.0,Line Mode,1090700,0,00202507000200,OG-001,offgrid
7c83caa51e073a562b65360de378ea7f,2026-03-29 12:31:02,00202507001060,Off Grid,00073.08,00012.29,250.6,49.9,452.1,456.6,434,468,0.0,0,0,0,250.6,49.9,1029,1015,9,230.0,47.8,48.0,230.0,47.8,50.0,11000,11000,48.0,57.6,57.6,Pylon,2.0,10.0,Appliance,Utility Solar Bat,Solar + Utility,6,53.0,470,0,0.0,Load on,1.0,Line Mode,1090700,0,00202507000200,OG-001,offgrid
36d2d715aca57f291f1b6c879e053e05,2026-03-29 12:36:01,00202507001060,Off Grid,00073.08,00012.29,249.4,49.9,449.4,454.6,434,457,0.0,0,0,0,249.4,49.9,1041,1041,9,230.0,47.8,48.0,230.0,47.8,50.0,11000,11000,48.0,57.6,57.6,Pylon,2.0,10.0,Appliance,Utility Solar Bat,Solar + Utility,6,53.0,470,0,0.0,Load on,1.0,Line Mode,1090700,0,00202507000200,OG-001,offgrid
1703a51d614eaf287861759b5c87f68f,2026-03-29 12:41:03,00202507001060,Off Grid,00073.08,00012.29,251.1,49.9,448.1,453.2,440,447,0.0,0,0,0,251.1,49.9,1038,1038,9,230.0,47.8,48.0,230.0,47.8,50.0,11000,11000,48.0,57.6,57.6,Pylon,2.0,10.0,Appliance,Utility Solar Bat,Solar + Utility,6,53.0,470,0,0.0,Load on,0.9,Line Mode,1090700,0,00202507000200,OG-001,offgrid
1e0832de637fff634ead9c4d924bf169,2026-03-29 12:51:01,00202507001060,Off Grid,00073.08,00012.29,252.2,50.0,447.3,452.8,440,467,0.0,0,0,0,252.2,50.0,1042,1042,9,230.0,47.8,48.0,230.0,47.8,50.0,11000,11000,48.0,57.6,57.6,Pylon,2.0,10.0,Appliance,Utility Solar Bat,Solar + Utility,6,53.0,470,0,0.0,Load on,1.0,Line Mode,1090700,0,00202507000200,OG-001,offgrid
046ae678c49dabdd5ba99f6621498c53,2026-03-29 12:55:59,00202507001060,Off Grid,00073.08,00012.29,251.7,50.0,446.8,450.9,429,476,0.0,0,0,0,251.7,50.0,1101,1101,10,230.0,47.8,48.0,230.0,47.8,50.0,11000,11000,48.0,57.6,57.6,Pylon,2.0,10.0,Appliance,Utility Solar Bat,Solar + Utility,6,53.0,470,0,0.0,Load on,1.0,Line Mode,1090700,0,00202507000200,OG-001,offgrid
4af2860094d04d920f6100376f4bd9e6,2026-03-29 13:00:56,00202507001060,Off Grid,00073.08,00012.29,249.7,50.0,452.2,454.7,405,511,0.0,0,0,0,249.7,50.0,1098,1087,9,230.0,47.8,48.0,230.0,47.8,50.0,11000,11000,48.0,57.6,57.6,Pylon,2.0,10.0,Appliance,Utility Solar Bat,Solar + Utility,6,53.0,470,0,0.0,Load on,1.1,Line Mode,1090700,0,00202507000200,OG-001,offgrid
7cba255d79b5c33e55b7ae0914766bb0,2026-03-29 13:05:53,00202507001060,Off Grid,00073.08,00012.29,251.5,50.0,451.3,454.4,412,494,0.0,0,0,0,251.5,50.0,1055,1055,9,230.0,47.8,48.0,230.0,47.8,50.0,11000,11000,48.0,57.6,57.6,Pylon,2.0,10.0,Appliance,Utility Solar Bat,Solar + Utility,6,53.0,470,0,0.0,Load on,1.0,Line Mode,1090700,0,00202507000200,OG-001,offgrid
550271e30ba174ca72dce14104457646,2026-03-29 13:10:53,00202507001060,Off Grid,00073.08,00012.29,251.5,49.9,456.3,457.5,398,500,0.0,0,0,0,251.5,49.9,1066,1066,9,230.0,47.8,48.0,230.0,47.8,50.0,11000,11000,48.0,57.6,57.6,Pylon,2.0,10.0,Appliance,Utility Solar Bat,Solar + Utility,6,53.0,470,0,0.0,Load on,1.0,Line Mode,1090700,0,00202507000200,OG-001,offgrid
37ccf12b35c251d952d1ddaff2f48ac7,2026-03-29 13:15:50,00202507001060,Off Grid,00073.08,00012.29,250.8,50.0,450.6,453.7,395,495,0.0,0,0,0,250.8,50.0,1103,1096,10,230.0,47.8,48.0,230.0,47.8,50.0,11000,11000,48.0,57.6,57.6,Pylon,2.0,10.0,Appliance,Utility Solar Bat,Solar + Utility,6,53.0,470,0,0.0,Load on,1.0,Line Mode,1091700,0,00202507000200,OG-001,offgrid
47fb4e46696c4e160cb7769bb627c322,2026-03-29 13:20:47,00202507001060,Off Grid,00073.08,00012.29,251.0,50.0,450.9,453.7,642,736,0.0,0,0,0,251.0,50.0,1634,1607,14,230.0,47.8,48.0,230.0,47.8,50.0,11000,11000,48.0,57.6,57.6,Pylon,2.0,10.0,Appliance,Utility Solar Bat,Solar + Utility,6,53.0,470,1,0.0,Load on,1.6,Line Mode,1091700,0,00202507000200,OG-001,offgrid
056844eeaa32f9890308fa2bebbed749,2026-03-29 13:25:48,00202507001060,Off Grid,00073.08,00012.29,250.8,50.0,452.3,454.7,410,499,0.0,0,0,0,250.8,50.0,1127,1126,10,230.0,47.8,48.0,230.0,47.8,50.0,11000,11000,48.0,57.6,57.6,Pylon,2.0,10.0,Appliance,Utility Solar Bat,Solar + Utility,6,53.0,470,0,0.0,Load on,1.0,Line Mode,1091700,0,00202507000200,OG-001,offgrid
734f53ea28a5058f63f81ca8a81ca99e,2026-03-29 13:30:47,00202507001060,Off Grid,00073.08,00012.29,252.2,49.9,445.4,449.5,636,737,0.0,0,0,0,252.2,49.9,1679,1627,15,230.0,47.8,48.0,230.0,47.8,50.0,11000,11000,48.0,57.6,57.6,Pylon,2.0,10.0,Appliance,Utility Solar Bat,Solar + Utility,6,53.0,470,1,0.0,Load on,1.6,Line Mode,1091700,0,00202507000200,OG-001,offgrid
04601d5fbd2584830663aba484f12ab7,2026-03-29 13:35:44,00202507001060,Off Grid,00073.08,00012.29,247.0,50.0,447.9,453.2,412,488,0.0,0,0,0,247.0,50.0,1103,1103,10,230.0,47.8,48.0,230.0,47.8,50.0,11000,11000,48.0,57.6,57.6,Pylon,2.0,10.0,Appliance,Utility Solar Bat,Solar + Utility,6,53.0,470,0,0.0,Load on,1.0,Line Mode,1091700,0,00202507000200,OG-001,offgrid
640c565c009f4dd24264147eebc4f62f,2026-03-29 13:40:43,00202507001060,Off Grid,00073.08,00012.29,246.6,50.1,413.8,415.3,608,707,0.0,0,0,0,246.6,50.1,1581,1581,14,230.0,47.8,48.0,230.0,47.8,50.0,11000,11000,48.0,57.6,57.6,Pylon,2.0,10.0,Appliance,Utility Solar Bat,Solar + Utility,6,53.0,446,1,0.0,Load on,1.7,Line Mode,1091700,0,00202507000200,OG-001,offgrid
226ad24c0a85f6a121a1cfb4b6551740,2026-03-29 13:45:39,00202507001060,Off Grid,00073.08,00012.29,245.6,49.9,407.8,397.7,1077,1266,0.0,0,0,0,245.6,49.9,2660,2660,24,230.0,47.8,48.0,230.0,47.8,50.0,11000,11000,48.0,57.6,57.6,Pylon,2.0,10.0,Appliance,Utility Solar Bat,Solar + Utility,6,53.0,438,2,0.0,Load on,3.1,Line Mode,1091700,0,00202507000200,OG-001,offgrid
4fd6ada4d4f461e71a5a7f2ef96648e8,2026-03-29 13:50:38,00202507001060,Off Grid,00073.08,00012.29,251.8,49.9,469.7,469.7,97,94,0.0,0,0,0,251.8,49.9,427,230,3,230.0,47.8,48.0,230.0,47.8,50.0,11000,11000,48.0,57.6,57.6,Pylon,2.0,10.0,Appliance,Utility Solar Bat,Solar + Utility,6,53.0,476,0,0.0,Load on,0.2,Line Mode,1091700,0,00202507000200,OG-001,offgrid
0720cbc84a663f0d1b3e2692fa0587a4,2026-03-29 13:55:38,00202507001060,Off Grid,00073.08,00012.29,248.2,49.9,436.7,438.4,90,99,0.0,0,0,0,248.2,49.9,447,326,4,230.0,47.8,48.0,230.0,47.8,50.0,11000,11000,48.0,57.6,57.6,Pylon,2.0,10.0,Appliance,Utility Solar Bat,Solar + Utility,6,53.0,468,0,0.0,Load on,0.2,Line Mode,1091700,0,00202507000200,OG-001,offgrid
6c62f5a5b8a4a3791475851fd3807292,2026-03-29 14:00:38,00202507001060,Off Grid,00073.08,00012.29,250.8,49.9,464.6,464.1,106,85,0.0,0,0,0,250.8,49.9,450,194,4,230.0,47.8,48.0,230.0,47.8,50.0,11000,11000,48.0,57.6,57.6,Pylon,2.0,10.0,Appliance,Utility Solar Bat,Solar + Utility,6,53.0,471,0,0.0,Load on,0.1,Line Mode,1091700,0,00202507000200,OG-001,offgrid
181f3908f37085724833388b36edb875,2026-03-29 14:05:38,00202507001060,Off Grid,00073.08,00012.29,253.5,50.0,464.9,460.3,104,101,0.0,0,0,0,253.5,50.0,380,367,3,230.0,47.8,48.0,230.0,47.8,50.0,11000,11000,48.0,57.6,57.6,Pylon,2.0,10.0,Appliance,Utility Solar Bat,Solar + Utility,6,53.0,471,0,0.0,Load on,0.2,Line Mode,1091700,0,00202507000200,OG-001,offgrid
03701b759ae718b862bfa67b164c8f09,2026-03-29 14:15:31,00202507001060,Off Grid,00073.08,00012.29,249.4,50.0,466.2,465.6,106,84,0.0,0,0,0,249.4,50.0,423,247,3,230.0,47.8,48.0,230.0,47.8,50.0,11000,11000,48.0,57.6,57.6,Pylon,2.0,10.0,Appliance,Utility Solar Bat,Solar + Utility,6,53.0,472,0,0.0,Load on,0.1,Line Mode,1092400,0,00202507000200,OG-001,offgrid
68b6a06981abcd9249c4196bfb92aa63,2026-03-29 14:20:32,00202507001060,Off Grid,00073.08,00012.29,251.8,49.9,462.4,461.8,92,92,0.0,0,0,0,251.8,49.9,478,319,4,230.0,47.8,48.0,230.0,47.8,50.0,11000,11000,48.0,57.6,57.6,Pylon,2.0,10.0,Appliance,Utility Solar Bat,Solar + Utility,6,53.0,470,0,0.0,Load on,0.1,Line Mode,1092400,0,00202507000200,OG-001,offgrid
420bc64d37731d08541e8180c22dc062,2026-03-29 14:25:30,00202507001060,Off Grid,00073.08,00012.29,247.3,49.9,444.4,445.1,83,101,0.0,0,0,0,247.3,49.9,395,342,3,230.0,47.8,48.0,230.0,47.8,50.0,11000,11000,48.0,57.6,57.6,Pylon,2.0,10.0,Appliance,Utility Solar Bat,Solar + Utility,6,53.0,470,0,0.0,Load on,0.2,Line Mode,1092400,0,00202507000200,OG-001,offgrid
7cf3b02f9f14b66f481eecd3132a7da4,2026-03-29 14:30:28,00202507001060,Off Grid,00073.08,00012.29,252.4,49.9,468.8,468.2,102,88,0.0,0,0,0,252.4,49.9,404,338,3,230.0,47.8,48.0,230.0,47.8,50.0,11000,11000,48.0,57.6,57.6,Pylon,2.0,10.0,Appliance,Utility Solar Bat,Solar + Utility,6,53.0,475,0,0.0,Load on,0.1,Line Mode,1092400,0,00202507000200,OG-001,offgrid
3ba961a61ac9805d77f7adb401f54507,2026-03-29 14:35:27,00202507001060,Off Grid,00073.08,00012.29,249.2,49.9,457.3,458.2,438,492,0.0,0,0,0,249.2,49.9,1071,1059,9,230.0,47.8,48.0,230.0,47.8,50.0,11000,11000,48.0,57.6,57.6,Pylon,2.0,10.0,Appliance,Utility Solar Bat,Solar + Utility,6,53.0,470,0,0.0,Load on,1.0,Line Mode,1092400,0,00202507000200,OG-001,offgrid
4f0f6885f033904a68e86fcd45f7b43b,2026-03-29 14:40:28,00202507001060,Off Grid,00073.08,00012.29,249.5,49.9,453.8,455.6,731,818,0.0,0,0,0,249.5,49.9,1770,1769,16,230.0,47.8,48.0,230.0,47.8,50.0,11000,11000,48.0,57.6,57.6,Pylon,2.0,10.0,Appliance,Utility Solar Bat,Solar + Utility,6,53.0,470,1,0.0,Load on,1.7,Line Mode,1092400,0,00202507000200,OG-001,offgrid
783f70200226a09b04a40a4f345c2691,2026-03-29 14:45:25,00202507001060,Off Grid,00073.08,00012.29,248.8,49.9,447.8,450.6,653,769,0.0,0,0,0,248.8,49.9,1611,1599,14,230.0,47.8,48.0,230.0,47.8,50.0,11000,11000,48.0,57.6,57.6,Pylon,2.0,10.0,Appliance,Utility Solar Bat,Solar + Utility,6,53.0,470,1,0.0,Load on,1.7,Line Mode,1092400,0,00202507000200,OG-001,offgrid
59718541a908b50357653e0f58c20a30,2026-03-29 14:55:18,00202507001060,Off Grid,00073.08,00012.29,253.0,50.0,449.7,452.8,668,726,0.0,0,0,0,253.0,50.0,1682,1682,15,230.0,47.8,48.0,230.0,47.8,50.0,11000,11000,48.0,57.6,57.6,Pylon,2.0,10.0,Appliance,Utility Solar Bat,Solar + Utility,6,53.0,470,1,0.0,Load on,1.6,Line Mode,1092400,0,00202507000200,OG-001,offgrid
70255e2a6e3d926274dee0519f755360,2026-03-29 15:00:17,00202507001060,Off Grid,00073.08,00012.29,253.0,49.9,451.3,453.8,665,738,0.0,0,0,0,253.0,49.9,1626,1626,14,230.0,47.8,48.0,230.0,47.8,50.0,11000,11000,48.0,57.6,57.6,Pylon,2.0,10.0,Appliance,Utility Solar Bat,Solar + Utility,6,53.0,470,1,0.0,Load on,1.6,Line Mode,1092400,0,00202507000200,OG-001,offgrid
35d0a39356bda1482eb294453ea04c32,2026-03-29 15:05:14,00202507001060,Off Grid,00073.08,00012.29,251.6,49.9,453.2,454.8,391,509,0.0,0,0,0,251.6,49.9,1098,1098,9,230.0,47.8,48.0,230.0,47.8,50.0,11000,11000,48.0,57.6,57.6,Pylon,2.0,10.0,Appliance,Utility Solar Bat,Solar + Utility,6,53.0,470,0,0.0,Load on,1.1,Line Mode,1092400,0,00202507000200,OG-001,offgrid
53abb45fc7895cfe7be9c862495528fc,2026-03-29 15:10:12,00202507001060,Off Grid,00073.08,00012.29,251.6,49.9,443.1,445.9,1209,1316,0.0,0,0,0,251.6,49.9,2820,2820,25,230.0,47.8,48.0,230.0,47.8,50.0,11000,11000,48.0,57.6,57.6,Pylon,2.0,10.0,Appliance,Utility Solar Bat,Solar + Utility,6,53.0,469,2,0.0,Load on,2.9,Line Mode,1092400,0,00202507000200,OG-001,offgrid
59f099ad4842b5167771adc041a26c2a,2026-03-29 15:15:10,00202507001060,Off Grid,00073.08,00012.29,253.1,50.0,454.6,455.6,380,530,0.0,0,0,0,253.1,50.0,1113,1095,10,230.0,47.8,48.0,230.0,47.8,50.0,11000,11000,48.0,57.6,57.6,Pylon,2.0,10.0,Appliance,Utility Solar Bat,Solar + Utility,6,53.0,470,0,0.0,Load on,1.1,Line Mode,1093400,0,00202507000200,OG-001,offgrid
7072f71eb2c981686da6820c1ef58372,2026-03-29 15:20:11,00202507001060,Off Grid,00073.08,00012.29,250.1,50.0,449.4,451.6,673,815,0.0,0,0,0,250.1,50.0,1799,1680,16,230.0,47.8,48.0,230.0,47.8,50.0,11000,11000,48.0,57.6,57.6,Pylon,2.0,10.0,Appliance,Utility Solar Bat,Solar + Utility,6,53.0,470,1,0.0,Load on,1.8,Line Mode,1093400,0,00202507000200,OG-001,offgrid
3bbee40301e3022e6e36365782a36e0e,2026-03-29 15:25:08,00202507001060,Off Grid,00073.08,00012.29,251.6,49.9,454.4,455.9,397,528,0.0,0,0,0,251.6,49.9,1200,1200,10,230.0,47.8,48.0,230.0,47.8,50.0,11000,11000,48.0,57.6,57.6,Pylon,2.0,10.0,Appliance,Utility Solar Bat,Solar + Utility,6,53.0,470,0,0.0,Load on,1.1,Line Mode,1093400,0,00202507000200,OG-001,offgrid
79eba6b54a68242b61213e73f3740ebf,2026-03-29 15:35:02,00202507001060,Off Grid,00073.08,00012.29,251.0,50.0,452.8,454.7,393,514,0.0,0,0,0,251.0,50.0,1069,1069,9,230.0,47.8,48.0,230.0,47.8,50.0,11000,11000,48.0,57.6,57.6,Pylon,2.0,10.0,Appliance,Utility Solar Bat,Solar + Utility,6,53.0,470,0,0.0,Load on,1.1,Line Mode,1093400,0,00202507000200,OG-001,offgrid
1fd6a2f790631e6a532ddf915a7f677f,2026-03-29 15:40:01,00202507001060,Off Grid,00073.08,00012.29,252.3,50.0,452.6,454.6,366,524,0.0,0,0,0,252.3,50.0,1060,1052,9,230.0,47.8,48.0,230.0,47.8,50.0,11000,11000,48.0,57.6,57.6,Pylon,2.0,10.0,Appliance,Utility Solar Bat,Solar + Utility,6,53.0,470,0,0.0,Load on,1.1,Line Mode,1093400,0,00202507000200,OG-001,offgrid
1c4d2259e50592496c67966602ce0182,2026-03-29 15:49:55,00202507001060,Off Grid,00073.08,00012.29,252.6,49.9,459.8,459.7,71,115,0.0,0,0,0,252.6,49.9,404,242,3,230.0,47.8,48.0,230.0,47.8,50.0,11000,11000,48.0,57.6,57.6,Pylon,2.0,10.0,Appliance,Utility Solar Bat,Solar + Utility,6,53.0,470,0,0.0,Load on,0.2,Line Mode,1093400,0,00202507000200,OG-001,offgrid
49a0606eac9736bb74339c1131b35c6a,2026-03-29 15:54:56,00202507001060,Off Grid,00073.08,00012.29,251.9,49.9,453.2,455.4,462,558,0.0,0,0,0,251.9,49.9,1234,1224,11,230.0,47.8,48.0,230.0,47.8,50.0,11000,11000,48.0,57.6,57.6,Pylon,2.0,10.0,Appliance,Utility Solar Bat,Solar + Utility,6,53.0,470,1,0.0,Load on,1.2,Line Mode,1093400,0,00202507000200,OG-001,offgrid
6834c13ac7b901ac32b996174d749722,2026-03-29 15:59:52,00202507001060,Off Grid,00073.08,00012.29,253.7,50.1,453.7,455.4,377,494,0.0,0,0,0,253.7,50.1,1065,1036,9,230.0,47.8,48.0,230.0,47.8,50.0,11000,11000,48.0,57.6,57.6,Pylon,2.0,10.0,Appliance,Utility Solar Bat,Solar + Utility,6,53.0,470,0,0.0,Load on,1.0,Line Mode,1093400,0,00202507000200,OG-001,offgrid
7cf2930045fe7d8a742441d0bee8c0bd,2026-03-29 16:09:46,00202507001060,Off Grid,00073.08,00012.29,253.1,49.9,456.3,456.9,74,111,0.0,0,0,0,253.1,49.9,404,378,3,230.0,47.8,48.0,230.0,47.8,50.0,11000,11000,48.0,57.6,57.6,Pylon,2.0,10.0,Appliance,Utility Solar Bat,Solar + Utility,6,53.0,469,0,0.0,Load on,0.2,Line Mode,1093400,0,00202507000200,OG-001,offgrid
2d24a5fbbf0e4cb40cbc8f166fb0fa74,2026-03-29 16:14:44,00202507001060,Off Grid,00073.08,00012.29,254.5,49.9,453.4,455.4,182,249,0.0,0,0,0,254.5,49.9,636,589,5,230.0,47.8,48.0,230.0,47.8,50.0,11000,11000,48.0,57.6,57.6,Pylon,2.0,10.0,Appliance,Utility Solar Bat,Solar + Utility,6,53.0,470,0,0.0,Load on,0.5,Line Mode,1094100,0,00202507000200,OG-001,offgrid
61b7e382ee840640000ef8e6f886db61,2026-03-29 16:19:45,00202507001060,Off Grid,00073.08,00012.29,249.3,50.0,277.2,299.4,1345,1425,0.0,0,0,0,249.3,50.0,3465,3448,31,230.0,47.8,48.0,230.0,47.8,50.0,11000,11000,48.0,57.6,57.6,Pylon,2.0,10.0,Appliance,Utility Solar Bat,Solar + Utility,6,53.0,390,4,0.0,Load on,4.7,Line Mode,1094100,0,00202507000200,OG-001,offgrid
58365cf6227947a24f3fe1627cdcf2e1,2026-03-29 16:24:45,00202507001060,Off Grid,00073.08,00012.29,254.0,49.9,462.2,462.2,79,113,0.0,0,0,0,254.0,49.9,660,315,6,230.0,47.8,48.0,230.0,47.8,50.0,11000,11000,48.0,57.6,57.6,Pylon,2.0,10.0,Appliance,Utility Solar Bat,Solar + Utility,6,53.0,470,0,0.0,Load on,0.2,Line Mode,1094100,0,00202507000200,OG-001,offgrid
75f5496eec46d5ae43da3e29e514f049,2026-03-29 16:34:43,00202507001060,Off Grid,00073.08,00012.29,247.8,50.2,432.3,424.5,574,862,0.0,0,0,0,247.8,50.2,1660,1644,15,230.0,47.8,48.0,230.0,47.8,50.0,11000,11000,48.0,57.6,57.6,Pylon,2.0,10.0,Appliance,Utility Solar Bat,Solar + Utility,6,53.0,462,1,0.0,Load on,2.0,Line Mode,1094100,0,00202507000200,OG-001,offgrid
71e83393ea47c04f2d7714553c7ec249,2026-03-29 16:39:40,00202507001060,Off Grid,00073.08,00012.29,246.8,50.1,436.7,439.0,677,767,0.0,0,0,0,246.8,50.1,1633,1633,14,230.0,47.8,48.0,230.0,47.8,50.0,11000,11000,48.0,57.6,57.6,Pylon,2.0,10.0,Appliance,Utility Solar Bat,Solar + Utility,6,53.0,469,1,0.0,Load on,1.7,Line Mode,1094100,0,00202507000200,OG-001,offgrid
47eb5c6a153b6ff0040b6192a350cfa5,2026-03-29 16:44:37,00202507001060,Off Grid,00073.08,00012.29,252.1,50.0,442.0,445.9,1654,1711,0.0,0,0,0,252.1,50.0,3806,3645,34,230.0,47.8,48.0,230.0,47.8,50.0,11000,11000,48.0,57.6,57.6,Pylon,2.0,10.0,Appliance,Utility Solar Bat,Solar + Utility,6,53.0,469,3,0.0,Load on,3.8,Line Mode,1094100,0,00202507000200,OG-001,offgrid
708736d4c46f7e9450ac044a9b3ba66d,2026-03-29 16:49:34,00202507001060,Off Grid,00073.08,00012.29,253.7,50.1,453.4,455.6,758,812,0.0,0,0,0,253.7,50.1,1802,1802,16,230.0,47.8,48.0,230.0,47.8,50.0,11000,11000,48.0,57.6,57.6,Pylon,2.0,10.0,Appliance,Utility Solar Bat,Solar + Utility,6,53.0,470,1,0.0,Load on,1.7,Line Mode,1094100,0,00202507000200,OG-001,offgrid
7b43408d8b5762c2295aeb58e9416023,2026-03-29 16:54:32,00202507001060,Off Grid,00073.08,00012.29,253.4,50.1,449.5,453.2,767,805,0.0,0,0,0,253.4,50.1,1779,1779,16,230.0,47.8,48.0,230.0,47.8,50.0,11000,11000,48.0,57.6,57.6,Pylon,2.0,10.0,Appliance,Utility Solar Bat,Solar + Utility,6,53.0,470,1,0.0,Load on,1.7,Line Mode,1094100,0,00202507000200,OG-001,offgrid
2bb847bcac9d7232659b6134e876bf17,2026-03-29 16:59:31,00202507001060,Off Grid,00073.08,00012.29,252.1,50.1,448.8,452.9,760,806,0.0,0,0,0,252.1,50.1,1771,1771,16,230.0,47.8,48.0,230.0,47.8,50.0,11000,11000,48.0,57.6,57.6,Pylon,2.0,10.0,Appliance,Utility Solar Bat,Solar + Utility,6,53.0,470,1,0.0,Load on,1.7,Line Mode,1094100,0,00202507000200,OG-001,offgrid
7122fbd9252533dc309e7772cedc86a7,2026-03-29 17:24:21,00202507001060,Off Grid,00073.08,00012.29,250.4,50.1,444.8,446.0,820,1006,0.0,0,0,0,250.4,50.1,2029,2020,18,230.0,47.8,48.0,230.0,47.8,50.0,11000,11000,48.0,57.6,57.6,Pylon,2.0,10.0,Appliance,Utility Solar Bat,Solar + Utility,6,53.0,469,1,0.0,Load on,2.2,Line Mode,1095700,0,00202507000200,OG-001,offgrid
77125a241f55f9413b4cad891044c193,2026-03-29 17:29:18,00202507001060,Off Grid,00073.08,00012.29,240.3,49.9,368.9,331.4,1485,1197,0.0,0,0,0,240.3,49.9,5308,5289,48,230.0,47.8,48.0,230.0,47.8,50.0,11000,11000,48.0,57.6,57.6,Pylon,2.0,10.0,Appliance,Utility Solar Bat,Solar + Utility,6,53.0,379,4,0.0,Load on,3.6,Line Mode,1095700,0,00202507000200,OG-001,offgrid
7cfc647e043001d76f8e663e7480b4c1,2026-03-29 17:34:19,00202507001060,Off Grid,00073.08,00012.29,242.0,50.0,404.4,405.0,1540,1535,0.0,0,0,0,242.0,50.0,5222,5217,47,230.0,47.8,48.0,230.0,47.8,50.0,11000,11000,48.0,57.6,57.6,Pylon,2.0,10.0,Appliance,Utility Solar Bat,Solar + Utility,6,53.0,416,3,0.0,Load on,3.7,Line Mode,1095700,0,00202507000200,OG-001,offgrid
58b2498ec2627a607341db06e04fe7b7,2026-03-29 17:39:18,00202507001060,Off Grid,00073.08,00012.29,239.7,50.1,378.2,388.2,1318,1330,0.0,0,0,0,239.7,50.1,5321,5305,48,230.0,47.8,48.0,230.0,47.8,50.0,11000,11000,48.0,57.6,57.6,Pylon,2.0,10.0,Appliance,Utility Solar Bat,Solar + Utility,6,53.0,392,3,0.0,Load on,3.4,Line Mode,1095700,0,00202507000200,OG-001,offgrid
229ca5f8cd6899fb0989184fe43cf4ed,2026-03-29 17:44:18,00202507001060,Off Grid,00073.08,00012.29,240.7,50.1,403.2,405.4,1403,1400,0.0,0,0,0,240.7,50.1,5367,5323,48,230.0,47.8,48.0,230.0,47.8,50.0,11000,11000,48.0,57.6,57.6,Pylon,2.0,10.0,Appliance,Utility Solar Bat,Solar + Utility,6,53.0,415,3,0.0,Load on,3.4,Line Mode,1095700,0,00202507000200,OG-001,offgrid
0b2d0ede2d0f3739697401a7d8e928ae,2026-03-29 17:49:16,00202507001060,Off Grid,00073.08,00012.29,236.2,49.8,400.7,393.3,1082,1105,0.0,0,0,0,236.2,49.8,5726,5726,52,230.0,47.8,48.0,230.0,47.8,50.0,11000,11000,48.0,57.6,57.6,Pylon,2.0,10.0,Appliance,Utility Solar Bat,Solar + Utility,6,53.0,410,2,0.0,Load on,2.8,Line Mode,1095700,0,00202507000200,OG-001,offgrid
4e357514781d79e75fee68959790f98a,2026-03-29 17:54:15,00202507001060,Off Grid,00073.08,00012.29,243.4,49.9,404.1,399.7,1094,1121,0.0,0,0,0,243.4,49.9,3167,3167,28,230.0,47.8,48.0,230.0,47.8,50.0,11000,11000,48.0,57.6,57.6,Pylon,2.0,10.0,Appliance,Utility Solar Bat,Solar + Utility,6,53.0,414,2,0.0,Load on,2.8,Line Mode,1095700,0,00202507000200,OG-001,offgrid
53a0e5a6011f99b96a53dfe2d4866a1b,2026-03-29 17:59:12,00202507001060,Off Grid,00073.08,00012.29,240.5,49.9,404.5,411.3,1041,1015,0.0,0,0,0,240.5,49.9,3918,3911,35,230.0,47.8,48.0,230.0,47.8,50.0,11000,11000,48.0,57.6,57.6,Pylon,2.0,10.0,Appliance,Utility Solar Bat,Solar + Utility,6,53.0,421,2,0.0,Load on,2.4,Line Mode,1095700,0,00202507000200,OG-001,offgrid
28a56e7dd4df2fcb04f0b5f2ad6280dd,2026-03-29 18:04:11,00202507001060,Off Grid,00073.08,00012.29,242.7,50.0,401.3,409.7,949,926,0.0,0,0,0,242.7,50.0,3082,3077,28,230.0,47.8,48.0,230.0,47.8,50.0,11000,11000,48.0,57.6,57.6,Pylon,2.0,10.0,Appliance,Utility Solar Bat,Solar + Utility,6,53.0,419,2,0.0,Load on,2.2,Line Mode,1095700,0,00202507000200,OG-001,offgrid
275d79d764d0a3287e72136579b0008f,2026-03-29 18:09:08,00202507001060,Off Grid,00073.08,00012.29,246.6,50.1,446.3,450.6,206,209,0.0,0,0,0,246.6,50.1,739,561,6,230.0,47.8,48.0,230.0,47.8,50.0,11000,11000,48.0,57.6,57.6,Pylon,2.0,10.0,Appliance,Utility Solar Bat,Solar + Utility,6,53.0,470,0,0.0,Load on,0.4,Line Mode,1095700,0,00202507000200,OG-001,offgrid
0513b42cd3865fae5f510f02f6119a47,2026-03-29 18:14:07,00202507001060,Off Grid,00073.08,00012.29,243.1,49.9,393.6,396.0,676,645,0.0,0,0,0,243.1,49.9,3014,2990,27,230.0,47.8,48.0,230.0,47.8,50.0,11000,11000,48.0,57.6,57.6,Pylon,2.0,10.0,Appliance,Utility Solar Bat,Solar + Utility,6,53.0,411,1,0.0,Load on,1.6,Line Mode,1095700,0,00202507000200,OG-001,offgrid
5541eef4f334bac03e0575d24afcb003,2026-03-29 18:19:06,00202507001060,Off Grid,00073.08,00012.29,244.6,50.0,435.9,441.2,260,252,0.0,0,0,0,244.6,50.0,733,656,6,230.0,47.8,48.0,230.0,47.8,50.0,11000,11000,48.0,57.6,57.6,Pylon,2.0,10.0,Appliance,Utility Solar Bat,Solar + Utility,6,53.0,470,0,0.0,Load on,0.5,Line Mode,1097600,0,00202507000200,OG-001,offgrid
4b97cbf721cd53a651494c89540b0bea,2026-03-29 18:24:05,00202507001060,Off Grid,00073.08,00012.29,245.3,50.0,432.2,436.7,224,267,0.0,0,0,0,245.3,50.0,760,645,6,230.0,47.8,48.0,230.0,47.8,50.0,11000,11000,48.0,57.6,57.6,Pylon,2.0,10.0,Appliance,Utility Solar Bat,Solar + Utility,6,53.0,466,0,0.0,Load on,0.6,Line Mode,1097600,0,00202507000200,OG-001,offgrid
5babaf12c9c82a000d147425205080d9,2026-03-29 18:29:06,00202507001060,Off Grid,00073.08,00012.29,246.1,50.1,426.0,428.4,236,288,0.0,0,0,0,246.1,50.1,812,698,7,230.0,47.8,48.0,230.0,47.8,50.0,11000,11000,48.0,57.6,57.6,Pylon,2.0,10.0,Appliance,Utility Solar Bat,Solar + Utility,6,53.0,458,0,0.0,Load on,0.6,Line Mode,1097600,0,00202507000200,OG-001,offgrid
1c951881e1f99a421afe73d19237e83f,2026-03-29 18:34:03,00202507001060,Off Grid,00073.08,00012.29,239.0,50.0,379.8,381.0,278,312,0.0,0,0,0,239.0,50.0,2725,2714,24,230.0,47.8,48.0,230.0,47.8,50.0,11000,11000,48.0,57.6,57.6,Pylon,2.0,10.0,Appliance,Utility Solar Bat,Solar + Utility,6,53.0,390,0,0.0,Load on,0.8,Line Mode,1097600,0,00202507000200,OG-001,offgrid
5e5c47d361af718f3e4460f78b772ad8,2026-03-29 18:39:00,00202507001060,Off Grid,00073.08,00012.29,245.7,50.1,379.5,369.5,213,234,0.0,0,0,0,245.7,50.1,884,820,8,230.0,47.8,48.0,230.0,47.8,50.0,11000,11000,48.0,57.6,57.6,Pylon,2.0,10.0,Appliance,Utility Solar Bat,Solar + Utility,6,53.0,389,0,0.0,Load on,0.6,Line Mode,1097600,0,00202507000200,OG-001,offgrid
5fa5e7878757e1252218bb81417f19e3,2026-03-29 18:44:00,00202507001060,Off Grid,00073.08,00012.29,237.5,49.9,89.9,90.0,27,41,0.0,0,0,0,237.5,49.9,2683,2671,24,230.0,47.8,48.0,230.0,47.8,50.0,11000,11000,48.0,57.6,57.6,Pylon,2.0,10.0,Appliance,Utility Solar Bat,Solar + Utility,6,53.0,372,0,0.0,Load on,0.4,Line Mode,1097600,0,00202507000200,OG-001,offgrid
4670723ae265384e43381b76afed1aa3,2026-03-29 18:51:04,00202507001060,Off Grid,00073.08,00012.29,229.7,49.9,90.0,90.0,18,32,0.0,0,0,0,229.7,49.9,5076,5053,46,230.0,47.8,48.0,230.0,47.8,50.0,11000,11000,48.0,57.6,57.6,Pylon,2.0,10.0,Appliance,Utility Solar Bat,Solar + Utility,6,53.0,361,0,0.0,Load on,0.3,Line Mode,1097600,0,00202507000200,OG-001,offgrid
20ebc258894d9eaf7b4c019e0e6cc9f7,2026-03-29 18:55:57,00202507001060,Off Grid,00073.08,00012.29,242.2,49.9,89.9,90.0,14,28,0.0,0,0,0,242.2,49.9,896,772,8,230.0,47.8,48.0,230.0,47.8,50.0,11000,11000,48.0,57.6,57.6,Pylon,2.0,10.0,Appliance,Utility Solar Bat,Solar + Utility,6,53.0,380,0,0.0,Load on,0.3,Line Mode,1097600,0,00202507000200,OG-001,offgrid
352e4a8edc99d1160ac9c17e0d4c9a42,2026-03-29 19:00:49,00202507001060,Off Grid,00073.08,00012.29,240.6,49.9,87.8,89.7,13,21,0.0,0,0,0,240.6,49.9,938,874,8,230.0,47.8,48.0,230.0,47.8,50.0,11000,11000,48.0,57.6,57.6,Pylon,2.0,10.0,Appliance,Utility Solar Bat,Solar + Utility,6,53.0,377,0,0.0,Load on,0.2,Line Mode,1097600,0,00202507000200,OG-001,offgrid
2948c27dcea8776824c50ca75ff4d486,2026-03-29 19:10:37,00202507001060,Off Grid,00073.08,00012.29,241.0,49.9,0.0,0.0,0,0,0.0,0,0,0,241.0,49.9,1253,968,11,230.0,47.8,48.0,230.0,47.8,50.0,11000,11000,48.0,57.6,57.6,Pylon,2.0,10.0,Appliance,Utility Solar Bat,Solar + Utility,6,53.0,377,0,0.0,Load on,0.0,Line Mode,1097800,0,00202507000200,OG-001,offgrid
05dcd1664340cad729e0df14df2be63c,2026-03-29 19:15:29,00202507001060,Off Grid,00073.08,00012.29,235.0,49.8,0.0,0.0,0,0,0.0,0,0,0,235.0,49.8,3739,3540,33,230.0,47.8,48.0,230.0,47.8,50.0,11000,11000,48.0,57.6,57.6,Pylon,2.0,10.0,Appliance,Utility Solar Bat,Solar + Utility,6,53.0,368,0,0.0,Load on,0.0,Line Mode,1097800,0,00202507000200,OG-001,offgrid
033be530e6882e4e351b06c18bfbabf1,2026-03-30 02:24:49,00202507001060,Off Grid,00073.08,00012.29,236.2,49.9,0.0,0.0,0,0,0.0,0,0,0,236.2,49.9,4889,4761,44,230.0,47.8,48.0,230.0,47.8,50.0,11000,11000,48.0,57.6,57.6,Pylon,2.0,10.0,Appliance,Utility Solar Bat,Solar + Utility,6,53.0,370,0,0.0,Load on,0.0,Line Mode,1097800,0,00202507000200,OG-001,offgrid
23169865bf47a2937e4ceaa2dd9b240a,2026-03-30 02:29:42,00202507001060,Off Grid,00073.08,00012.29,233.6,50.0,0.0,0.0,0,0,0.0,0,0,0,233.6,50.0,5769,5649,52,230.0,47.8,48.0,230.0,47.8,50.0,11000,11000,48.0,57.6,57.6,Pylon,2.0,10.0,Appliance,Utility Solar Bat,Solar + Utility,6,53.0,366,0,0.0,Load on,0.0,Line Mode,1097800,0,00202507000200,OG-001,offgrid
19e9c1aa7f91873c7dd8f2ba38f5dff6,2026-03-30 02:34:36,00202507001060,Off Grid,00073.08,00012.29,232.2,49.9,0.0,0.0,0,0,0.0,0,0,0,232.2,49.9,5990,5858,54,230.0,47.8,48.0,230.0,47.8,50.0,11000,11000,48.0,57.6,57.6,Pylon,2.0,10.0,Appliance,Utility Solar Bat,Solar + Utility,6,53.0,364,0,0.0,Load on,0.0,Line Mode,1097800,0,00202507000200,OG-001,offgrid
517ea654260b8111489112451a73b018,2026-03-30 02:39:27,00202507001060,Off Grid,00073.08,00012.29,231.1,50.0,0.0,67.2,0,0,0.0,0,0,0,231.1,50.0,5703,5665,51,230.0,47.8,48.0,230.0,47.8,50.0,11000,11000,48.0,57.6,57.6,Pylon,2.0,10.0,Appliance,Utility Solar Bat,Solar + Utility,6,53.0,356,0,0.0,Load on,0.0,Line Mode,1097800,0,00202507000200,OG-001,offgrid
0cb50205ad80f2c36f905fa5d79eebc9,2026-03-30 02:44:20,00202507001060,Off Grid,00073.08,00012.29,231.2,49.9,62.3,0.0,0,0,0.0,0,0,0,231.2,49.9,6080,6032,55,230.0,47.8,48.0,230.0,47.8,50.0,11000,11000,48.0,57.6,57.6,Pylon,2.0,10.0,Appliance,Utility Solar Bat,Solar + Utility,6,53.0,363,0,0.0,Load on,0.0,Line Mode,1097800,0,00202507000200,OG-001,offgrid
16a13e12bf2d528c19c3620f8b7ae31b,2026-03-30 02:49:11,00202507001060,Off Grid,00073.08,00012.29,230.8,49.9,0.0,73.7,0,0,0.0,0,0,0,230.8,49.9,6370,6296,57,230.0,47.8,48.0,230.0,47.8,50.0,11000,11000,48.0,57.6,57.6,Pylon,2.0,10.0,Appliance,Utility Solar Bat,Solar + Utility,6,53.0,362,0,0.0,Load on,0.0,Line Mode,1097800,0,00202507000200,OG-001,offgrid
70645e40793a54314f6839219c02ade8,2026-03-30 02:54:04,00202507001060,Off Grid,00073.08,00012.29,234.8,49.9,69.9,0.0,0,0,0.0,0,0,0,234.8,49.9,5259,5192,47,230.0,47.8,48.0,230.0,47.8,50.0,11000,11000,48.0,57.6,57.6,Pylon,2.0,10.0,Appliance,Utility Solar Bat,Solar + Utility,6,53.0,368,0,0.0,Load on,0.0,Line Mode,1097800,0,00202507000200,OG-001,offgrid
5f6bc45ba4425cc34eaead2f33f2cd93,2026-03-30 02:58:56,00202507001060,Off Grid,00073.08,00012.29,237.7,49.9,0.0,61.0,0,0,0.0,0,0,0,237.7,49.9,4801,4673,43,230.0,47.8,48.0,230.0,47.8,50.0,11000,11000,48.0,57.6,57.6,Pylon,2.0,10.0,Appliance,Utility Solar Bat,Solar + Utility,6,53.0,372,0,0.0,Load on,0.0,Line Mode,1097800,0,00202507000200,OG-001,offgrid
31c98e54c76a6f865a8e4f696e000fee,2026-03-30 03:03:47,00202507001060,Off Grid,00073.08,00012.29,236.9,50.0,0.0,0.0,0,0,0.0,0,0,0,236.9,50.0,5114,4962,46,230.0,47.8,48.0,230.0,47.8,50.0,11000,11000,48.0,57.6,57.6,Pylon,2.0,10.0,Appliance,Utility Solar Bat,Solar + Utility,6,53.0,371,0,0.0,Load on,0.0,Line Mode,1097800,0,00202507000200,OG-001,offgrid
59b47ffc440cc0cf7915d1432bd8b4e7,2026-03-30 03:33:08,00202507001060,Off Grid,00073.08,00012.29,235.5,49.9,0.0,0.0,0,0,0.0,0,0,0,235.5,49.9,5392,5304,49,230.0,47.8,48.0,230.0,47.8,50.0,11000,11000,48.0,57.6,57.6,Pylon,2.0,10.0,Appliance,Utility Solar Bat,Solar + Utility,6,53.0,369,0,0.0,Load on,0.0,Line Mode,1097800,0,00202507000200,OG-001,offgrid
4a3325935c9810a16499a16c2cb96b2c,2026-03-30 04:58:17,00202507001060,Off Grid,00073.08,00012.29,235.9,49.9,0.0,0.0,0,0,0.0,0,0,0,235.9,49.9,4718,4599,42,230.0,47.8,48.0,230.0,47.8,50.0,11000,11000,48.0,57.6,57.6,Pylon,2.0,10.0,Appliance,Utility Solar Bat,Solar + Utility,6,53.0,370,0,0.0,Load on,0.0,Line Mode,1097800,0,00202507000200,OG-001,offgrid
1b4e9f84cdf251fe1ffd53f78fd03c2c,2026-03-30 05:17:53,00202507001060,Off Grid,00073.08,00012.29,236.1,50.0,0.0,0.0,0,0,0.0,0,0,0,236.1,50.0,4627,4511,42,230.0,47.8,48.0,230.0,47.8,50.0,11000,11000,48.0,57.6,57.6,Pylon,2.0,10.0,Appliance,Utility Solar Bat,Solar + Utility,6,53.0,370,0,0.0,Load on,0.0,Line Mode,1097800,0,00202507000200,OG-001,offgrid
6819dcc4baef881973bd5c9f8a83b137,2026-03-30 05:53:22,00202507001060,Off Grid,00073.08,00012.29,236.0,49.9,0.0,0.0,0,0,0.0,0,0,0,236.0,49.9,4580,4474,41,230.0,47.8,48.0,230.0,47.8,50.0,11000,11000,48.0,57.6,57.6,Pylon,2.0,10.0,Appliance,Utility Solar Bat,Solar + Utility,6,53.0,370,0,0.0,Load on,0.0,Line Mode,1097800,0,00202507000200,OG-001,offgrid
0dab1ad4605004b4697904ac3a92eec3,2026-03-30 06:08:04,00202507001060,Off Grid,00073.08,00012.29,231.6,49.8,0.0,60.4,0,0,0.0,0,0,0,231.6,49.8,4840,4786,44,230.0,47.8,48.0,230.0,47.8,50.0,11000,11000,48.0,57.6,57.6,Pylon,2.0,10.0,Appliance,Utility Solar Bat,Solar + Utility,6,53.0,363,0,0.0,Load on,0.0,Line Mode,1097800,0,00202507000200,OG-001,offgrid
37cb6d229cfc91e366f9ca96ffe70b7e,2026-03-30 06:27:39,00202507001060,Off Grid,00073.08,00012.29,221.7,50.0,0.0,0.0,0,0,0.0,0,0,0,221.7,50.0,6254,6233,56,230.0,47.8,48.0,230.0,47.8,50.0,11000,11000,48.0,57.6,57.6,Pylon,2.0,10.0,Appliance,Utility Solar Bat,Solar + Utility,6,53.0,350,0,0.0,Load on,0.0,Line Mode,1097800,0,00202507000200,OG-001,offgrid
126821b590d02cba6f74be0a39c85c8e,2026-03-30 06:32:31,00202507001060,Off Grid,00073.08,00012.29,222.0,49.8,0.0,0.0,0,0,0.0,0,0,0,222.0,49.8,6149,6094,55,230.0,47.8,48.0,230.0,47.8,50.0,11000,11000,48.0,57.6,57.6,Pylon,2.0,10.0,Appliance,Utility Solar Bat,Solar + Utility,6,53.0,350,0,0.0,Load on,0.0,Line Mode,1097800,0,00202507000200,OG-001,offgrid
53d1f26818cfcb0524d970a8c6fd13a2,2026-03-30 06:37:24,00202507001060,Off Grid,00073.08,00012.29,225.1,49.9,0.0,0.0,0,0,0.0,0,0,0,225.1,49.9,5222,5174,47,230.0,47.8,48.0,230.0,47.8,50.0,11000,11000,48.0,57.6,57.6,Pylon,2.0,10.0,Appliance,Utility Solar Bat,Solar + Utility,6,53.0,353,0,0.0,Load on,0.0,Line Mode,1097800,0,00202507000200,OG-001,offgrid
7ee6296015596c3a5cee34764cd8445f,2026-03-30 06:42:16,00202507001060,Off Grid,00073.08,00012.29,226.2,49.9,88.1,89.7,13,19,0.0,0,0,0,226.2,49.9,4953,4873,45,230.0,47.8,48.0,230.0,47.8,50.0,11000,11000,48.0,57.6,57.6,Pylon,2.0,10.0,Appliance,Utility Solar Bat,Solar + Utility,6,53.0,356,0,0.0,Load on,0.2,Line Mode,1097800,0,00202507000200,OG-001,offgrid
242aa412dffd25597dcb3be2ee9d71c9,2026-03-30 06:47:00,00202507001060,Off Grid,00073.08,00012.29,226.6,49.9,90.0,89.9,14,28,0.0,0,0,0,226.6,49.9,4125,4021,37,230.0,47.8,48.0,230.0,47.8,50.0,11000,11000,48.0,57.6,57.6,Pylon,2.0,10.0,Appliance,Utility Solar Bat,Solar + Utility,6,53.0,356,0,0.0,Load on,0.3,Line Mode,1097800,0,00202507000200,OG-001,offgrid
4d606c7193e9ed726863838dde2ab69e,2026-03-30 06:51:57,00202507001060,Off Grid,00073.08,00012.29,227.7,50.0,90.0,90.0,30,43,0.0,0,0,0,227.7,50.0,4533,4475,41,230.0,47.8,48.0,230.0,47.8,50.0,11000,11000,48.0,57.6,57.6,Pylon,2.0,10.0,Appliance,Utility Solar Bat,Solar + Utility,6,53.0,358,0,0.0,Load on,0.4,Line Mode,1097800,0,00202507000200,OG-001,offgrid
64f587adb25efd28620d4f3d13b6334f,2026-03-30 06:56:55,00202507001060,Off Grid,00073.08,00012.29,227.8,50.0,95.3,105.8,85,88,0.0,0,0,0,227.8,50.0,4487,4437,40,230.0,47.8,48.0,230.0,47.8,50.0,11000,11000,48.0,57.6,57.6,Pylon,2.0,10.0,Appliance,Utility Solar Bat,Solar + Utility,6,53.0,358,0,0.0,Load on,0.8,Line Mode,1097800,0,00202507000200,OG-001,offgrid
5c01b60db48c113a2863915211aac09e,2026-03-30 07:01:52,00202507001060,Off Grid,00073.08,00012.29,219.8,49.9,90.0,89.9,26,40,0.0,0,0,0,219.8,49.9,6769,6723,61,230.0,47.8,48.0,230.0,47.8,50.0,11000,11000,48.0,57.6,57.6,Pylon,2.0,10.0,Appliance,Utility Solar Bat,Solar + Utility,6,53.0,350,0,0.0,Load on,0.4,Line Mode,1097800,0,00202507000200,OG-001,offgrid
7ad1170cbb1303503b801cb6b60ff483,2026-03-30 07:51:08,00202507001060,Off Grid,00073.08,00012.29,237.1,50.0,389.8,398.8,541,511,0.0,0,0,0,237.1,50.0,4362,4239,39,230.0,47.8,48.0,230.0,47.8,50.0,11000,11000,48.0,57.6,57.6,Pylon,2.0,10.0,Appliance,Utility Solar Bat,Solar + Utility,6,53.0,408,1,0.0,Load on,1.2,Line Mode,1097900,0,00202507000200,OG-001,offgrid
1de260358767a2fc136105dbfd8c65b0,2026-03-30 08:26:02,00202507001060,Off Grid,00073.08,00012.29,246.2,50.0,457.6,457.6,125,193,0.0,0,0,0,246.2,50.0,664,464,6,230.0,47.8,48.0,230.0,47.8,50.0,11000,11000,48.0,57.6,57.6,Pylon,2.0,10.0,Appliance,Utility Solar Bat,Solar + Utility,6,53.0,470,0,0.0,Load on,0.4,Line Mode,1098500,0,00202507000200,OG-001,offgrid
7322aaedcac63af1438ca86b259a6f88,2026-03-30 08:31:05,00202507001060,Off Grid,00073.08,00012.29,245.3,50.0,459.3,459.3,140,179,0.0,0,0,0,245.3,50.0,662,457,6,230.0,47.8,48.0,230.0,47.8,50.0,11000,11000,48.0,57.6,57.6,Pylon,2.0,10.0,Appliance,Utility Solar Bat,Solar + Utility,6,53.0,470,0,0.0,Load on,0.3,Line Mode,1098500,0,00202507000200,OG-001,offgrid
0c4473471cf341a979465bf6f94d8a9f,2026-03-30 09:06:03,00202507001060,Off Grid,00073.08,00012.29,248.8,50.0,463.1,462.9,96,112,0.0,0,0,0,248.8,50.0,696,364,6,230.0,47.8,48.0,230.0,47.8,50.0,11000,11000,48.0,57.6,57.6,Pylon,2.0,10.0,Appliance,Utility Solar Bat,Solar + Utility,6,53.0,470,0,0.0,Load on,0.2,Line Mode,1098500,0,00202507000200,OG-001,offgrid
2145699ef993804504040d2e78dd9d5d,2026-03-30 09:11:03,00202507001060,Off Grid,00073.08,00012.29,246.1,50.0,421.7,443.7,551,152,0.0,0,0,0,246.1,50.0,1378,1355,12,230.0,47.8,48.0,230.0,47.8,50.0,11000,11000,48.0,57.6,57.6,Pylon,2.0,10.0,Appliance,Utility Solar Bat,Solar + Utility,6,53.0,455,1,0.0,Load on,0.3,Line Mode,1098500,0,00202507000200,OG-001,offgrid
639e62c2354dc66029d13af8814bd99f,2026-03-30 10:06:04,00202507001060,Off Grid,00073.08,00012.29,246.6,50.0,464.1,464.0,106,104,0.0,0,0,0,246.6,50.0,641,370,5,230.0,47.8,48.0,230.0,47.8,50.0,11000,11000,48.0,57.6,57.6,Pylon,2.0,10.0,Appliance,Utility Solar Bat,Solar + Utility,6,53.0,470,0,0.0,Load on,0.2,Line Mode,1098900,0,00202507000200,OG-001,offgrid
40346c844544f2ff5dcae8204a4b388a,2026-03-30 10:11:06,00202507001060,Off Grid,00073.08,00012.29,247.5,49.9,465.0,464.6,109,103,0.0,0,0,0,247.5,49.9,618,370,5,230.0,47.8,48.0,230.0,47.8,50.0,11000,11000,48.0,57.6,57.6,Pylon,2.0,10.0,Appliance,Utility Solar Bat,Solar + Utility,6,53.0,471,0,0.0,Load on,0.2,Line Mode,1098900,0,00202507000200,OG-001,offgrid
22f80b545cc0438e4402c35198245f24,2026-03-30 10:16:08,00202507001060,Off Grid,00073.08,00012.29,248.7,49.9,460.7,458.4,99,113,0.0,0,0,0,248.7,49.9,621,357,5,230.0,47.8,48.0,230.0,47.8,50.0,11000,11000,48.0,57.6,57.6,Pylon,2.0,10.0,Appliance,Utility Solar Bat,Solar + Utility,6,53.0,470,0,0.0,Load on,0.2,Line Mode,1099400,0,00202507000200,OG-001,offgrid
1713e3c975b2eb7263f848306ea62789,2026-03-30 10:21:06,00202507001060,Off Grid,00073.08,00012.29,250.3,49.9,454.6,456.0,804,863,0.0,0,0,0,250.3,49.9,1855,1855,16,230.0,47.8,48.0,230.0,47.8,50.0,11000,11000,48.0,57.6,57.6,Pylon,2.0,10.0,Appliance,Utility Solar Bat,Solar + Utility,6,53.0,470,1,0.0,Load on,1.8,Line Mode,1099400,0,00202507000200,OG-001,offgrid
2fcf5f7177dd1a957c3d396a7db7e381,2026-03-30 10:26:07,00202507001060,Off Grid,00073.08,00012.29,244.3,50.0,423.9,427.2,751,850,0.0,0,0,0,244.3,50.0,1807,1807,16,230.0,47.8,48.0,230.0,47.8,50.0,11000,11000,48.0,57.6,57.6,Pylon,2.0,10.0,Appliance,Utility Solar Bat,Solar + Utility,6,53.0,455,1,0.0,Load on,1.9,Line Mode,1099400,0,00202507000200,OG-001,offgrid
7d13d2fbf78ce0d646c98b3f169ce367,2026-03-30 10:31:08,00202507001060,Off Grid,00073.08,00012.29,246.9,50.0,453.2,455.3,792,878,0.0,0,0,0,246.9,50.0,1849,1849,16,230.0,47.8,48.0,230.0,47.8,50.0,11000,11000,48.0,57.6,57.6,Pylon,2.0,10.0,Appliance,Utility Solar Bat,Solar + Utility,6,53.0,470,1,0.0,Load on,1.9,Line Mode,1099400,0,00202507000200,OG-001,offgrid
6d28a62746fe7c13737c2a2b4ea5d145,2026-03-30 10:36:10,00202507001060,Off Grid,00073.08,00012.29,247.9,50.0,436.7,437.9,802,866,0.0,0,0,0,247.9,50.0,1859,1859,16,230.0,47.8,48.0,230.0,47.8,50.0,11000,11000,48.0,57.6,57.6,Pylon,2.0,10.0,Appliance,Utility Solar Bat,Solar + Utility,6,53.0,470,1,0.0,Load on,1.9,Line Mode,1099400,0,00202507000200,OG-001,offgrid
50d6a98bbff8e7e508822a4c533be356,2026-03-30 10:46:14,00202507001060,Off Grid,00073.08,00012.29,243.7,49.9,384.4,391.0,762,743,0.0,0,0,0,243.7,49.9,2778,2738,25,230.0,47.8,48.0,230.0,47.8,50.0,11000,11000,48.0,57.6,57.6,Pylon,2.0,10.0,Appliance,Utility Solar Bat,Solar + Utility,6,53.0,401,1,0.0,Load on,1.9,Line Mode,1099400,0,00202507000200,OG-001,offgrid
4f56bc1c16d0e6a47ce789e757035c34,2026-03-30 10:51:13,00202507001060,Off Grid,00073.08,00012.29,237.8,50.0,404.5,404.7,750,865,0.0,0,0,0,237.8,50.0,5378,5372,48,230.0,47.8,48.0,230.0,47.8,50.0,11000,11000,48.0,57.6,57.6,Pylon,2.0,10.0,Appliance,Utility Solar Bat,Solar + Utility,6,53.0,414,1,0.0,Load on,2.1,Line Mode,1099400,0,00202507000200,OG-001,offgrid
5aabefd6fff65ea82ead9f719bb58217,2026-03-30 10:56:14,00202507001060,Off Grid,00073.08,00012.29,251.8,50.0,456.5,456.6,1202,1409,0.0,0,0,0,251.8,50.0,2844,2838,25,230.0,47.8,48.0,230.0,47.8,50.0,11000,11000,48.0,57.6,57.6,Pylon,2.0,10.0,Appliance,Utility Solar Bat,Solar + Utility,6,53.0,470,2,0.0,Load on,3.0,Line Mode,1099400,0,00202507000200,OG-001,offgrid
14d81420d3f699820860225d78f0e5f9,2026-03-30 11:01:12,00202507001060,Off Grid,00073.08,00012.29,248.7,49.8,454.3,457.5,1347,1220,0.0,0,0,0,248.7,49.8,2785,2782,25,230.0,47.8,48.0,230.0,47.8,50.0,11000,11000,48.0,57.6,57.6,Pylon,2.0,10.0,Appliance,Utility Solar Bat,Solar + Utility,6,53.0,470,2,0.0,Load on,2.6,Line Mode,1099400,0,00202507000200,OG-001,offgrid
2ffdce0bcbb727b669869eaf9d0380e9,2026-03-30 11:06:11,00202507001060,Off Grid,00073.08,00012.29,251.1,50.0,444.3,454.0,1826,917,0.0,0,0,0,251.1,50.0,2812,2803,25,230.0,47.8,48.0,230.0,47.8,50.0,11000,11000,48.0,57.6,57.6,Pylon,2.0,10.0,Appliance,Utility Solar Bat,Solar + Utility,6,53.0,470,4,0.0,Load on,2.0,Line Mode,1099400,0,00202507000200,OG-001,offgrid
4e3d37fed4cbe3cb17b2f1a050db946a,2026-03-30 11:16:11,00202507001060,Off Grid,00073.08,00012.29,251.5,50.0,443.5,449.3,1314,1193,0.0,0,0,0,251.5,50.0,2865,2762,26,230.0,47.8,48.0,230.0,47.8,50.0,11000,11000,48.0,57.6,57.6,Pylon,2.0,10.0,Appliance,Utility Solar Bat,Solar + Utility,6,53.0,470,2,0.0,Load on,2.6,Line Mode,1101500,0,00202507000200,OG-001,offgrid
63ce5cecd5ef375068b72a306fdd7967,2026-03-30 11:21:10,00202507001060,Off Grid,00073.08,00012.29,253.0,50.0,447.0,453.4,944,779,0.0,0,0,0,253.0,50.0,1948,1932,17,230.0,47.8,48.0,230.0,47.8,50.0,11000,11000,48.0,57.6,57.6,Pylon,2.0,10.0,Appliance,Utility Solar Bat,Solar + Utility,6,53.0,470,2,0.0,Load on,1.7,Line Mode,1101500,0,00202507000200,OG-001,offgrid
4c4f329bde797b420ebfcef1dd67b2d5,2026-03-30 11:26:11,00202507001060,Off Grid,00073.08,00012.29,252.3,50.0,456.2,457.1,147,89,0.0,0,0,0,252.3,50.0,731,413,6,230.0,47.8,48.0,230.0,47.8,50.0,11000,11000,48.0,57.6,57.6,Pylon,2.0,10.0,Appliance,Utility Solar Bat,Solar + Utility,6,53.0,470,0,0.0,Load on,0.1,Line Mode,1101500,0,00202507000200,OG-001,offgrid
508908d17f3240740b4be0fe46c96f3b,2026-03-30 11:41:10,00202507001060,Off Grid,00073.08,00012.29,252.1,50.0,458.7,458.8,162,107,0.0,0,0,0,252.1,50.0,756,454,6,230.0,47.8,48.0,230.0,47.8,50.0,11000,11000,48.0,57.6,57.6,Pylon,2.0,10.0,Appliance,Utility Solar Bat,Solar + Utility,6,53.0,470,0,0.0,Load on,0.2,Line Mode,1101500,0,00202507000200,OG-001,offgrid
65197bc23c2645e67dc22d0e852576d1,2026-03-30 11:46:11,00202507001060,Off Grid,00073.08,00012.29,251.4,50.0,458.5,459.1,231,150,0.0,0,0,0,251.4,50.0,729,539,6,230.0,47.8,48.0,230.0,47.8,50.0,11000,11000,48.0,57.6,57.6,Pylon,2.0,10.0,Appliance,Utility Solar Bat,Solar + Utility,6,53.0,470,0,0.0,Load on,0.3,Line Mode,1101500,0,00202507000200,OG-001,offgrid
3f971bcc9781d49d13c436cf615254ad,2026-03-30 11:51:11,00202507001060,Off Grid,00073.08,00012.29,251.1,50.0,449.4,453.5,701,573,0.0,0,0,0,251.1,50.0,1531,1476,13,230.0,47.8,48.0,230.0,47.8,50.0,11000,11000,48.0,57.6,57.6,Pylon,2.0,10.0,Appliance,Utility Solar Bat,Solar + Utility,6,53.0,470,1,0.0,Load on,1.2,Line Mode,1101500,0,00202507000200,OG-001,offgrid
07e7429e242eba816af2234b768da1a1,2026-03-30 11:56:09,00202507001060,Off Grid,00073.08,00012.29,253.0,50.0,457.8,458.5,156,116,0.0,0,0,0,253.0,50.0,758,444,6,230.0,47.8,48.0,230.0,47.8,50.0,11000,11000,48.0,57.6,57.6,Pylon,2.0,10.0,Appliance,Utility Solar Bat,Solar + Utility,6,53.0,470,0,0.0,Load on,0.2,Line Mode,1101500,0,00202507000200,OG-001,offgrid
4dce99aec34ea2d5510912c2b29e87b0,2026-03-30 12:01:09,00202507001060,Off Grid,00073.08,00012.29,254.7,49.9,456.0,458.1,207,163,0.0,0,0,0,254.7,49.9,687,544,6,230.0,47.8,48.0,230.0,47.8,50.0,11000,11000,48.0,57.6,57.6,Pylon,2.0,10.0,Appliance,Utility Solar Bat,Solar + Utility,6,53.0,470,0,0.0,Load on,0.3,Line Mode,1101500,0,00202507000200,OG-001,offgrid
3e50683e76784d803ef60d99c2591c14,2026-03-30 12:06:12,00202507001060,Off Grid,00073.08,00012.29,253.2,49.9,458.2,459.6,204,169,0.0,0,0,0,253.2,49.9,708,537,6,230.0,47.8,48.0,230.0,47.8,50.0,11000,11000,48.0,57.6,57.6,Pylon,2.0,10.0,Appliance,Utility Solar Bat,Solar + Utility,6,53.0,470,0,0.0,Load on,0.3,Line Mode,1101500,0,00202507000200,OG-001,offgrid
079f027074832a0757d353a89e184ef5,2026-03-30 12:11:10,00202507001060,Off Grid,00073.08,00012.29,254.0,49.8,455.7,457.6,179,189,0.0,0,0,0,254.0,49.8,711,544,6,230.0,47.8,48.0,230.0,47.8,50.0,11000,11000,48.0,57.6,57.6,Pylon,2.0,10.0,Appliance,Utility Solar Bat,Solar + Utility,6,53.0,470,0,0.0,Load on,0.4,Line Mode,1101500,0,00202507000200,OG-001,offgrid
643735948afd7a0138d601ed946698c0,2026-03-30 12:16:08,00202507001060,Off Grid,00073.08,00012.29,249.7,50.0,429.7,435.9,191,177,0.0,0,0,0,249.7,50.0,724,543,6,230.0,47.8,48.0,230.0,47.8,50.0,11000,11000,48.0,57.6,57.6,Pylon,2.0,10.0,Appliance,Utility Solar Bat,Solar + Utility,6,53.0,465,0,0.0,Load on,0.4,Line Mode,1102200,0,00202507000200,OG-001,offgrid
0b028d51947a9fae4e99170b0562b22f,2026-03-30 12:26:03,00202507001060,Off Grid,00073.08,00012.29,246.0,50.0,445.7,456.8,843,857,0.0,0,0,0,246.0,50.0,1874,1874,17,230.0,47.8,48.0,230.0,47.8,50.0,11000,11000,48.0,57.6,57.6,Pylon,2.0,10.0,Appliance,Utility Solar Bat,Solar + Utility,6,53.0,470,1,0.0,Load on,1.8,Line Mode,1102200,0,00202507000200,OG-001,offgrid
3d770ee84b0ac48a3eda049d78a909ac,2026-03-30 12:31:07,00202507001060,Off Grid,00073.08,00012.29,243.4,50.0,461.8,461.8,840,841,0.0,0,0,0,243.4,50.0,1853,1853,16,230.0,47.8,48.0,230.0,47.8,50.0,11000,11000,48.0,57.6,57.6,Pylon,2.0,10.0,Appliance,Utility Solar Bat,Solar + Utility,6,53.0,470,1,0.0,Load on,1.8,Line Mode,1102200,0,00202507000200,OG-001,offgrid
0ecdfe78902766f92090c05e5f109a60,2026-03-30 12:41:05,00202507001060,Off Grid,00073.08,00012.29,251.9,50.0,450.9,453.4,740,941,0.0,0,0,0,251.9,50.0,1889,1878,17,230.0,47.8,48.0,230.0,47.8,50.0,11000,11000,48.0,57.6,57.6,Pylon,2.0,10.0,Appliance,Utility Solar Bat,Solar + Utility,6,53.0,470,1,0.0,Load on,2.0,Line Mode,1102200,0,00202507000200,OG-001,offgrid
4721c7327e71ce4e49a4e592aaa689ed,2026-03-30 12:46:06,00202507001060,Off Grid,00073.08,00012.29,252.0,50.0,442.9,448.8,798,1011,0.0,0,0,0,252.0,50.0,2016,2008,18,230.0,47.8,48.0,230.0,47.8,50.0,11000,11000,48.0,57.6,57.6,Pylon,2.0,10.0,Appliance,Utility Solar Bat,Solar + Utility,6,53.0,470,1,0.0,Load on,2.2,Line Mode,1102200,0,00202507000200,OG-001,offgrid
4fef95b18443e735240dae1845aa0e7d,2026-03-30 12:51:05,00202507001060,Off Grid,00073.08,00012.29,250.8,50.0,446.8,449.1,864,1106,0.0,0,0,0,250.8,50.0,2182,2182,19,230.0,47.8,48.0,230.0,47.8,50.0,11000,11000,48.0,57.6,57.6,Pylon,2.0,10.0,Appliance,Utility Solar Bat,Solar + Utility,6,53.0,470,1,0.0,Load on,2.4,Line Mode,1102200,0,00202507000200,OG-001,offgrid
0d616da358a126382e6ec1682b7ca70b,2026-03-30 12:56:04,00202507001060,Off Grid,00073.08,00012.29,252.5,50.0,447.3,450.4,877,1090,0.0,0,0,0,252.5,50.0,2170,2165,19,230.0,47.8,48.0,230.0,47.8,50.0,11000,11000,48.0,57.6,57.6,Pylon,2.0,10.0,Appliance,Utility Solar Bat,Solar + Utility,6,53.0,470,1,0.0,Load on,2.4,Line Mode,1102200,0,00202507000200,OG-001,offgrid
4c5446e6ca19808b00a09b96846c14a8,2026-03-30 13:01:04,00202507001060,Off Grid,00073.08,00012.29,249.9,50.1,447.6,450.3,821,1039,0.0,0,0,0,249.9,50.1,2048,2047,18,230.0,47.8,48.0,230.0,47.8,50.0,11000,11000,48.0,57.6,57.6,Pylon,2.0,10.0,Appliance,Utility Solar Bat,Solar + Utility,6,53.0,470,1,0.0,Load on,2.3,Line Mode,1102200,0,00202507000200,OG-001,offgrid
600660fb73632c6805d3fabd7f271868,2026-03-30 13:16:04,00202507001060,Off Grid,00073.08,00012.29,250.0,50.0,433.8,433.5,2133,2403,0.0,0,0,0,250.0,50.0,4902,4902,44,230.0,47.8,48.0,230.0,47.8,50.0,11000,11000,48.0,57.6,57.6,Pylon,2.0,10.0,Appliance,Utility Solar Bat,Solar + Utility,6,53.0,463,4,0.0,Load on,5.5,Line Mode,1104000,0,00202507000200,OG-001,offgrid
58d41d3cd8c16323310d5e34028da031,2026-03-30 13:51:01,00202507001060,Off Grid,00073.08,00012.29,251.9,50.0,452.8,454.8,94,256,0.0,0,0,0,251.9,50.0,755,516,6,230.0,47.8,48.0,230.0,47.8,50.0,11000,11000,48.0,57.6,57.6,Pylon,2.0,10.0,Appliance,Utility Solar Bat,Solar + Utility,6,53.0,470,0,0.0,Load on,0.5,Line Mode,1104000,0,00202507000200,OG-001,offgrid
33201ecde83c3fec3135f163c012b0ad,2026-03-30 13:56:04,00202507001060,Off Grid,00073.08,00012.29,250.8,50.0,453.7,454.8,73,202,0.0,0,0,0,250.8,50.0,751,427,6,230.0,47.8,48.0,230.0,47.8,50.0,11000,11000,48.0,57.6,57.6,Pylon,2.0,10.0,Appliance,Utility Solar Bat,Solar + Utility,6,53.0,470,0,0.0,Load on,0.4,Line Mode,1104000,0,00202507000200,OG-001,offgrid
49a39838063725190634da48a124fcbd,2026-03-30 14:06:02,00202507001060,Off Grid,00073.08,00012.29,250.9,50.0,448.5,450.7,278,572,0.0,0,0,0,250.9,50.0,1154,1047,10,230.0,47.8,48.0,230.0,47.8,50.0,11000,11000,48.0,57.6,57.6,Pylon,2.0,10.0,Appliance,Utility Solar Bat,Solar + Utility,6,53.0,470,0,0.0,Load on,1.2,Line Mode,1104000,0,00202507000200,OG-001,offgrid
76253e512e45add304902312f87044d9,2026-03-30 14:11:02,00202507001060,Off Grid,00073.08,00012.29,251.4,50.0,455.1,456.2,90,315,0.0,0,0,0,251.4,50.0,729,553,6,230.0,47.8,48.0,230.0,47.8,50.0,11000,11000,48.0,57.6,57.6,Pylon,2.0,10.0,Appliance,Utility Solar Bat,Solar + Utility,6,53.0,470,0,0.0,Load on,0.6,Line Mode,1104000,0,00202507000200,OG-001,offgrid
446ba1142a1f72e771ebfdf4f0632a3a,2026-03-30 15:20:59,00202507001060,Off Grid,00073.08,00012.29,251.4,50.0,447.8,445.3,614,1417,0.0,0,0,0,251.4,50.0,2273,2273,20,230.0,47.8,48.0,230.0,47.8,50.0,11000,11000,48.0,57.6,57.6,Pylon,2.0,10.0,Appliance,Utility Solar Bat,Solar + Utility,6,53.0,470,1,0.0,Load on,3.1,Line Mode,1107000,0,00202507000200,OG-001,offgrid
47b4fceccaab299504d2795c77023f86,2026-03-30 16:05:59,00202507001060,Off Grid,00073.08,00012.29,239.8,50.0,462.9,462.8,63,81,0.0,0,0,0,239.8,50.0,5083,4982,46,230.0,47.8,48.0,230.0,47.8,50.0,11000,11000,48.0,57.6,57.6,Pylon,2.0,10.0,Appliance,Utility Solar Bat,Solar + Utility,6,53.0,499,0,0.0,Load on,0.1,Line Mode,1107000,0,00202507000200,OG-001,offgrid
4ad1d6aed26bc81f73c235b9e6edcfea,2026-03-30 19:09:03,00202507001060,Off Grid,00073.08,00012.29,230.2,49.9,0.0,0.0,0,0,0.0,0,0,0,230.2,49.9,4536,4527,41,230.0,47.8,48.0,230.0,47.8,50.0,11000,11000,48.0,57.6,57.6,Pylon,2.0,10.0,Appliance,Utility Solar Bat,Solar + Utility,6,53.0,361,0,0.0,Load on,0.0,Line Mode,1109600,0,00202507000200,OG-001,offgrid
4bf383bde164c21e7386d0fb6c2952f5,2026-03-30 19:14:02,00202507001060,Off Grid,00073.08,00012.29,215.3,49.9,0.0,0.0,0,0,0.0,0,0,0,215.3,49.9,9232,9221,83,230.0,47.8,48.0,230.0,47.8,50.0,11000,11000,48.0,57.6,57.6,Pylon,2.0,10.0,Appliance,Utility Solar Bat,Solar + Utility,6,53.0,350,0,0.0,Load on,0.0,Line Mode,1109600,0,00202507000200,OG-001,offgrid
78811b9beadcd64c425604d3949ef252,2026-03-30 19:19:03,00202507001060,Off Grid,00073.08,00012.29,222.8,49.9,0.0,0.0,0,0,0.0,0,0,0,222.8,49.9,6725,6707,61,230.0,47.8,48.0,230.0,47.8,50.0,11000,11000,48.0,57.6,57.6,Pylon,2.0,10.0,Appliance,Utility Solar Bat,Solar + Utility,6,53.0,350,0,0.0,Load on,0.0,Line Mode,1109600,0,00202507000200,OG-001,offgrid
4f7590450aa6feb74906531c7508d380,2026-03-30 19:24:02,00202507001060,Off Grid,00073.08,00012.29,220.4,49.9,0.0,0.0,0,0,0.0,0,0,0,220.4,49.9,6747,6731,61,230.0,47.8,48.0,230.0,47.8,50.0,11000,11000,48.0,57.6,57.6,Pylon,2.0,10.0,Appliance,Utility Solar Bat,Solar + Utility,6,53.0,344,0,0.0,Load on,0.0,Line Mode,1109600,0,00202507000200,OG-001,offgrid
3355cdbb423378596946b3291ae2f4d1,2026-03-30 19:29:04,00202507001060,Off Grid,00073.08,00012.29,220.6,49.9,77.5,0.0,0,0,0.0,0,0,0,220.6,49.9,6618,6595,60,230.0,47.8,48.0,230.0,47.8,50.0,11000,11000,48.0,57.6,57.6,Pylon,2.0,10.0,Appliance,Utility Solar Bat,Solar + Utility,6,53.0,350,0,0.0,Load on,0.0,Line Mode,1109600,0,00202507000200,OG-001,offgrid
5af30bf5fc1bb3d04b8dfc5fe9390105,2026-03-30 19:34:03,00202507001060,Off Grid,00073.08,00012.29,220.4,49.9,0.0,70.6,0,0,0.0,0,0,0,220.4,49.9,6573,6544,59,230.0,47.8,48.0,230.0,47.8,50.0,11000,11000,48.0,57.6,57.6,Pylon,2.0,10.0,Appliance,Utility Solar Bat,Solar + Utility,6,53.0,350,0,0.0,Load on,0.0,Line Mode,1109600,0,00202507000200,OG-001,offgrid
5fd6ecf395d1ddf838ff329086ab5cfc,2026-03-30 19:39:02,00202507001060,Off Grid,00073.08,00012.29,220.0,50.0,0.0,0.0,0,0,0.0,0,0,0,220.0,50.0,6548,6548,59,230.0,47.8,48.0,230.0,47.8,50.0,11000,11000,48.0,57.6,57.6,Pylon,2.0,10.0,Appliance,Utility Solar Bat,Solar + Utility,6,53.0,350,0,0.0,Load on,0.0,Line Mode,1109600,0,00202507000200,OG-001,offgrid
3215432c6ec4758b4c423fef0699fb75,2026-03-30 19:44:02,00202507001060,Off Grid,00073.08,00012.29,219.6,49.9,0.0,0.0,0,0,0.0,0,0,0,219.6,49.9,6566,6562,59,230.0,47.8,48.0,230.0,47.8,50.0,11000,11000,48.0,57.6,57.6,Pylon,2.0,10.0,Appliance,Utility Solar Bat,Solar + Utility,6,53.0,350,0,0.0,Load on,0.0,Line Mode,1109600,0,00202507000200,OG-001,offgrid
6e73c51cb7dfc7755e30c32cdd430180,2026-03-30 19:49:02,00202507001060,Off Grid,00073.08,00012.29,218.3,49.9,0.0,0.0,0,0,0.0,0,0,0,218.3,49.9,6726,6662,61,230.0,47.8,48.0,230.0,47.8,50.0,11000,11000,48.0,57.6,57.6,Pylon,2.0,10.0,Appliance,Utility Solar Bat,Solar + Utility,6,53.0,350,0,0.0,Load on,0.0,Line Mode,1109600,0,00202507000200,OG-001,offgrid
22669d74271d5cbb48e551e68aecb8df,2026-03-30 19:54:01,00202507001060,Off Grid,00073.08,00012.29,220.7,50.0,0.0,0.0,0,0,0.0,0,0,0,220.7,50.0,6690,6677,60,230.0,47.8,48.0,230.0,47.8,50.0,11000,11000,48.0,57.6,57.6,Pylon,2.0,10.0,Appliance,Utility Solar Bat,Solar + Utility,6,53.0,350,0,0.0,Load on,0.0,Line Mode,1109600,0,00202507000200,OG-001,offgrid
0adece696dd58139209dec45a4783500,2026-03-30 19:59:00,00202507001060,Off Grid,00073.08,00012.29,223.8,49.9,0.0,0.0,0,0,0.0,0,0,0,223.8,49.9,5796,5747,52,230.0,47.8,48.0,230.0,47.8,50.0,11000,11000,48.0,57.6,57.6,Pylon,2.0,10.0,Appliance,Utility Solar Bat,Solar + Utility,6,53.0,352,0,0.0,Load on,0.0,Line Mode,1109600,0,00202507000200,OG-001,offgrid
44ed65007265b2731c1dcfdfcd03db73,2026-03-30 20:03:59,00202507001060,Off Grid,00073.08,00012.29,215.4,49.9,0.0,0.0,0,0,0.0,0,0,0,215.4,49.9,8012,7970,72,230.0,47.8,48.0,230.0,47.8,50.0,11000,11000,48.0,57.6,57.6,Pylon,2.0,10.0,Appliance,Utility Solar Bat,Solar + Utility,6,53.0,349,0,0.0,Load on,0.0,Line Mode,1109600,0,00202507000200,OG-001,offgrid
7035542219043b33036657009ab0b625,2026-03-30 20:09:00,00202507001060,Off Grid,00073.08,00012.29,238.7,50.0,0.0,0.0,0,0,0.0,0,0,0,238.7,50.0,811,606,7,230.0,47.8,48.0,230.0,47.8,50.0,11000,11000,48.0,57.6,57.6,Pylon,2.0,10.0,Appliance,Utility Solar Bat,Solar + Utility,6,53.0,374,0,0.0,Load on,0.0,Line Mode,1109600,0,00202507000200,OG-001,offgrid
2979c1038f42ab9277b2fb5cdb4b4a99,2026-03-30 20:13:58,00202507001060,Off Grid,00073.08,00012.29,238.4,49.9,0.0,0.0,0,0,0.0,0,0,0,238.4,49.9,810,597,7,230.0,47.8,48.0,230.0,47.8,50.0,11000,11000,48.0,57.6,57.6,Pylon,2.0,10.0,Appliance,Utility Solar Bat,Solar + Utility,6,53.0,373,0,0.0,Load on,0.0,Line Mode,1109600,0,00202507000200,OG-001,offgrid
5bb003836c49ff7f69376130d3a9e5c9,2026-03-30 20:18:59,00202507001060,Off Grid,00073.08,00012.29,232.1,49.9,0.0,0.0,0,0,0.0,0,0,0,232.1,49.9,3411,3273,31,230.0,47.8,48.0,230.0,47.8,50.0,11000,11000,48.0,57.6,57.6,Pylon,2.0,10.0,Appliance,Utility Solar Bat,Solar + Utility,6,53.0,364,0,0.0,Load on,0.0,Line Mode,1109600,0,00202507000200,OG-001,offgrid
7aa7f494efd515965a6676cc7a1e0ee7,2026-03-30 20:23:59,00202507001060,Off Grid,00073.08,00012.29,224.2,49.9,0.0,0.0,0,0,0.0,0,0,0,224.2,49.9,5669,5566,51,230.0,47.8,48.0,230.0,47.8,50.0,11000,11000,48.0,57.6,57.6,Pylon,2.0,10.0,Appliance,Utility Solar Bat,Solar + Utility,6,53.0,352,0,0.0,Load on,0.0,Line Mode,1109600,0,00202507000200,OG-001,offgrid
077484cb472de7cc084513420d7662d0,2026-03-30 20:28:59,00202507001060,Off Grid,00073.08,00012.29,221.8,49.9,0.0,0.0,0,0,0.0,0,0,0,221.8,49.9,5944,5916,54,230.0,47.8,48.0,230.0,47.8,50.0,11000,11000,48.0,57.6,57.6,Pylon,2.0,10.0,Appliance,Utility Solar Bat,Solar + Utility,6,53.0,350,0,0.0,Load on,0.0,Line Mode,1109600,0,00202507000200,OG-001,offgrid
519f1c2c3d0282317244189f56b901d7,2026-03-30 20:33:54,00202507001060,Off Grid,00073.08,00012.29,221.9,49.9,0.0,0.0,0,0,0.0,0,0,0,221.9,49.9,5969,5881,54,230.0,47.8,48.0,230.0,47.8,50.0,11000,11000,48.0,57.6,57.6,Pylon,2.0,10.0,Appliance,Utility Solar Bat,Solar + Utility,6,53.0,350,0,0.0,Load on,0.0,Line Mode,1109600,0,00202507000200,OG-001,offgrid
6a42db07e60617e760fb26b11c49fa1e,2026-03-30 20:38:52,00202507001060,Off Grid,00073.08,00012.29,223.8,49.9,0.0,0.0,0,0,0.0,0,0,0,223.8,49.9,5930,5876,53,230.0,47.8,48.0,230.0,47.8,50.0,11000,11000,48.0,57.6,57.6,Pylon,2.0,10.0,Appliance,Utility Solar Bat,Solar + Utility,6,53.0,352,0,0.0,Load on,0.0,Line Mode,1109600,0,00202507000200,OG-001,offgrid
32633bd1af5787265b8fe0ca57ddb155,2026-03-30 20:43:50,00202507001060,Off Grid,00073.08,00012.29,222.9,49.9,0.0,0.0,0,0,0.0,0,0,0,222.9,49.9,5817,5757,52,230.0,47.8,48.0,230.0,47.8,50.0,11000,11000,48.0,57.6,57.6,Pylon,2.0,10.0,Appliance,Utility Solar Bat,Solar + Utility,6,53.0,350,0,0.0,Load on,0.0,Line Mode,1109600,0,00202507000200,OG-001,offgrid
41faec8cfa7face02b469b17bce6b639,2026-03-30 21:03:57,00202507001060,Off Grid,00073.08,00012.29,230.1,50.0,0.0,0.0,0,0,0.0,0,0,0,230.1,50.0,4439,4344,40,230.0,47.8,48.0,230.0,47.8,50.0,11000,11000,48.0,57.6,57.6,Pylon,2.0,10.0,Appliance,Utility Solar Bat,Solar + Utility,6,53.0,361,0,0.0,Load on,0.0,Line Mode,1109600,0,00202507000200,OG-001,offgrid
5a76cc6e8e12641e019114888978878c,2026-03-30 21:33:57,00202507001060,Off Grid,00073.08,00012.29,234.5,50.0,0.0,0.0,0,0,0.0,0,0,0,234.5,50.0,4222,4064,38,230.0,47.8,48.0,230.0,47.8,50.0,11000,11000,48.0,57.6,57.6,Pylon,2.0,10.0,Appliance,Utility Solar Bat,Solar + Utility,6,53.0,368,0,0.0,Load on,0.0,Line Mode,1109600,0,00202507000200,OG-001,offgrid
6624a5996de1b6b852ef45f904077bde,2026-03-30 22:24:03,00202507001060,Off Grid,00073.08,00012.29,228.3,50.0,0.0,0.0,0,0,0.0,0,0,0,228.3,50.0,6849,6781,62,230.0,47.8,48.0,230.0,47.8,50.0,11000,11000,48.0,57.6,57.6,Pylon,2.0,10.0,Appliance,Utility Solar Bat,Solar + Utility,6,53.0,359,0,0.0,Load on,0.0,Line Mode,1109600,0,00202507000200,OG-001,offgrid
2ea94bf403df42cc4f3152b497498f9e,2026-03-30 22:59:01,00202507001060,Off Grid,00073.08,00012.29,231.8,50.0,0.0,0.0,0,0,0.0,0,0,0,231.8,50.0,5053,4943,45,230.0,47.8,48.0,230.0,47.8,50.0,11000,11000,48.0,57.6,57.6,Pylon,2.0,10.0,Appliance,Utility Solar Bat,Solar + Utility,6,53.0,364,0,0.0,Load on,0.0,Line Mode,1109600,0,00202507000200,OG-001,offgrid
05ffeae0dc0fe36b12b9a71be2c64be4,2026-03-30 23:44:02,00202507001060,Off Grid,00073.08,00012.29,225.0,50.0,0.0,0.0,0,0,0.0,0,0,0,225.0,50.0,7444,7443,67,230.0,47.8,48.0,230.0,47.8,50.0,11000,11000,48.0,57.6,57.6,Pylon,2.0,10.0,Appliance,Utility Solar Bat,Solar + Utility,6,53.0,354,0,0.0,Load on,0.0,Line Mode,1109600,0,00202507000200,OG-001,offgrid
6fb4006fa9023a0769c09e03b633e19f,2026-03-31 00:44:06,00202507001060,Off Grid,00073.08,00012.29,238.7,49.9,0.0,0.0,0,0,0.0,0,0,0,238.7,49.9,4057,3945,36,230.0,47.8,48.0,230.0,47.8,50.0,11000,11000,48.0,57.6,57.6,Pylon,2.0,10.0,Appliance,Utility Solar Bat,Solar + Utility,6,53.0,374,0,0.0,Load on,0.0,Line Mode,1109600,0,00202507000200,OG-001,offgrid
3e3d2b4df46df30f10e0976931f02213,2026-03-31 01:19:11,00202507001060,Off Grid,00073.08,00012.29,235.8,50.0,0.0,0.0,0,0,0.0,0,0,0,235.8,50.0,4485,4374,40,230.0,47.8,48.0,230.0,47.8,50.0,11000,11000,48.0,57.6,57.6,Pylon,2.0,10.0,Appliance,Utility Solar Bat,Solar + Utility,6,53.0,370,0,0.0,Load on,0.0,Line Mode,1109600,0,00202507000200,OG-001,offgrid
0f1eca656440a11641cddb21ff00d3b8,2026-03-31 01:59:17,00202507001060,Off Grid,00073.08,00012.29,236.7,49.9,0.0,0.0,0,0,0.0,0,0,0,236.7,49.9,4591,4464,41,230.0,47.8,48.0,230.0,47.8,50.0,11000,11000,48.0,57.6,57.6,Pylon,2.0,10.0,Appliance,Utility Solar Bat,Solar + Utility,6,53.0,371,0,0.0,Load on,0.0,Line Mode,1109600,0,00202507000200,OG-001,offgrid
776636e445fddfdc5775e1e78d4124bf,2026-03-31 02:29:15,00202507001060,Off Grid,00073.08,00012.29,236.1,49.9,0.0,0.0,0,0,0.0,0,0,0,236.1,49.9,5005,4912,45,230.0,47.8,48.0,230.0,47.8,50.0,11000,11000,48.0,57.6,57.6,Pylon,2.0,10.0,Appliance,Utility Solar Bat,Solar + Utility,6,53.0,370,0,0.0,Load on,0.0,Line Mode,1109600,0,00202507000200,OG-001,offgrid
3d7971725ce1fafb22a3a6658a288936,2026-03-31 03:04:17,00202507001060,Off Grid,00073.08,00012.29,237.6,50.0,0.0,0.0,0,0,0.0,0,0,0,237.6,50.0,5179,5082,47,230.0,47.8,48.0,230.0,47.8,50.0,11000,11000,48.0,57.6,57.6,Pylon,2.0,10.0,Appliance,Utility Solar Bat,Solar + Utility,6,53.0,372,0,0.0,Load on,0.0,Line Mode,1109600,0,00202507000200,OG-001,offgrid
60f1e7baa82c3f011698e749345e9d82,2026-03-31 03:29:23,00202507001060,Off Grid,00073.08,00012.29,239.9,49.9,0.0,0.0,0,0,0.0,0,0,0,239.9,49.9,4146,4107,37,230.0,47.8,48.0,230.0,47.8,50.0,11000,11000,48.0,57.6,57.6,Pylon,2.0,10.0,Appliance,Utility Solar Bat,Solar + Utility,6,53.0,376,0,0.0,Load on,0.0,Line Mode,1109600,0,00202507000200,OG-001,offgrid
3931eab60db6115b4fc762dcdbe41b02,2026-03-31 03:59:21,00202507001060,Off Grid,00073.08,00012.29,239.7,49.9,0.0,0.0,0,0,0.0,0,0,0,239.7,49.9,4290,4167,39,230.0,47.8,48.0,230.0,47.8,50.0,11000,11000,48.0,57.6,57.6,Pylon,2.0,10.0,Appliance,Utility Solar Bat,Solar + Utility,6,53.0,375,0,0.0,Load on,0.0,Line Mode,1109600,0,00202507000200,OG-001,offgrid
3b683e7844071c896c6f3b65236fa20e,2026-03-31 05:04:14,00202507001060,Off Grid,00073.08,00012.29,239.6,49.9,0.0,0.0,0,0,0.0,0,0,0,239.6,49.9,3879,3715,35,230.0,47.8,48.0,230.0,47.8,50.0,11000,11000,48.0,57.6,57.6,Pylon,2.0,10.0,Appliance,Utility Solar Bat,Solar + Utility,6,53.0,375,0,0.0,Load on,0.0,Line Mode,1109600,0,00202507000200,OG-001,offgrid
4f902444bd7c4be601cb03366a407956,2026-03-31 05:34:11,00202507001060,Off Grid,00073.08,00012.29,236.8,49.9,0.0,0.0,0,0,0.0,0,0,0,236.8,49.9,4402,4336,40,230.0,47.8,48.0,230.0,47.8,50.0,11000,11000,48.0,57.6,57.6,Pylon,2.0,10.0,Appliance,Utility Solar Bat,Solar + Utility,6,53.0,371,0,0.0,Load on,0.0,Line Mode,1109600,0,00202507000200,OG-001,offgrid
23151bcdc53062e0774c6519e892ef01,2026-03-31 06:19:04,00202507001060,Off Grid,00073.08,00012.29,238.2,49.9,0.0,81.2,0,0,0.0,0,0,0,238.2,49.9,1453,1369,13,230.0,47.8,48.0,230.0,47.8,50.0,11000,11000,48.0,57.6,57.6,Pylon,2.0,10.0,Appliance,Utility Solar Bat,Solar + Utility,6,53.0,373,0,0.0,Load on,0.0,Line Mode,1109600,0,00202507000200,OG-001,offgrid
468ae71bbf9b519d743a0d8e8f518f3f,2026-03-31 07:09:05,00202507001060,Off Grid,00073.08,00012.29,237.6,49.9,90.0,90.9,37,57,0.0,0,0,0,237.6,49.9,3112,3075,28,230.0,47.8,48.0,230.0,47.8,50.0,11000,11000,48.0,57.6,57.6,Pylon,2.0,10.0,Appliance,Utility Solar Bat,Solar + Utility,6,53.0,372,0,0.0,Load on,0.6,Line Mode,1109600,0,00202507000200,OG-001,offgrid
4c82bada47b3610a7ffd6cce37eb5f18,2026-03-31 07:33:16,00202507001060,Off Grid,00073.08,00012.29,245.4,50.0,440.3,441.6,75,128,0.0,0,0,0,245.4,50.0,662,324,6,230.0,47.8,48.0,230.0,47.8,50.0,11000,11000,48.0,57.6,57.6,Pylon,2.0,10.0,Appliance,Utility Solar Bat,Solar + Utility,6,53.0,470,0,0.0,Load on,0.2,Line Mode,1109700,0,00202507000200,OG-001,offgrid
336cfa0ebede79b3255f85f72364c2ff,2026-03-31 07:38:16,00202507001060,Off Grid,00073.08,00012.29,244.0,50.0,437.5,440.9,130,177,0.0,0,0,0,244.0,50.0,683,454,6,230.0,47.8,48.0,230.0,47.8,50.0,11000,11000,48.0,57.6,57.6,Pylon,2.0,10.0,Appliance,Utility Solar Bat,Solar + Utility,6,53.0,470,0,0.0,Load on,0.4,Line Mode,1109700,0,00202507000200,OG-001,offgrid
7cddd9ab7019b0946f6f87617aced6e0,2026-03-31 08:08:03,00202507001060,Off Grid,00073.08,00012.29,247.6,50.1,413.3,453.7,427,98,0.0,0,0,0,247.6,50.1,767,666,6,230.0,47.8,48.0,230.0,47.8,50.0,11000,11000,48.0,57.6,57.6,Pylon,2.0,10.0,Appliance,Utility Solar Bat,Solar + Utility,6,53.0,470,1,0.0,Load on,0.2,Line Mode,1109700,0,00202507000200,OG-001,offgrid
056592c42b0a9c671a1c163e33ac9307,2026-03-31 08:27:55,00202507001060,Off Grid,00073.08,00012.29,244.6,50.1,442.9,418.8,287,556,0.0,0,0,0,244.6,50.1,1198,1016,10,230.0,47.8,48.0,230.0,47.8,50.0,11000,11000,48.0,57.6,57.6,Pylon,2.0,10.0,Appliance,Utility Solar Bat,Solar + Utility,6,53.0,470,0,0.0,Load on,1.3,Line Mode,1110000,0,00202507000200,OG-001,offgrid
6c049d123a33f2ba3c784b0e69904bdc,2026-03-31 08:32:55,00202507001060,Off Grid,00073.08,00012.29,247.1,50.1,412.0,321.8,1250,1159,0.0,0,0,0,247.1,50.1,2746,2684,24,230.0,47.8,48.0,230.0,47.8,50.0,11000,11000,48.0,57.6,57.6,Pylon,2.0,10.0,Appliance,Utility Solar Bat,Solar + Utility,6,53.0,442,3,0.0,Load on,3.6,Line Mode,1110000,0,00202507000200,OG-001,offgrid
7eedc030309072992f3d65a3f0bf7a26,2026-03-31 09:07:34,00202507001060,Off Grid,00073.08,00012.29,244.9,50.0,453.7,457.9,523,137,0.0,0,0,0,244.9,50.0,857,788,7,230.0,47.8,48.0,230.0,47.8,50.0,11000,11000,48.0,57.6,57.6,Pylon,2.0,10.0,Appliance,Utility Solar Bat,Solar + Utility,6,53.0,470,1,0.0,Load on,0.2,Line Mode,1110000,0,00202507000200,OG-001,offgrid
6525936ddcb450e308ae1de47f5c798a,2026-03-31 09:51:27,00202507001060,Off Grid,00073.08,00012.29,247.1,50.0,450.1,455.0,621,344,0.0,0,0,0,247.1,50.0,1235,1170,11,230.0,47.8,48.0,230.0,47.8,50.0,11000,11000,48.0,57.6,57.6,Pylon,2.0,10.0,Appliance,Utility Solar Bat,Solar + Utility,6,53.0,470,1,0.0,Load on,0.7,Line Mode,1111200,0,00202507000200,OG-001,offgrid
1640b6247144757759e9cef6ede9ab87,2026-03-31 09:56:19,00202507001060,Off Grid,00073.08,00012.29,249.2,50.0,451.9,456.0,586,283,0.0,0,0,0,249.2,50.0,1196,1074,10,230.0,47.8,48.0,230.0,47.8,50.0,11000,11000,48.0,57.6,57.6,Pylon,2.0,10.0,Appliance,Utility Solar Bat,Solar + Utility,6,53.0,470,1,0.0,Load on,0.6,Line Mode,1111200,0,00202507000200,OG-001,offgrid
0f7707ea539c31a640214dba44b28db8,2026-03-31 10:01:10,00202507001060,Off Grid,00073.08,00012.29,249.2,50.0,454.1,457.3,580,294,0.0,0,0,0,249.2,50.0,1170,1075,10,230.0,47.8,48.0,230.0,47.8,50.0,11000,11000,48.0,57.6,57.6,Pylon,2.0,10.0,Appliance,Utility Solar Bat,Solar + Utility,6,53.0,470,1,0.0,Load on,0.6,Line Mode,1111200,0,00202507000200,OG-001,offgrid
629f5ff59c738bd53659a856be58312f,2026-03-31 10:06:01,00202507001060,Off Grid,00073.08,00012.29,249.1,50.0,428.7,427.2,2332,2070,0.0,0,0,0,249.1,50.0,4907,4790,44,230.0,47.8,48.0,230.0,47.8,50.0,11000,11000,48.0,57.6,57.6,Pylon,2.0,10.0,Appliance,Utility Solar Bat,Solar + Utility,6,53.0,459,5,0.0,Load on,4.8,Line Mode,1111200,0,00202507000200,OG-001,offgrid
64a3e7f4f68e42a410eeddb6e275ab7a,2026-03-31 10:10:55,00202507001060,Off Grid,00073.08,00012.29,250.0,50.0,427.9,419.5,2482,2279,0.0,0,0,0,250.0,50.0,5275,5174,47,230.0,47.8,48.0,230.0,47.8,50.0,11000,11000,48.0,57.6,57.6,Pylon,2.0,10.0,Appliance,Utility Solar Bat,Solar + Utility,6,53.0,458,5,0.0,Load on,5.4,Line Mode,1111200,0,00202507000200,OG-001,offgrid
1d0134cf1d6db99b63157f0139de7a3f,2026-03-31 10:15:47,00202507001060,Off Grid,00073.08,00012.29,248.8,50.0,410.4,409.4,3192,2853,0.0,0,0,0,248.8,50.0,6543,6538,59,230.0,47.8,48.0,230.0,47.8,50.0,11000,11000,48.0,57.6,57.6,Pylon,2.0,10.0,Appliance,Utility Solar Bat,Solar + Utility,6,53.0,440,7,0.0,Load on,6.9,Line Mode,1112600,0,00202507000200,OG-001,offgrid
01014219f32a2dfb3c09b8e3df0461df,2026-03-31 10:20:39,00202507001060,Off Grid,00073.08,00012.29,248.1,50.0,408.9,401.4,3325,3007,0.0,0,0,0,248.1,50.0,6946,6924,63,230.0,47.8,48.0,230.0,47.8,50.0,11000,11000,48.0,57.6,57.6,Pylon,2.0,10.0,Appliance,Utility Solar Bat,Solar + Utility,6,53.0,439,8,0.0,Load on,7.4,Line Mode,1112600,0,00202507000200,OG-001,offgrid
10f1c5d01f7cde033fb389a902c155b0,2026-03-31 10:30:26,00202507001060,Off Grid,00073.08,00012.29,247.9,50.0,412.9,402.6,3212,3005,0.0,0,0,0,247.9,50.0,6817,6711,61,230.0,47.8,48.0,230.0,47.8,50.0,11000,11000,48.0,57.6,57.6,Pylon,2.0,10.0,Appliance,Utility Solar Bat,Solar + Utility,6,53.0,443,7,0.0,Load on,7.4,Line Mode,1112600,0,00202507000200,OG-001,offgrid
6c567e47c1d817f523562a06652a1f31,2026-03-31 10:35:19,00202507001060,Off Grid,00073.08,00012.29,249.6,50.0,414.7,403.8,3188,3008,0.0,0,0,0,249.6,50.0,6814,6706,61,230.0,47.8,48.0,230.0,47.8,50.0,11000,11000,48.0,57.6,57.6,Pylon,2.0,10.0,Appliance,Utility Solar Bat,Solar + Utility,6,53.0,445,7,0.0,Load on,7.4,Line Mode,1112600,0,00202507000200,OG-001,offgrid
2c01e0e09d468e815ffc3eba3f932d50,2026-03-31 10:40:11,00202507001060,Off Grid,00073.08,00012.29,249.0,50.0,409.7,399.4,3508,3277,0.0,0,0,0,249.0,50.0,7370,7314,67,230.0,47.8,48.0,230.0,47.8,50.0,11000,11000,48.0,57.6,57.6,Pylon,2.0,10.0,Appliance,Utility Solar Bat,Solar + Utility,6,53.0,439,8,0.0,Load on,8.2,Line Mode,1112600,0,00202507000200,OG-001,offgrid
4d9b2168698439f663bfd60f9844d8d1,2026-03-31 10:45:01,00202507001060,Off Grid,00073.08,00012.29,238.4,50.1,139.8,214.5,1560,2342,0.0,0,0,0,238.4,50.1,7996,7996,72,230.0,47.8,48.0,230.0,47.8,50.0,11000,11000,48.0,57.6,57.6,Pylon,2.0,10.0,Appliance,Utility Solar Bat,Solar + Utility,6,53.0,373,11,0.0,Load on,10.9,Line Mode,1112600,0,00202507000200,OG-001,offgrid
474149339e8772eb14a120bf174dd677,2026-03-31 10:49:54,00202507001060,Off Grid,00073.08,00012.29,248.7,50.0,369.2,366.7,3925,3929,0.0,0,0,0,248.7,50.0,8480,8462,77,230.0,47.8,48.0,230.0,47.8,50.0,11000,11000,48.0,57.6,57.6,Pylon,2.0,10.0,Appliance,Utility Solar Bat,Solar + Utility,6,53.0,389,10,0.0,Load on,10.7,Line Mode,1112600,0,00202507000200,OG-001,offgrid
216b689d346542037fbbd0bd5bede276,2026-03-31 10:54:48,00202507001060,Off Grid,00073.08,00012.29,248.5,50.0,414.7,404.5,3444,3496,0.0,0,0,0,248.5,50.0,7479,7457,67,230.0,47.8,48.0,230.0,47.8,50.0,11000,11000,48.0,57.6,57.6,Pylon,2.0,10.0,Appliance,Utility Solar Bat,Solar + Utility,6,53.0,444,8,0.0,Load on,8.6,Line Mode,1112600,0,00202507000200,OG-001,offgrid
39bd6da12a317bb03e75e8879f305526,2026-03-31 10:59:41,00202507001060,Off Grid,00073.08,00012.29,248.6,50.1,429.1,431.0,2874,2708,0.0,0,0,0,248.6,50.1,6016,5990,54,230.0,47.8,48.0,230.0,47.8,50.0,11000,11000,48.0,57.6,57.6,Pylon,2.0,10.0,Appliance,Utility Solar Bat,Solar + Utility,6,53.0,460,6,0.0,Load on,6.2,Line Mode,1112600,0,00202507000200,OG-001,offgrid
5be18e1c9d0998cd29f745517c2ea82d,2026-03-31 11:04:33,00202507001060,Off Grid,00073.08,00012.29,250.6,50.0,402.6,402.3,3991,3923,0.0,0,0,0,250.6,50.0,8545,8508,77,230.0,47.8,48.0,230.0,47.8,50.0,11000,11000,48.0,57.6,57.6,Pylon,2.0,10.0,Appliance,Utility Solar Bat,Solar + Utility,6,53.0,433,9,0.0,Load on,9.7,Line Mode,1112600,0,00202507000200,OG-001,offgrid
6d216c09c17dd6a949b7489bfa768ea6,2026-03-31 11:14:22,00202507001060,Off Grid,00073.08,00012.29,250.8,50.0,426.3,423.4,2836,3125,0.0,0,0,0,250.8,50.0,6495,6379,59,230.0,47.8,48.0,230.0,47.8,50.0,11000,11000,48.0,57.6,57.6,Pylon,2.0,10.0,Appliance,Utility Solar Bat,Solar + Utility,6,53.0,456,6,0.0,Load on,7.3,Line Mode,1118800,0,00202507000200,OG-001,offgrid
627f747e26b511855f157ea76fe2f1a4,2026-03-31 11:19:15,00202507001060,Off Grid,00073.08,00012.29,250.6,50.0,440.7,439.0,1796,2130,0.0,0,0,0,250.6,50.0,4383,4303,39,230.0,47.8,48.0,230.0,47.8,50.0,11000,11000,48.0,57.6,57.6,Pylon,2.0,10.0,Appliance,Utility Solar Bat,Solar + Utility,6,53.0,470,4,0.0,Load on,4.8,Line Mode,1118800,0,00202507000200,OG-001,offgrid
3a9f1cabc732850d669a713438549fe8,2026-03-31 11:24:07,00202507001060,Off Grid,00073.08,00012.29,252.2,49.9,429.4,425.7,2653,3024,0.0,0,0,0,252.2,49.9,6305,6243,57,230.0,47.8,48.0,230.0,47.8,50.0,11000,11000,48.0,57.6,57.6,Pylon,2.0,10.0,Appliance,Utility Solar Bat,Solar + Utility,6,53.0,459,6,0.0,Load on,7.1,Line Mode,1118800,0,00202507000200,OG-001,offgrid
5ecf83a5d211118b160529faea743082,2026-03-31 11:28:59,00202507001060,Off Grid,00073.08,00012.29,251.1,50.0,447.9,438.1,1115,2443,0.0,0,0,0,251.1,50.0,3992,3918,36,230.0,47.8,48.0,230.0,47.8,50.0,11000,11000,48.0,57.6,57.6,Pylon,2.0,10.0,Appliance,Utility Solar Bat,Solar + Utility,6,53.0,470,2,0.0,Load on,5.5,Line Mode,1118800,0,00202507000200,OG-001,offgrid
52425eb9e7de21b040bab3890f7b02b7,2026-03-31 14:14:51,00202507001060,Off Grid,00073.08,00012.29,251.5,49.9,444.7,447.8,248,229,0.0,0,0,0,251.5,49.9,754,634,6,230.0,47.8,48.0,230.0,47.8,50.0,11000,11000,48.0,57.6,57.6,Pylon,2.0,10.0,Appliance,Utility Solar Bat,Solar + Utility,6,53.0,470,0,0.0,Load on,0.5,Line Mode,1124700,0,00202507000200,OG-001,offgrid
777eac3c473cfcc74065c24e04e7b210,2026-03-31 16:16:53,00202507001060,Off Grid,00073.08,00012.29,243.7,50.1,380.4,379.1,834,876,0.0,0,0,0,243.7,50.1,3119,3080,28,230.0,47.8,48.0,230.0,47.8,50.0,11000,11000,48.0,57.6,57.6,Pylon,2.0,10.0,Appliance,Utility Solar Bat,Solar + Utility,6,53.0,390,2,0.0,Load on,2.3,Line Mode,1128100,0,00202507000200,OG-001,offgrid
494dc4e715ba38c04fa0dc8a84b6f810,2026-03-31 16:46:08,00202507001060,Off Grid,00073.08,00012.29,240.1,50.0,379.6,378.2,441,484,0.0,0,0,0,240.1,50.0,1992,1982,18,230.0,47.8,48.0,230.0,47.8,50.0,11000,11000,48.0,57.6,57.6,Pylon,2.0,10.0,Appliance,Utility Solar Bat,Solar + Utility,6,53.0,389,1,0.0,Load on,1.2,Line Mode,1128100,0,00202507000200,OG-001,offgrid
3fdef68c9487d513526f5af2eae9f4bd,2026-03-31 16:51:01,00202507001060,Off Grid,00073.08,00012.29,240.6,50.0,369.9,377.0,357,336,0.0,0,0,0,240.6,50.0,1924,1896,17,230.0,47.8,48.0,230.0,47.8,50.0,11000,11000,48.0,57.6,57.6,Pylon,2.0,10.0,Appliance,Utility Solar Bat,Solar + Utility,6,53.0,389,0,0.0,Load on,0.8,Line Mode,1128100,0,00202507000200,OG-001,offgrid
23606cb211a66d73120a8935c2f18eb9,2026-03-31 16:55:54,00202507001060,Off Grid,00073.08,00012.29,241.3,49.9,368.0,365.4,287,330,0.0,0,0,0,241.3,49.9,1906,1883,17,230.0,47.8,48.0,230.0,47.8,50.0,11000,11000,48.0,57.6,57.6,Pylon,2.0,10.0,Appliance,Utility Solar Bat,Solar + Utility,6,53.0,378,0,0.0,Load on,0.9,Line Mode,1128100,0,00202507000200,OG-001,offgrid
04cc002d52a8f04b213567d5b2d14ba8,2026-03-31 17:00:49,00202507001060,Off Grid,00073.08,00012.29,240.5,49.9,372.3,368.5,262,307,0.0,0,0,0,240.5,49.9,1924,1894,17,230.0,47.8,48.0,230.0,47.8,50.0,11000,11000,48.0,57.6,57.6,Pylon,2.0,10.0,Appliance,Utility Solar Bat,Solar + Utility,6,53.0,382,0,0.0,Load on,0.8,Line Mode,1128100,0,00202507000200,OG-001,offgrid
24bf9b3d67fc7aac712fb0680549f39e,2026-03-31 17:05:40,00202507001060,Off Grid,00073.08,00012.29,236.6,49.8,361.2,358.9,235,276,0.0,0,0,0,236.6,49.8,2865,2823,26,230.0,47.8,48.0,230.0,47.8,50.0,11000,11000,48.0,57.6,57.6,Pylon,2.0,10.0,Appliance,Utility Solar Bat,Solar + Utility,6,53.0,371,0,0.0,Load on,0.7,Line Mode,1128100,0,00202507000200,OG-001,offgrid
4b276c13dc0efe2f372f19d095672723,2026-03-31 17:10:33,00202507001060,Off Grid,00073.08,00012.29,239.2,49.8,367.6,359.9,216,258,0.0,0,0,0,239.2,49.8,1984,1963,18,230.0,47.8,48.0,230.0,47.8,50.0,11000,11000,48.0,57.6,57.6,Pylon,2.0,10.0,Appliance,Utility Solar Bat,Solar + Utility,6,53.0,377,0,0.0,Load on,0.7,Line Mode,1128100,0,00202507000200,OG-001,offgrid
0bad906f52a37329016c02169b78e9de,2026-03-31 17:15:24,00202507001060,Off Grid,00073.08,00012.29,238.4,50.0,362.1,358.2,198,238,0.0,0,0,0,238.4,50.0,2002,1981,18,230.0,47.8,48.0,230.0,47.8,50.0,11000,11000,48.0,57.6,57.6,Pylon,2.0,10.0,Appliance,Utility Solar Bat,Solar + Utility,6,53.0,374,0,0.0,Load on,0.6,Line Mode,1129100,0,00202507000200,OG-001,offgrid
118ebb3b7483cdfc4b234a3807af67a3,2026-03-31 17:20:16,00202507001060,Off Grid,00073.08,00012.29,238.1,50.0,361.1,361.2,233,248,0.0,0,0,0,238.1,50.0,2002,2002,18,230.0,47.8,48.0,230.0,47.8,50.0,11000,11000,48.0,57.6,57.6,Pylon,2.0,10.0,Appliance,Utility Solar Bat,Solar + Utility,6,53.0,374,0,0.0,Load on,0.6,Line Mode,1129100,0,00202507000200,OG-001,offgrid
0f1c7f3d5e4e692b3d5e559a3df6cf23,2026-03-31 17:25:08,00202507001060,Off Grid,00073.08,00012.29,237.3,50.0,352.4,360.8,243,222,0.0,0,0,0,237.3,50.0,1992,1992,18,230.0,47.8,48.0,230.0,47.8,50.0,11000,11000,48.0,57.6,57.6,Pylon,2.0,10.0,Appliance,Utility Solar Bat,Solar + Utility,6,53.0,372,0,0.0,Load on,0.6,Line Mode,1129100,0,00202507000200,OG-001,offgrid
1a338fc12adf33ff526c4aa9b501b8cf,2026-03-31 17:30:02,00202507001060,Off Grid,00073.08,00012.29,237.6,49.9,362.4,371.4,274,252,0.0,0,0,0,237.6,49.9,2019,2000,18,230.0,47.8,48.0,230.0,47.8,50.0,11000,11000,48.0,57.6,57.6,Pylon,2.0,10.0,Appliance,Utility Solar Bat,Solar + Utility,6,53.0,382,0,0.0,Load on,0.6,Line Mode,1129100,0,00202507000200,OG-001,offgrid
4061870a2192d8e24d5546a2ec825728,2026-03-31 17:34:54,00202507001060,Off Grid,00073.08,00012.29,238.1,49.8,359.2,370.1,262,242,0.0,0,0,0,238.1,49.8,1976,1965,17,230.0,47.8,48.0,230.0,47.8,50.0,11000,11000,48.0,57.6,57.6,Pylon,2.0,10.0,Appliance,Utility Solar Bat,Solar + Utility,6,53.0,377,0,0.0,Load on,0.6,Line Mode,1129100,0,00202507000200,OG-001,offgrid
299746d592841b4d49ec7d29e9ce1abf,2026-03-31 17:39:48,00202507001060,Off Grid,00073.08,00012.29,238.2,49.9,365.7,369.8,298,286,0.0,0,0,0,238.2,49.9,1907,1888,17,230.0,47.8,48.0,230.0,47.8,50.0,11000,11000,48.0,57.6,57.6,Pylon,2.0,10.0,Appliance,Utility Solar Bat,Solar + Utility,6,53.0,381,0,0.0,Load on,0.7,Line Mode,1129100,0,00202507000200,OG-001,offgrid
328b9c19aa3bb24e71716e87f6b6f03a,2026-03-31 17:44:41,00202507001060,Off Grid,00073.08,00012.29,237.5,49.9,359.9,360.1,233,272,0.0,0,0,0,237.5,49.9,1923,1875,17,230.0,47.8,48.0,230.0,47.8,50.0,11000,11000,48.0,57.6,57.6,Pylon,2.0,10.0,Appliance,Utility Solar Bat,Solar + Utility,6,53.0,372,0,0.0,Load on,0.7,Line Mode,1129100,0,00202507000200,OG-001,offgrid
31bee817a68601db0a9662fcd7aff0a5,2026-03-31 17:49:32,00202507001060,Off Grid,00073.08,00012.29,237.7,50.0,365.8,361.1,194,237,0.0,0,0,0,237.7,50.0,1996,1984,18,230.0,47.8,48.0,230.0,47.8,50.0,11000,11000,48.0,57.6,57.6,Pylon,2.0,10.0,Appliance,Utility Solar Bat,Solar + Utility,6,53.0,376,0,0.0,Load on,0.6,Line Mode,1129100,0,00202507000200,OG-001,offgrid
09c34b7bc963752b2581b902729c2269,2026-03-31 17:54:25,00202507001060,Off Grid,00073.08,00012.29,231.0,50.0,362.1,374.9,230,207,0.0,0,0,0,231.0,50.0,4083,4083,37,230.0,47.8,48.0,230.0,47.8,50.0,11000,11000,48.0,57.6,57.6,Pylon,2.0,10.0,Appliance,Utility Solar Bat,Solar + Utility,6,53.0,384,0,0.0,Load on,0.5,Line Mode,1129100,0,00202507000200,OG-001,offgrid
0e2e1f5df602301a63d3969e9876f713,2026-03-31 17:59:19,00202507001060,Off Grid,00073.08,00012.29,241.2,50.0,265.1,273.1,144,182,0.0,0,0,0,241.2,50.0,844,692,7,230.0,47.8,48.0,230.0,47.8,50.0,11000,11000,48.0,57.6,57.6,Pylon,2.0,10.0,Appliance,Utility Solar Bat,Solar + Utility,6,53.0,378,0,0.0,Load on,0.6,Line Mode,1129100,0,00202507000200,OG-001,offgrid
56c49a10dfbfa8a00260558f04d79aff,2026-03-31 18:04:13,00202507001060,Off Grid,00073.08,00012.29,243.1,49.9,251.6,252.9,144,180,0.0,0,0,0,243.1,49.9,850,593,7,230.0,47.8,48.0,230.0,47.8,50.0,11000,11000,48.0,57.6,57.6,Pylon,2.0,10.0,Appliance,Utility Solar Bat,Solar + Utility,6,53.0,411,0,0.0,Load on,0.7,Line Mode,1129100,0,00202507000200,OG-001,offgrid
343ac3a3ca807134217eeb43a372dbaa,2026-03-31 18:09:06,00202507001060,Off Grid,00073.08,00012.29,240.5,50.0,279.4,281.5,189,229,0.0,0,0,0,240.5,50.0,1491,1480,13,230.0,47.8,48.0,230.0,47.8,50.0,11000,11000,48.0,57.6,57.6,Pylon,2.0,10.0,Appliance,Utility Solar Bat,Solar + Utility,6,53.0,402,0,0.0,Load on,0.8,Line Mode,1129100,0,00202507000200,OG-001,offgrid
3a16fb0c369763856599cc7ce6fd9833,2026-03-31 18:13:57,00202507001060,Off Grid,00073.08,00012.29,242.5,50.0,411.4,412.9,209,268,0.0,0,0,0,242.5,50.0,824,628,7,230.0,47.8,48.0,230.0,47.8,50.0,11000,11000,48.0,57.6,57.6,Pylon,2.0,10.0,Appliance,Utility Solar Bat,Solar + Utility,6,53.0,443,0,0.0,Load on,0.6,Line Mode,1129100,0,00202507000200,OG-001,offgrid
56450ebf89a64ed525f01646e224769e,2026-03-31 18:18:52,00202507001060,Off Grid,00073.08,00012.29,241.1,49.9,291.0,302.7,155,197,0.0,0,0,0,241.1,49.9,843,660,7,230.0,47.8,48.0,230.0,47.8,50.0,11000,11000,48.0,57.6,57.6,Pylon,2.0,10.0,Appliance,Utility Solar Bat,Solar + Utility,6,53.0,378,0,0.0,Load on,0.6,Line Mode,1129600,0,00202507000200,OG-001,offgrid
6ccc344e64b20113092beadc603f70bb,2026-03-31 18:23:43,00202507001060,Off Grid,00073.08,00012.29,241.4,50.0,90.0,92.4,36,49,0.0,0,0,0,241.4,50.0,869,670,7,230.0,47.8,48.0,230.0,47.8,50.0,11000,11000,48.0,57.6,57.6,Pylon,2.0,10.0,Appliance,Utility Solar Bat,Solar + Utility,6,53.0,378,0,0.0,Load on,0.5,Line Mode,1129600,0,00202507000200,OG-001,offgrid
1ea667ae500410467587ae37fa6b7b14,2026-03-31 18:28:36,00202507001060,Off Grid,00073.08,00012.29,238.8,50.0,89.9,90.0,25,40,0.0,0,0,0,238.8,50.0,883,588,8,230.0,47.8,48.0,230.0,47.8,50.0,11000,11000,48.0,57.6,57.6,Pylon,2.0,10.0,Appliance,Utility Solar Bat,Solar + Utility,6,53.0,374,0,0.0,Load on,0.4,Line Mode,1129600,0,00202507000200,OG-001,offgrid
7a2087d332732d6a016cfd837c0f24df,2026-03-31 18:33:29,00202507001060,Off Grid,00073.08,00012.29,230.7,50.0,89.9,90.0,19,33,0.0,0,0,0,230.7,50.0,3437,3393,31,230.0,47.8,48.0,230.0,47.8,50.0,11000,11000,48.0,57.6,57.6,Pylon,2.0,10.0,Appliance,Utility Solar Bat,Solar + Utility,6,53.0,362,0,0.0,Load on,0.3,Line Mode,1129600,0,00202507000200,OG-001,offgrid
44475e04f0db385e549b58298050a7a0,2026-03-31 18:43:15,00202507001060,Off Grid,00073.08,00012.29,228.0,50.0,89.9,90.0,13,26,0.0,0,0,0,228.0,50.0,5446,5370,49,230.0,47.8,48.0,230.0,47.8,50.0,11000,11000,48.0,57.6,57.6,Pylon,2.0,10.0,Appliance,Utility Solar Bat,Solar + Utility,6,53.0,358,0,0.0,Load on,0.2,Line Mode,1129600,0,00202507000200,OG-001,offgrid
4b51f37968ea33a7295da0364a191001,2026-03-31 18:48:08,00202507001060,Off Grid,00073.08,00012.29,224.2,49.9,87.5,89.9,12,19,0.0,0,0,0,224.2,49.9,5649,5604,51,230.0,47.8,48.0,230.0,47.8,50.0,11000,11000,48.0,57.6,57.6,Pylon,2.0,10.0,Appliance,Utility Solar Bat,Solar + Utility,6,53.0,352,0,0.0,Load on,0.2,Line Mode,1129600,0,00202507000200,OG-001,offgrid
71f31bd84734be19613e3b7642fe662b,2026-03-31 18:53:03,00202507001060,Off Grid,00073.08,00012.29,226.2,49.9,89.4,85.5,12,16,0.0,0,0,0,226.2,49.9,5921,5840,53,230.0,47.8,48.0,230.0,47.8,50.0,11000,11000,48.0,57.6,57.6,Pylon,2.0,10.0,Appliance,Utility Solar Bat,Solar + Utility,6,53.0,355,0,0.0,Load on,0.1,Line Mode,1129600,0,00202507000200,OG-001,offgrid
51dd852834c5d92d58ada1b1a658b823,2026-03-31 19:02:49,00202507001060,Off Grid,00073.08,00012.29,222.0,49.9,0.0,0.0,0,0,0.0,0,0,0,222.0,49.9,6859,6832,62,230.0,47.8,48.0,230.0,47.8,50.0,11000,11000,48.0,57.6,57.6,Pylon,2.0,10.0,Appliance,Utility Solar Bat,Solar + Utility,6,53.0,350,0,0.0,Load on,0.0,Line Mode,1129600,0,00202507000200,OG-001,offgrid
56b8bffa243ee29d4085a9d353d40bb0,2026-03-31 19:53:14,00202507001060,Off Grid,00073.08,00012.29,233.0,50.0,0.0,0.0,0,0,0.0,0,0,0,233.0,50.0,3214,2986,29,230.0,47.8,48.0,230.0,47.8,50.0,11000,11000,48.0,57.6,57.6,Pylon,2.0,10.0,Appliance,Utility Solar Bat,Solar + Utility,6,53.0,366,0,0.0,Load on,0.0,Line Mode,1129600,0,00202507000200,OG-001,offgrid
2e94766e234debcc186561cb861a37ce,2026-03-31 19:58:10,00202507001060,Off Grid,00073.08,00012.29,233.0,49.9,0.0,0.0,0,0,0.0,0,0,0,233.0,49.9,3215,2968,29,230.0,47.8,48.0,230.0,47.8,50.0,11000,11000,48.0,57.6,57.6,Pylon,2.0,10.0,Appliance,Utility Solar Bat,Solar + Utility,6,53.0,366,0,0.0,Load on,0.0,Line Mode,1129600,0,00202507000200,OG-001,offgrid
451da84908443b00430a5c6ebec3e519,2026-03-31 20:03:07,00202507001060,Off Grid,00073.08,00012.29,230.8,50.0,0.0,0.0,0,0,0.0,0,0,0,230.8,50.0,3232,3001,29,230.0,47.8,48.0,230.0,47.8,50.0,11000,11000,48.0,57.6,57.6,Pylon,2.0,10.0,Appliance,Utility Solar Bat,Solar + Utility,6,53.0,362,0,0.0,Load on,0.0,Line Mode,1129600,0,00202507000200,OG-001,offgrid
0aedb1d02e350e611c0ecb37ffb983ce,2026-03-31 20:08:05,00202507001060,Off Grid,00073.08,00012.29,229.6,50.0,0.0,0.0,0,0,0.0,0,0,0,229.6,50.0,3466,3266,31,230.0,47.8,48.0,230.0,47.8,50.0,11000,11000,48.0,57.6,57.6,Pylon,2.0,10.0,Appliance,Utility Solar Bat,Solar + Utility,6,53.0,360,0,0.0,Load on,0.0,Line Mode,1129600,0,00202507000200,OG-001,offgrid
49bd2418bd93cb167df7071801e6995f,2026-03-31 20:13:02,00202507001060,Off Grid,00073.08,00012.29,230.9,50.0,0.0,0.0,0,0,0.0,0,0,0,230.9,50.0,3278,3166,29,230.0,47.8,48.0,230.0,47.8,50.0,11000,11000,48.0,57.6,57.6,Pylon,2.0,10.0,Appliance,Utility Solar Bat,Solar + Utility,6,53.0,362,0,0.0,Load on,0.0,Line Mode,1129600,0,00202507000200,OG-001,offgrid
7da8d6638fd879567b36161e547d9168,2026-03-31 20:17:59,00202507001060,Off Grid,00073.08,00012.29,232.2,50.0,0.0,0.0,0,0,0.0,0,0,0,232.2,50.0,3390,3223,30,230.0,47.8,48.0,230.0,47.8,50.0,11000,11000,48.0,57.6,57.6,Pylon,2.0,10.0,Appliance,Utility Solar Bat,Solar + Utility,6,53.0,364,0,0.0,Load on,0.0,Line Mode,1129600,0,00202507000200,OG-001,offgrid
0ca8fba70e37c8366b2d22f47a14f897,2026-03-31 20:22:56,00202507001060,Off Grid,00073.08,00012.29,231.1,50.0,0.0,0.0,0,0,0.0,0,0,0,231.1,50.0,3697,3523,33,230.0,47.8,48.0,230.0,47.8,50.0,11000,11000,48.0,57.6,57.6,Pylon,2.0,10.0,Appliance,Utility Solar Bat,Solar + Utility,6,53.0,363,0,0.0,Load on,0.0,Line Mode,1129600,0,00202507000200,OG-001,offgrid
2b93b3ac06e283371c062240abf6e889,2026-03-31 20:27:55,00202507001060,Off Grid,00073.08,00012.29,231.5,50.0,0.0,0.0,0,0,0.0,0,0,0,231.5,50.0,3291,3048,29,230.0,47.8,48.0,230.0,47.8,50.0,11000,11000,48.0,57.6,57.6,Pylon,2.0,10.0,Appliance,Utility Solar Bat,Solar + Utility,6,53.0,364,0,0.0,Load on,0.0,Line Mode,1129600,0,00202507000200,OG-001,offgrid
64bcfd19a99fa03219917453b1e69350,2026-03-31 20:32:54,00202507001060,Off Grid,00073.08,00012.29,233.9,49.9,0.0,0.0,0,0,0.0,0,0,0,233.9,49.9,3274,3114,29,230.0,47.8,48.0,230.0,47.8,50.0,11000,11000,48.0,57.6,57.6,Pylon,2.0,10.0,Appliance,Utility Solar Bat,Solar + Utility,6,53.0,366,0,0.0,Load on,0.0,Line Mode,1129600,0,00202507000200,OG-001,offgrid
29c15c9351999c1924773e07979d066e,2026-03-31 20:37:52,00202507001060,Off Grid,00073.08,00012.29,231.6,50.0,0.0,0.0,0,0,0.0,0,0,0,231.6,50.0,3518,3388,31,230.0,47.8,48.0,230.0,47.8,50.0,11000,11000,48.0,57.6,57.6,Pylon,2.0,10.0,Appliance,Utility Solar Bat,Solar + Utility,6,53.0,363,0,0.0,Load on,0.0,Line Mode,1129600,0,00202507000200,OG-001,offgrid
17f8a700f69b9437235d783dbff165b0,2026-03-31 20:42:48,00202507001060,Off Grid,00073.08,00012.29,232.6,50.0,0.0,0.0,0,0,0.0,0,0,0,232.6,50.0,3395,3191,30,230.0,47.8,48.0,230.0,47.8,50.0,11000,11000,48.0,57.6,57.6,Pylon,2.0,10.0,Appliance,Utility Solar Bat,Solar + Utility,6,53.0,365,0,0.0,Load on,0.0,Line Mode,1129600,0,00202507000200,OG-001,offgrid
39dcab1041d760d860ffb8f6a47ce3f3,2026-03-31 20:47:47,00202507001060,Off Grid,00073.08,00012.29,235.5,50.0,0.0,0.0,0,0,0.0,0,0,0,235.5,50.0,3366,3147,30,230.0,47.8,48.0,230.0,47.8,50.0,11000,11000,48.0,57.6,57.6,Pylon,2.0,10.0,Appliance,Utility Solar Bat,Solar + Utility,6,53.0,369,0,0.0,Load on,0.0,Line Mode,1129600,0,00202507000200,OG-001,offgrid
659f4060b4f8f8355c745de19a0fa52c,2026-03-31 20:52:46,00202507001060,Off Grid,00073.08,00012.29,234.9,50.0,0.0,0.0,0,0,0.0,0,0,0,234.9,50.0,3453,3275,31,230.0,47.8,48.0,230.0,47.8,50.0,11000,11000,48.0,57.6,57.6,Pylon,2.0,10.0,Appliance,Utility Solar Bat,Solar + Utility,6,53.0,368,0,0.0,Load on,0.0,Line Mode,1129600,0,00202507000200,OG-001,offgrid
0580017a7cefb45b1b00a61596905d4f,2026-03-31 20:57:43,00202507001060,Off Grid,00073.08,00012.29,233.4,49.9,0.0,0.0,0,0,0.0,0,0,0,233.4,49.9,3617,3467,32,230.0,47.8,48.0,230.0,47.8,50.0,11000,11000,48.0,57.6,57.6,Pylon,2.0,10.0,Appliance,Utility Solar Bat,Solar + Utility,6,53.0,366,0,0.0,Load on,0.0,Line Mode,1129600,0,00202507000200,OG-001,offgrid
338506f24601a28d273191371c12f899,2026-03-31 21:02:39,00202507001060,Off Grid,00073.08,00012.29,234.5,50.0,0.0,0.0,0,0,0.0,0,0,0,234.5,50.0,3495,3314,31,230.0,47.8,48.0,230.0,47.8,50.0,11000,11000,48.0,57.6,57.6,Pylon,2.0,10.0,Appliance,Utility Solar Bat,Solar + Utility,6,53.0,368,0,0.0,Load on,0.0,Line Mode,1129600,0,00202507000200,OG-001,offgrid
16f51715d0d33de676d4f460c97d1f18,2026-03-31 21:07:36,00202507001060,Off Grid,00073.08,00012.29,234.1,49.9,0.0,0.0,0,0,0.0,0,0,0,234.1,49.9,3698,3587,33,230.0,47.8,48.0,230.0,47.8,50.0,11000,11000,48.0,57.6,57.6,Pylon,2.0,10.0,Appliance,Utility Solar Bat,Solar + Utility,6,53.0,367,0,0.0,Load on,0.0,Line Mode,1129600,0,00202507000200,OG-001,offgrid
0af5ea16dcdf21d74869ea6a2622c190,2026-03-31 21:12:31,00202507001060,Off Grid,00073.08,00012.29,235.2,50.0,0.0,0.0,0,0,0.0,0,0,0,235.2,50.0,3457,3308,31,230.0,47.8,48.0,230.0,47.8,50.0,11000,11000,48.0,57.6,57.6,Pylon,2.0,10.0,Appliance,Utility Solar Bat,Solar + Utility,6,53.0,369,0,0.0,Load on,0.0,Line Mode,1129600,0,00202507000200,OG-001,offgrid
10a409efb199eb2c114f67a3dae9bec3,2026-03-31 21:17:28,00202507001060,Off Grid,00073.08,00012.29,234.9,50.0,0.0,0.0,0,0,0.0,0,0,0,234.9,50.0,3267,3145,29,230.0,47.8,48.0,230.0,47.8,50.0,11000,11000,48.0,57.6,57.6,Pylon,2.0,10.0,Appliance,Utility Solar Bat,Solar + Utility,6,53.0,369,0,0.0,Load on,0.0,Line Mode,1129600,0,00202507000200,OG-001,offgrid
3034fbec1ccb755743ffdb8731fe9f49,2026-03-31 21:22:25,00202507001060,Off Grid,00073.08,00012.29,235.6,49.9,0.0,0.0,0,0,0.0,0,0,0,235.6,49.9,3321,3097,30,230.0,47.8,48.0,230.0,47.8,50.0,11000,11000,48.0,57.6,57.6,Pylon,2.0,10.0,Appliance,Utility Solar Bat,Solar + Utility,6,53.0,369,0,0.0,Load on,0.0,Line Mode,1129600,0,00202507000200,OG-001,offgrid
3f4d236e06d75cbe7d8e301b1fce9f87,2026-03-31 21:27:22,00202507001060,Off Grid,00073.08,00012.29,236.4,49.9,0.0,0.0,0,0,0.0,0,0,0,236.4,49.9,3454,3266,31,230.0,47.8,48.0,230.0,47.8,50.0,11000,11000,48.0,57.6,57.6,Pylon,2.0,10.0,Appliance,Utility Solar Bat,Solar + Utility,6,53.0,371,0,0.0,Load on,0.0,Line Mode,1129600,0,00202507000200,OG-001,offgrid
4dfcd1eb722749e74a69e46ff3b1b828,2026-03-31 21:32:22,00202507001060,Off Grid,00073.08,00012.29,236.0,50.0,0.0,0.0,0,0,0.0,0,0,0,236.0,50.0,3990,3977,36,230.0,47.8,48.0,230.0,47.8,50.0,11000,11000,48.0,57.6,57.6,Pylon,2.0,10.0,Appliance,Utility Solar Bat,Solar + Utility,6,53.0,370,0,0.0,Load on,0.0,Line Mode,1129600,0,00202507000200,OG-001,offgrid
3378d10578c6b6d872779f8a3fa7784a,2026-03-31 21:37:20,00202507001060,Off Grid,00073.08,00012.29,237.9,49.9,0.0,0.0,0,0,0.0,0,0,0,237.9,49.9,3520,3326,32,230.0,47.8,48.0,230.0,47.8,50.0,11000,11000,48.0,57.6,57.6,Pylon,2.0,10.0,Appliance,Utility Solar Bat,Solar + Utility,6,53.0,373,0,0.0,Load on,0.0,Line Mode,1129600,0,00202507000200,OG-001,offgrid
61fe666dc832d27201b5602a3ffe3ec1,2026-03-31 21:42:19,00202507001060,Off Grid,00073.08,00012.29,236.6,49.9,0.0,0.0,0,0,0.0,0,0,0,236.6,49.9,3476,3394,31,230.0,47.8,48.0,230.0,47.8,50.0,11000,11000,48.0,57.6,57.6,Pylon,2.0,10.0,Appliance,Utility Solar Bat,Solar + Utility,6,53.0,371,0,0.0,Load on,0.0,Line Mode,1129600,0,00202507000200,OG-001,offgrid
5cb024d8790ea6e00688afaec2633b82,2026-03-31 21:47:16,00202507001060,Off Grid,00073.08,00012.29,237.9,49.9,0.0,0.0,0,0,0.0,0,0,0,237.9,49.9,3709,3488,33,230.0,47.8,48.0,230.0,47.8,50.0,11000,11000,48.0,57.6,57.6,Pylon,2.0,10.0,Appliance,Utility Solar Bat,Solar + Utility,6,53.0,372,0,0.0,Load on,0.0,Line Mode,1129600,0,00202507000200,OG-001,offgrid
7d1124f199c10b94466e85d7d92ddf1f,2026-03-31 21:52:10,00202507001060,Off Grid,00073.08,00012.29,241.4,50.0,0.0,0.0,0,0,0.0,0,0,0,241.4,50.0,3139,2884,28,230.0,47.8,48.0,230.0,47.8,50.0,11000,11000,48.0,57.6,57.6,Pylon,2.0,10.0,Appliance,Utility Solar Bat,Solar + Utility,6,53.0,378,0,0.0,Load on,0.0,Line Mode,1129600,0,00202507000200,OG-001,offgrid
747d692b4b3d7b3359f0cc3fbd944198,2026-03-31 21:57:07,00202507001060,Off Grid,00073.08,00012.29,240.4,49.9,0.0,0.0,0,0,0.0,0,0,0,240.4,49.9,3533,3304,32,230.0,47.8,48.0,230.0,47.8,50.0,11000,11000,48.0,57.6,57.6,Pylon,2.0,10.0,Appliance,Utility Solar Bat,Solar + Utility,6,53.0,376,0,0.0,Load on,0.0,Line Mode,1129600,0,00202507000200,OG-001,offgrid
179b8b6a65fc413d4603b6ae2b6f4575,2026-03-31 22:02:04,00202507001060,Off Grid,00073.08,00012.29,238.1,49.9,0.0,0.0,0,0,0.0,0,0,0,238.1,49.9,3809,3641,34,230.0,47.8,48.0,230.0,47.8,50.0,11000,11000,48.0,57.6,57.6,Pylon,2.0,10.0,Appliance,Utility Solar Bat,Solar + Utility,6,53.0,373,0,0.0,Load on,0.0,Line Mode,1129600,0,00202507000200,OG-001,offgrid
6ea7837a29e2d48b1a003a0de03378d4,2026-03-31 22:12:01,00202507001060,Off Grid,00073.08,00012.29,233.9,49.9,0.0,0.0,0,0,0.0,0,0,0,233.9,49.9,4490,4338,40,230.0,47.8,48.0,230.0,47.8,50.0,11000,11000,48.0,57.6,57.6,Pylon,2.0,10.0,Appliance,Utility Solar Bat,Solar + Utility,6,53.0,367,0,0.0,Load on,0.0,Line Mode,1129600,0,00202507000200,OG-001,offgrid
68d74ddc24554b97385f4c8f465355a6,2026-03-31 22:17:00,00202507001060,Off Grid,00073.08,00012.29,235.4,49.8,0.0,0.0,0,0,0.0,0,0,0,235.4,49.8,4072,3944,37,230.0,47.8,48.0,230.0,47.8,50.0,11000,11000,48.0,57.6,57.6,Pylon,2.0,10.0,Appliance,Utility Solar Bat,Solar + Utility,6,53.0,369,0,0.0,Load on,0.0,Line Mode,1129600,0,00202507000200,OG-001,offgrid
44bc8b9c6304a3ac1321432becfd49ca,2026-03-31 22:21:56,00202507001060,Off Grid,00073.08,00012.29,236.4,49.9,0.0,0.0,0,0,0.0,0,0,0,236.4,49.9,4184,4054,38,230.0,47.8,48.0,230.0,47.8,50.0,11000,11000,48.0,57.6,57.6,Pylon,2.0,10.0,Appliance,Utility Solar Bat,Solar + Utility,6,53.0,370,0,0.0,Load on,0.0,Line Mode,1129600,0,00202507000200,OG-001,offgrid
1ebc547635a7ec7c7ace9438d8f848b3,2026-03-31 22:26:55,00202507001060,Off Grid,00073.08,00012.29,235.7,50.0,0.0,0.0,0,0,0.0,0,0,0,235.7,50.0,4527,4382,41,230.0,47.8,48.0,230.0,47.8,50.0,11000,11000,48.0,57.6,57.6,Pylon,2.0,10.0,Appliance,Utility Solar Bat,Solar + Utility,6,53.0,369,0,0.0,Load on,0.0,Line Mode,1129600,0,00202507000200,OG-001,offgrid
38aae2d47e638e552a06d15772053b5f,2026-03-31 22:31:51,00202507001060,Off Grid,00073.08,00012.29,234.9,50.0,0.0,0.0,0,0,0.0,0,0,0,234.9,50.0,4604,4488,41,230.0,47.8,48.0,230.0,47.8,50.0,11000,11000,48.0,57.6,57.6,Pylon,2.0,10.0,Appliance,Utility Solar Bat,Solar + Utility,6,53.0,369,0,0.0,Load on,0.0,Line Mode,1129600,0,00202507000200,OG-001,offgrid
1147b00f6e2ba54e3bc3db1c3820fe76,2026-03-31 22:36:49,00202507001060,Off Grid,00073.08,00012.29,234.3,50.1,0.0,0.0,0,0,0.0,0,0,0,234.3,50.1,4941,4778,44,230.0,47.8,48.0,230.0,47.8,50.0,11000,11000,48.0,57.6,57.6,Pylon,2.0,10.0,Appliance,Utility Solar Bat,Solar + Utility,6,53.0,367,0,0.0,Load on,0.0,Line Mode,1129600,0,00202507000200,OG-001,offgrid
410bf9c518cabd2c31d51bbba807d2d7,2026-03-31 22:41:46,00202507001060,Off Grid,00073.08,00012.29,234.2,50.0,0.0,0.0,0,0,0.0,0,0,0,234.2,50.0,5220,5073,47,230.0,47.8,48.0,230.0,47.8,50.0,11000,11000,48.0,57.6,57.6,Pylon,2.0,10.0,Appliance,Utility Solar Bat,Solar + Utility,6,53.0,367,0,0.0,Load on,0.0,Line Mode,1129600,0,00202507000200,OG-001,offgrid
322634c49120b66a0cb01a59a4a0edeb,2026-03-31 22:46:44,00202507001060,Off Grid,00073.08,00012.29,225.9,49.9,0.0,0.0,0,0,0.0,0,0,0,225.9,49.9,7590,7544,69,230.0,47.8,48.0,230.0,47.8,50.0,11000,11000,48.0,57.6,57.6,Pylon,2.0,10.0,Appliance,Utility Solar Bat,Solar + Utility,6,53.0,355,0,0.0,Load on,0.0,Line Mode,1129600,0,00202507000200,OG-001,offgrid
7f5071afe3d48f3c763d3bcb32516bbd,2026-03-31 22:51:42,00202507001060,Off Grid,00073.08,00012.29,233.5,50.0,0.0,0.0,0,0,0.0,0,0,0,233.5,50.0,4994,4895,45,230.0,47.8,48.0,230.0,47.8,50.0,11000,11000,48.0,57.6,57.6,Pylon,2.0,10.0,Appliance,Utility Solar Bat,Solar + Utility,6,53.0,366,0,0.0,Load on,0.0,Line Mode,1129600,0,00202507000200,OG-001,offgrid
01cd612aa102882d60c34d8e21967afc,2026-03-31 22:56:39,00202507001060,Off Grid,00073.08,00012.29,232.1,50.0,0.0,0.0,0,0,0.0,0,0,0,232.1,50.0,5036,4997,45,230.0,47.8,48.0,230.0,47.8,50.0,11000,11000,48.0,57.6,57.6,Pylon,2.0,10.0,Appliance,Utility Solar Bat,Solar + Utility,6,53.0,364,0,0.0,Load on,0.0,Line Mode,1129600,0,00202507000200,OG-001,offgrid
296cbc4847877b3f6fd4c13fadf17aeb,2026-03-31 23:01:35,00202507001060,Off Grid,00073.08,00012.29,231.7,50.0,0.0,0.0,0,0,0.0,0,0,0,231.7,50.0,4773,4617,43,230.0,47.8,48.0,230.0,47.8,50.0,11000,11000,48.0,57.6,57.6,Pylon,2.0,10.0,Appliance,Utility Solar Bat,Solar + Utility,6,53.0,363,0,0.0,Load on,0.0,Line Mode,1129600,0,00202507000200,OG-001,offgrid
75a3d6ba81a04f6b6016654619293bf0,2026-03-31 23:06:31,00202507001060,Off Grid,00073.08,00012.29,231.7,49.9,0.0,0.0,0,0,0.0,0,0,0,231.7,49.9,4842,4729,44,230.0,47.8,48.0,230.0,47.8,50.0,11000,11000,48.0,57.6,57.6,Pylon,2.0,10.0,Appliance,Utility Solar Bat,Solar + Utility,6,53.0,363,0,0.0,Load on,0.0,Line Mode,1129600,0,00202507000200,OG-001,offgrid
4f9dd418a0abc58406fec779c443058e,2026-03-31 23:11:28,00202507001060,Off Grid,00073.08,00012.29,231.8,49.9,0.0,0.0,0,0,0.0,0,0,0,231.8,49.9,5192,5031,47,230.0,47.8,48.0,230.0,47.8,50.0,11000,11000,48.0,57.6,57.6,Pylon,2.0,10.0,Appliance,Utility Solar Bat,Solar + Utility,6,53.0,364,0,0.0,Load on,0.0,Line Mode,1129600,0,00202507000200,OG-001,offgrid
162a05a3d5071ca050353b3c827624d8,2026-03-31 23:16:25,00202507001060,Off Grid,00073.08,00012.29,232.6,50.0,0.0,0.0,0,0,0.0,0,0,0,232.6,50.0,5024,4876,45,230.0,47.8,48.0,230.0,47.8,50.0,11000,11000,48.0,57.6,57.6,Pylon,2.0,10.0,Appliance,Utility Solar Bat,Solar + Utility,6,53.0,365,0,0.0,Load on,0.0,Line Mode,1129600,0,00202507000200,OG-001,offgrid
6247f89be00f2f931de12a3618b0c5bb,2026-03-31 23:21:25,00202507001060,Off Grid,00073.08,00012.29,232.3,50.0,0.0,0.0,0,0,0.0,0,0,0,232.3,50.0,5087,4943,46,230.0,47.8,48.0,230.0,47.8,50.0,11000,11000,48.0,57.6,57.6,Pylon,2.0,10.0,Appliance,Utility Solar Bat,Solar + Utility,6,53.0,364,0,0.0,Load on,0.0,Line Mode,1129600,0,00202507000200,OG-001,offgrid
6c44fc75d48416e10b28ce410b074e3f,2026-03-31 23:26:23,00202507001060,Off Grid,00073.08,00012.29,233.6,49.9,0.0,0.0,0,0,0.0,0,0,0,233.6,49.9,5115,4985,46,230.0,47.8,48.0,230.0,47.8,50.0,11000,11000,48.0,57.6,57.6,Pylon,2.0,10.0,Appliance,Utility Solar Bat,Solar + Utility,6,53.0,366,0,0.0,Load on,0.0,Line Mode,1129600,0,00202507000200,OG-001,offgrid
05894d82aa33b61b73220b7e7517a198,2026-03-31 23:31:18,00202507001060,Off Grid,00073.08,00012.29,227.4,49.9,0.0,0.0,0,0,0.0,0,0,0,227.4,49.9,6253,6208,56,230.0,47.8,48.0,230.0,47.8,50.0,11000,11000,48.0,57.6,57.6,Pylon,2.0,10.0,Appliance,Utility Solar Bat,Solar + Utility,6,53.0,357,0,0.0,Load on,0.0,Line Mode,1129600,0,00202507000200,OG-001,offgrid
5a2307eea0db2bec22cb01b358c0cb2f,2026-03-31 23:36:16,00202507001060,Off Grid,00073.08,00012.29,229.4,49.9,0.0,0.0,0,0,0.0,0,0,0,229.4,49.9,6308,6227,57,230.0,47.8,48.0,230.0,47.8,50.0,11000,11000,48.0,57.6,57.6,Pylon,2.0,10.0,Appliance,Utility Solar Bat,Solar + Utility,6,53.0,360,0,0.0,Load on,0.0,Line Mode,1129600,0,00202507000200,OG-001,offgrid
3c90bd60862e239574e5ca44eae79dc4,2026-03-31 23:41:15,00202507001060,Off Grid,00073.08,00012.29,229.5,50.0,0.0,0.0,0,0,0.0,0,0,0,229.5,50.0,6537,6460,59,230.0,47.8,48.0,230.0,47.8,50.0,11000,11000,48.0,57.6,57.6,Pylon,2.0,10.0,Appliance,Utility Solar Bat,Solar + Utility,6,53.0,360,0,0.0,Load on,0.0,Line Mode,1129600,0,00202507000200,OG-001,offgrid
230e99cbac0b705b54839935624cad9e,2026-03-31 23:46:11,00202507001060,Off Grid,00073.08,00012.29,230.8,50.1,0.0,0.0,0,0,0.0,0,0,0,230.8,50.1,6162,6076,56,230.0,47.8,48.0,230.0,47.8,50.0,11000,11000,48.0,57.6,57.6,Pylon,2.0,10.0,Appliance,Utility Solar Bat,Solar + Utility,6,53.0,362,0,0.0,Load on,0.0,Line Mode,1129600,0,00202507000200,OG-001,offgrid
5ce686b7034c36505867cd7d1fe7b147,2026-03-31 23:51:08,00202507001060,Off Grid,00073.08,00012.29,233.5,50.0,0.0,0.0,0,0,0.0,0,0,0,233.5,50.0,5113,4956,46,230.0,47.8,48.0,230.0,47.8,50.0,11000,11000,48.0,57.6,57.6,Pylon,2.0,10.0,Appliance,Utility Solar Bat,Solar + Utility,6,53.0,366,0,0.0,Load on,0.0,Line Mode,1129600,0,00202507000200,OG-001,offgrid
38af9f3b6f7313d54106969991eed1bd,2026-03-31 23:56:07,00202507001060,Off Grid,00073.08,00012.29,232.1,50.0,0.0,0.0,0,0,0.0,0,0,0,232.1,50.0,5593,5568,50,230.0,47.8,48.0,230.0,47.8,50.0,11000,11000,48.0,57.6,57.6,Pylon,2.0,10.0,Appliance,Utility Solar Bat,Solar + Utility,6,53.0,364,0,0.0,Load on,0.0,Line Mode,1129600,0,00202507000200,OG-001,offgrid
6a1e8d82c2a88f5b491936c095363c6e,2026-04-01 00:01:05,00202507001060,Off Grid,00073.08,00012.29,232.8,50.0,0.0,0.0,0,0,0.0,0,0,0,232.8,50.0,5703,5615,51,230.0,47.8,48.0,230.0,47.8,50.0,11000,11000,48.0,57.6,57.6,Pylon,2.0,10.0,Appliance,Utility Solar Bat,Solar + Utility,6,53.0,365,0,0.0,Load on,0.0,Line Mode,1129600,0,00202507000200,OG-001,offgrid
0887c995eaa712726fdf798b260c0b0f,2026-04-01 00:06:02,00202507001060,Off Grid,00073.08,00012.29,231.7,50.1,0.0,0.0,0,0,0.0,0,0,0,231.7,50.1,5862,5838,53,230.0,47.8,48.0,230.0,47.8,50.0,11000,11000,48.0,57.6,57.6,Pylon,2.0,10.0,Appliance,Utility Solar Bat,Solar + Utility,6,53.0,364,0,0.0,Load on,0.0,Line Mode,1129600,0,00202507000200,OG-001,offgrid
3dcab434dc8e96bf0fa6eaf1487b3d9b,2026-04-01 00:10:59,00202507001060,Off Grid,00073.08,00012.29,233.4,50.0,0.0,0.0,0,0,0.0,0,0,0,233.4,50.0,5694,5614,51,230.0,47.8,48.0,230.0,47.8,50.0,11000,11000,48.0,57.6,57.6,Pylon,2.0,10.0,Appliance,Utility Solar Bat,Solar + Utility,6,53.0,366,0,0.0,Load on,0.0,Line Mode,1129600,0,00202507000200,OG-001,offgrid
1f55fd4dfa19328d57a7c2b808f3c6ca,2026-04-01 00:15:55,00202507001060,Off Grid,00073.08,00012.29,225.6,50.0,0.0,0.0,0,0,0.0,0,0,0,225.6,50.0,8121,8094,73,230.0,47.8,48.0,230.0,47.8,50.0,11000,11000,48.0,57.6,57.6,Pylon,2.0,10.0,Appliance,Utility Solar Bat,Solar + Utility,6,53.0,354,0,0.0,Load on,0.0,Line Mode,1129600,0,00202507000200,OG-001,offgrid
00846345b263501f1b468986c6c02000,2026-04-01 00:20:50,00202507001060,Off Grid,00073.08,00012.29,230.0,50.0,0.0,0.0,0,0,0.0,0,0,0,230.0,50.0,6440,6425,58,230.0,47.8,48.0,230.0,47.8,50.0,11000,11000,48.0,57.6,57.6,Pylon,2.0,10.0,Appliance,Utility Solar Bat,Solar + Utility,6,53.0,361,0,0.0,Load on,0.0,Line Mode,1129600,0,00202507000200,OG-001,offgrid
6690e20a33aef5ce4d379b8fe2558996,2026-04-01 00:25:45,00202507001060,Off Grid,00073.08,00012.29,232.9,49.8,0.0,0.0,0,0,0.0,0,0,0,232.9,49.8,5612,5526,51,230.0,47.8,48.0,230.0,47.8,50.0,11000,11000,48.0,57.6,57.6,Pylon,2.0,10.0,Appliance,Utility Solar Bat,Solar + Utility,6,53.0,365,0,0.0,Load on,0.0,Line Mode,1129600,0,00202507000200,OG-001,offgrid
3162ae5cb4699caa548648b92ec4f618,2026-04-01 00:30:43,00202507001060,Off Grid,00073.08,00012.29,234.1,49.9,0.0,0.0,0,0,0.0,0,0,0,234.1,49.9,5641,5543,51,230.0,47.8,48.0,230.0,47.8,50.0,11000,11000,48.0,57.6,57.6,Pylon,2.0,10.0,Appliance,Utility Solar Bat,Solar + Utility,6,53.0,367,0,0.0,Load on,0.0,Line Mode,1129600,0,00202507000200,OG-001,offgrid
4392e797e05b44bb2b36ed8332b0c819,2026-04-01 00:35:41,00202507001060,Off Grid,00073.08,00012.29,234.3,50.0,0.0,0.0,0,0,0.0,0,0,0,234.3,50.0,5620,5518,51,230.0,47.8,48.0,230.0,47.8,50.0,11000,11000,48.0,57.6,57.6,Pylon,2.0,10.0,Appliance,Utility Solar Bat,Solar + Utility,6,53.0,367,0,0.0,Load on,0.0,Line Mode,1129600,0,00202507000200,OG-001,offgrid
61837846b58181df324bdc74ed04c041,2026-04-01 00:40:41,00202507001060,Off Grid,00073.08,00012.29,232.7,50.0,0.0,0.0,0,0,0.0,0,0,0,232.7,50.0,6096,6031,55,230.0,47.8,48.0,230.0,47.8,50.0,11000,11000,48.0,57.6,57.6,Pylon,2.0,10.0,Appliance,Utility Solar Bat,Solar + Utility,6,53.0,365,0,0.0,Load on,0.0,Line Mode,1129600,0,00202507000200,OG-001,offgrid
2b849061006fc2990659bf8b486b3df9,2026-04-01 00:45:39,00202507001060,Off Grid,00073.08,00012.29,235.5,49.9,0.0,0.0,0,0,0.0,0,0,0,235.5,49.9,5703,5614,51,230.0,47.8,48.0,230.0,47.8,50.0,11000,11000,48.0,57.6,57.6,Pylon,2.0,10.0,Appliance,Utility Solar Bat,Solar + Utility,6,53.0,369,0,0.0,Load on,0.0,Line Mode,1129600,0,00202507000200,OG-001,offgrid
2e1c12529d8dd51e0e4a233b829a88fb,2026-04-01 00:50:35,00202507001060,Off Grid,00073.08,00012.29,235.1,50.0,0.0,0.0,0,0,0.0,0,0,0,235.1,50.0,5948,5830,54,230.0,47.8,48.0,230.0,47.8,50.0,11000,11000,48.0,57.6,57.6,Pylon,2.0,10.0,Appliance,Utility Solar Bat,Solar + Utility,6,53.0,369,0,0.0,Load on,0.0,Line Mode,1129600,0,00202507000200,OG-001,offgrid
655478ce93bce11c6b73a7c39535e754,2026-04-01 01:20:17,00202507001060,Off Grid,00073.08,00012.29,231.5,49.9,0.0,0.0,0,0,0.0,0,0,0,231.5,49.9,5722,5640,52,230.0,47.8,48.0,230.0,47.8,50.0,11000,11000,48.0,57.6,57.6,Pylon,2.0,10.0,Appliance,Utility Solar Bat,Solar + Utility,6,53.0,364,0,0.0,Load on,0.0,Line Mode,1129600,0,00202507000200,OG-001,offgrid
3cfeea137f81652c7a932b78662887b8,2026-04-01 02:44:37,00202507001060,Off Grid,00073.08,00012.29,246.1,50.0,0.0,0.0,0,0,0.0,0,0,0,246.1,50.0,1575,1490,14,230.0,47.8,48.0,230.0,47.8,50.0,11000,11000,48.0,57.6,57.6,Pylon,2.0,10.0,Appliance,Utility Solar Bat,Solar + Utility,6,53.0,385,0,0.0,Load on,0.0,Line Mode,1129600,0,00202507000200,OG-001,offgrid
4d83c668565411825a385ebdfb4f40d7,2026-04-01 03:19:20,00202507001060,Off Grid,00073.08,00012.29,248.7,49.9,0.0,0.0,0,0,0.0,0,0,0,248.7,49.9,795,595,7,230.0,47.8,48.0,230.0,47.8,50.0,11000,11000,48.0,57.6,57.6,Pylon,2.0,10.0,Appliance,Utility Solar Bat,Solar + Utility,6,53.0,389,0,0.0,Load on,0.0,Line Mode,1129600,0,00202507000200,OG-001,offgrid
6eb0b6852376ba3e32bdf075a878bfa8,2026-04-01 04:03:53,00202507001060,Off Grid,00073.08,00012.29,248.3,49.9,0.0,0.0,0,0,0.0,0,0,0,248.3,49.9,893,656,8,230.0,47.8,48.0,230.0,47.8,50.0,11000,11000,48.0,57.6,57.6,Pylon,2.0,10.0,Appliance,Utility Solar Bat,Solar + Utility,6,53.0,388,0,0.0,Load on,0.0,Line Mode,1129600,0,00202507000200,OG-001,offgrid
4ed9d7dfa8113a55239ffb0c37d251f6,2026-04-01 04:33:30,00202507001060,Off Grid,00073.08,00012.29,233.4,50.0,0.0,0.0,0,0,0.0,0,0,0,233.4,50.0,5533,5485,50,230.0,47.8,48.0,230.0,47.8,50.0,11000,11000,48.0,57.6,57.6,Pylon,2.0,10.0,Appliance,Utility Solar Bat,Solar + Utility,6,53.0,366,0,0.0,Load on,0.0,Line Mode,1129600,0,00202507000200,OG-001,offgrid
7f9c217407104e9d56cd03d42231a82e,2026-04-01 05:03:11,00202507001060,Off Grid,00073.08,00012.29,232.7,49.9,0.0,0.0,0,0,0.0,0,0,0,232.7,49.9,5589,5422,50,230.0,47.8,48.0,230.0,47.8,50.0,11000,11000,48.0,57.6,57.6,Pylon,2.0,10.0,Appliance,Utility Solar Bat,Solar + Utility,6,53.0,365,0,0.0,Load on,0.0,Line Mode,1129600,0,00202507000200,OG-001,offgrid
1e776bcbeb0b51b86f20c8177e233eda,2026-04-01 05:37:42,00202507001060,Off Grid,00073.08,00012.29,234.1,50.0,0.0,0.0,0,0,0.0,0,0,0,234.1,50.0,5639,5552,51,230.0,47.8,48.0,230.0,47.8,50.0,11000,11000,48.0,57.6,57.6,Pylon,2.0,10.0,Appliance,Utility Solar Bat,Solar + Utility,6,53.0,367,0,0.0,Load on,0.0,Line Mode,1129600,0,00202507000200,OG-001,offgrid
19e4fb61274dbf0e2dd274ca8b6c2bc2,2026-04-01 06:37:54,00202507001060,Off Grid,00073.08,00012.29,218.4,49.9,90.0,86.0,13,18,0.0,0,0,0,218.4,49.9,9172,9147,83,230.0,47.8,48.0,230.0,47.8,50.0,11000,11000,48.0,57.6,57.6,Pylon,2.0,10.0,Appliance,Utility Solar Bat,Solar + Utility,6,53.0,350,0,0.0,Load on,0.2,Line Mode,1129600,0,00202507000200,OG-001,offgrid
0d417c9f7110c79b281df3c530b69207,2026-04-01 07:07:30,00202507001060,Off Grid,00073.08,00012.29,225.7,49.9,101.2,101.8,50,64,0.0,0,0,0,225.7,49.9,6613,6591,60,230.0,47.8,48.0,230.0,47.8,50.0,11000,11000,48.0,57.6,57.6,Pylon,2.0,10.0,Appliance,Utility Solar Bat,Solar + Utility,6,53.0,354,0,0.0,Load on,0.6,Line Mode,1129600,0,00202507000200,OG-001,offgrid
4fece9c3a71f67f620951a99061a2e11,2026-04-01 07:53:35,00202507001060,Off Grid,00073.08,00012.29,222.4,49.9,344.3,338.0,668,591,0.0,0,0,0,222.4,49.9,8126,8126,73,230.0,47.8,48.0,230.0,47.8,50.0,11000,11000,48.0,57.6,57.6,Pylon,2.0,10.0,Appliance,Utility Solar Bat,Solar + Utility,6,53.0,354,1,0.0,Load on,1.7,Line Mode,1129700,0,00202507000200,OG-001,offgrid
6b07161b24f0292d378f31c24f94ea34,2026-04-01 08:23:30,00202507001060,Off Grid,00073.08,00012.29,246.1,50.0,410.1,399.4,1036,731,0.0,0,0,0,246.1,50.0,2018,2011,18,230.0,47.8,48.0,230.0,47.8,50.0,11000,11000,48.0,57.6,57.6,Pylon,2.0,10.0,Appliance,Utility Solar Bat,Solar + Utility,6,53.0,440,2,0.0,Load on,1.8,Line Mode,1130600,0,00202507000200,OG-001,offgrid
70516742274e10162320c1d32da7b994,2026-04-01 09:08:32,00202507001060,Off Grid,00073.08,00012.29,246.7,49.9,446.9,450.3,207,287,0.0,0,0,0,246.7,49.9,814,634,7,230.0,47.8,48.0,230.0,47.8,50.0,11000,11000,48.0,57.6,57.6,Pylon,2.0,10.0,Appliance,Utility Solar Bat,Solar + Utility,6,53.0,470,0,0.0,Load on,0.6,Line Mode,1130600,0,00202507000200,OG-001,offgrid
5eeffab3eec38cbb517db72e0ec7577f,2026-04-01 09:43:26,00202507001060,Off Grid,00073.08,00012.29,246.6,49.9,452.3,455.3,316,316,0.0,0,0,0,246.6,49.9,912,742,8,230.0,47.8,48.0,230.0,47.8,50.0,11000,11000,48.0,57.6,57.6,Pylon,2.0,10.0,Appliance,Utility Solar Bat,Solar + Utility,6,53.0,470,0,0.0,Load on,0.6,Line Mode,1132000,0,00202507000200,OG-001,offgrid
2f22a7fbf1cc869607455cdc36028016,2026-04-01 10:28:25,00202507001060,Off Grid,00073.08,00012.29,245.0,50.1,439.7,444.4,944,845,0.0,0,0,0,245.0,50.1,1984,1976,18,230.0,47.8,48.0,230.0,47.8,50.0,11000,11000,48.0,57.6,57.6,Pylon,2.0,10.0,Appliance,Utility Solar Bat,Solar + Utility,6,53.0,470,2,0.0,Load on,1.9,Line Mode,1133100,0,00202507000200,OG-001,offgrid
189a6f14cb5288790ccbdca921a294a1,2026-04-01 10:48:26,00202507001060,Off Grid,00073.08,00012.29,246.7,50.0,436.5,439.7,1367,1368,0.0,0,0,0,246.7,50.0,2968,2968,26,230.0,47.8,48.0,230.0,47.8,50.0,11000,11000,48.0,57.6,57.6,Pylon,2.0,10.0,Appliance,Utility Solar Bat,Solar + Utility,6,53.0,470,3,0.0,Load on,3.1,Line Mode,1133100,0,00202507000200,OG-001,offgrid
502d7cb1da88b8e23d19c7d791c26be6,2026-04-01 11:08:27,00202507001060,Off Grid,00073.08,00012.29,247.4,50.0,425.1,428.1,1306,1327,0.0,0,0,0,247.4,50.0,2919,2909,26,230.0,47.8,48.0,230.0,47.8,50.0,11000,11000,48.0,57.6,57.6,Pylon,2.0,10.0,Appliance,Utility Solar Bat,Solar + Utility,6,53.0,458,3,0.0,Load on,3.0,Line Mode,1133100,0,00202507000200,OG-001,offgrid
78cc4c02078f4d80538affce9bd4ad2c,2026-04-01 11:18:25,00202507001060,Off Grid,00073.08,00012.29,244.3,49.9,434.5,437.0,893,983,0.0,0,0,0,244.3,49.9,2076,2071,18,230.0,47.8,48.0,230.0,47.8,50.0,11000,11000,48.0,57.6,57.6,Pylon,2.0,10.0,Appliance,Utility Solar Bat,Solar + Utility,6,53.0,466,2,0.0,Load on,2.2,Line Mode,1135500,0,00202507000200,OG-001,offgrid
